Jersey #,First Name,Last Name,Minutes Played,TEAM,Roster Designation,Contract End,Option Years,Age,Position,Nationality,Domestic or International,,,,,,,,,,,
1,Brad ,Guzan,"1,620",Atlanta United,Senior,12/31/2025,None,9/9/1984,Goalkeeper,USA,Domestic ,,,,,,,,,,,
2,Ronald,Hernandez,425,Atlanta United,Senior,12/31/2025,2026,9/21/1997,Defender,Venezuela,Domestic,,,,,,,,,,,
3,Derrick,Williams,1126,Atlanta United,Senior,12/31/2025,2026,1/17/1993,Defender,Germany & USA,Domestic,,,,,,,,,,,
44,Luis,Abram,1128,Atlanta United,Senior TAM,12/31/2025,2026,2/27/1996,Defender,Peru,International,,,,,,,,,,,
5,Stian,Gregersen,615,Atlanta United,Senior TAM,12/31/2027,2028,5/17/1995,Defender,Norway,Domestic,,,,,,,,,,,
99,Bartosz ,Slisz,1123,Atlanta United,Senior TAM,12/31/2028,None,3/29/1999,Midfielder ,Poland,Domestic,,,,,,,,,,,
6,Tristan,Muyumba,539,Atlanta United,Senior TAM,12/31/2026,2027,3/7/1997,Midfielder ,France,International,,,,,,,,,,,
9,Saba,Lobzhanidze,1195,Atlanta United,Senior TAM,12/31/2026,None,12/18/1994,Winger,Georgia,International,,,,,,,,,,,
11,Brooks,Lennon,934,Atlanta United,Senior TAM,12/31/2025,2026,9/22/1997,Defender,USA,Domestic,,,,,,,,,,,
18,Pedro,Amador,905,Atlanta United,Senior,12/31/2026,2027,12/18/1998,Defender,Portugal,International,,,,,,,,,,,
70,Edwin,Mosquera,147,Atlanta United,U22 Initiative ,12/31/2025,2026,6/27/2001,Winger,Colombia,Domestic,,,,,,,,,,,
50,Dominik,Chong Qui,60,Atlanta United,Homegrown,12/31/2028,2029,12/29/2007,Defender,USA,Domestic,,,,,,,,,,,
21,Efrain,Morales,0,Atlanta United,Homegrown,12/31/2025,2026,3/4/2004,Defender,USA,Domestic,,,,,,,,,,,
22,Josh,Cohen,0,Atlanta United,Senior ,12/31/2025,2026,8/18/1992,Goalkeeper,USA,Domestic,,,,,,,,,,,
24,Noah,Cobb,422,Atlanta United,Homegrown,12/31/2026,2027,7/20/2005,Defender,USA,Domestic,,,,,,,,,,,
20,Luke,Brennan,15,Atlanta United,Homegrown,12/31/2027,2028,2/24/2005,Winger,USA,Domestic,,,,,,,,,,,
14,Jamal,Thiare,383,Atlanta United,Senior TAM,12/31/2025,2026,3/31/1993,Forward,Senegal,Domestic,,,,,,,,,,,
35,Ajani,Fortune,780,Atlanta United,Homegrown,12/31/2025,2026,12/30/2002,Midfielder ,USA,Domestic,,,,,,,,,,,
47,Matt,Edwards,1043,Atlanta United,Homegrown,12/31/2025,2026 and 2027,2/16/2003,Defender,USA,Domestic,,,,,,,,,,,
59,Alexey,Miranchuk,1530,Atlanta United,Designated Player,12/31/2027,2028,10/17/1995,Midfielder ,Russia,International,,,,,,,,,,,
27,Ashton,Gordon,0,Atlanta United,Homegrown,4/14/2007,2027 and 2028,4/17/2007,Forward,USA,Domestic,,,,,,,,,,,
28,Will,Reilly,182,Atlanta United,Homegrown,12/31/2025,2026 and 2027 and 2028,12/3/2002,Midfielder ,USA ,Domestic,,,,,,,,,,,
42,Jayden,Hibbert,0,Atlanta United,Supplemental ,12/31/2025,2026 and 2027 and 2028,8/5/2004,Goalkeeper,USA & Jamaica,Domestic,,,,,,,,,,,
43,Mateusz,Klich,675,Atlanta United,Senior,12/31/2025,None,6/13/1990,Midfielder ,Poland,International,,,,,,,,,,,
30,Cayman,Togashi,63,Atlanta United,Senior,12/31/2025,2026,8/10/1993,Forward,Japan & USA,Domestic,,,,,,,,,,,
10,Miguel,Almiron,1392,Atlanta United,Designated Player,12/31/2027,2028,2/10/1994,Midfielder ,Paraguay,International,,,,,,,,,,,
19,Emmanuel,Latte Lath,1291,Atlanta United,Designated Player,12/31/2028,2029,1/2/1999,Forward,Ivory Coast,International,,,,,,,,,,,
9,Brandon,Vasquez,1519,Austin FC,Designated Player,12/31/2027,2028,10/14/1998,Forward,USA,Domestic,,,,,,,,,,,
7,Jader,Obrian,468,Austin FC,Senior,12/31/2026,2027,5/18/1995,Forward,Colombia,International,,,,,,,,,,,
16,Robert,Taylor,92,Austin FC,Senior,12/31/2026,2027,10/21/1994,Midfielder,Finland,Domestic,,,,,,,,,,,
16,Brendan,Hines-Ike,1439,Austin FC,Senior,12/31/2025,2026,11/30/1994,Defender,USA,Domestic,,,,,,,,,,,
11,Osman,Bukari,1322,Austin FC,Designated Player,12/31/2028,2029,12/31/1998,Forward,Ghana,International,,,,,,,,,,,
26,Jimmy,Farkarlun,0,Austin FC,Supplemental,12/31/2025,2026,7/14/2001,Forward,Liberia,Domestic,,,,,,,,,,,
33,Owen,Wolff,1516,Austin FC,Homegrown,12/31/2027,2028,12/30/2004,Midfielder ,USA,Domestic,,,,,,,,,,,
3,Mikkel  ,Desler,394,Austin FC,Senior,12/31/2027,2028,2/19/1995,Defender,Denmark,Domestic,,,,,,,,,,,
29,Guilherme,Biro,1611,Austin FC,Senior,12/31/2027,2028,5/1/2000,Defender,Brazil,International,,,,,,,,,,,
2,Riley,Thomas,0,Austin FC,Supplemental,12/31/2025,2026 and 2027,3/15/2002,Defender,USA,Domestic,,,,,,,,,,,
21,Diego   ,Rubio,185,Austin FC,Senior,12/31/2025,2026,5/15/1993,Forward,Chile,Domestic,,,,,,,,,,,
30,Stefan  ,Cleveland,0,Austin FC,Senior,12/31/2025,2026,5/25/1994,Goalkeeper,USA,Domestic,,,,,,,,,,,
18,Julio,Cascante,492,Austin FC,Senior TAM,12/31/2025,2026,10/3/1993,Defender,Costa Rica,Domestic,,,,,,,,,,,
19,CJ,Fodrey,89,Austin FC,Generation Adidas,12/31/2027,2028 and 2029,2/10/2004,Forward,USA,Domestic,,,,,,,,,,,
1,Brad,Stuver,1710,Austin FC,Senior,12/31/2025,2026,4/16/1991,Goalkeeper,USA,Domestic,,,,,,,,,,,
8,Daniel,Pereira,1052,Austin FC,Supplemental,12/31/2025,2026,7/14/2000,Midfielder,Venezuela,Domestic,,,,,,,,,,,
17,Jon,Gallagher,1369,Austin FC,Senior,12/31/2026,2027,2/23/1996,Defender,Ireland,Domestic,,,,,,,,,,,
32,Micah,Burton,0,Austin FC,Homegrown,12/31/2027,2028,3/26/2006,Midfielder,USA,Domestic,,,,,,,,,,,
23,Zan,Kolmanic,382,Austin FC,Senior,12/31/2026,2027,3/3/2000,Defender,Slovenia,Domestic,,,,,,,,,,,
14,Besard,Sabovic,1226,Austin FC,Senior,12/31/2027,2028,1/5/1998,Midfielder,Sweden,International,,,,,,,,,,,
5,Oleksandr,Svatok,1412,Austin FC,Senior,12/31/2027,2028,9/27/1994,Defender,Ukraine,International,,,,,,,,,,,
6,Ilie ,Sanchez,983,Austin FC,Senior,12/31/2025,2026,11/21/1990,Midfielder,Spain,Domestic,,,,,,,,,,,
10,Myrto,Uzuni,1229,Austin FC,Designated Player,12/31/2027,2028,5/31/1995,Forward/Winger,Albania,International,,,,,,,,,,,
20,Nicolás,Dubersarsky,230,Austin FC,U22 Initiative,12/31/2029,2030,12/21/2004,Midfielder,Argentina,International,,,,,,,,,,,
35,Owen,Graham-Roache,53,CF Montreal,Off-Roster Homegrown,12/31/2026,"2027,2028 and 2029",2/11/2008,Forward,Canada,Domestic,,,,,,,,,,,
27,Dawid,Bugaj,735,CF Montreal,Senior,12/31/2026,2027 and 2028,7/9/2004,Defender,Poland ,International,,,,,,,,,,,
3,Tom,Pearce,579,CF Montreal,Senior,12/31/2026,2027,4/12/1998,Defender,England,International,,,,,,,,,,,
8,Dominik,Iankov,29,CF Montreal,Senior TAM,12/31/2026,2027 and 2028,7/28/2000,Midfielder,Canada,Domestic,,,,,,,,,,,
1,Sebastian,Breza,180,CF Montreal,Supplemental,12/31/2025,None,3/15/1998,Goalkeeper,Canada,Domestic,,,,,,,,,,,
19,Nathan,Saliba,1265,CF Montreal,Homegrown,12/31/2025,None,2/7/2004,Midfielder,Canada,Domestic,,,,,,,,,,,
14,Sunusi,Ibrahim,50,CF Montreal,Senior,12/31/2026,2027,10/1/2002,Forward,Nigeria,International,,,,,,,,,,,
23,Caden,Clark,1048,CF Montreal,Senior,12/31/2025,2026 and 2027,5/27/2003,Midfielder,USA,Domestic,,,,,,,,,,,
40,Jonathan,Sirois,1440,CF Montreal,Senior,12/31/2026,2027,6/27/2001,Goalkeeper,Canada,Domestic,,,,,,,,,,,
4,Fernando,Alvarez,476,CF Montreal,Senior,12/31/2025,2026 and 2027,8/24/2003,Defender,USA,Domestic,,,,,,,,,,,
7,Kwadwo,Opoku,140,CF Montreal,Senior TAM,12/31/2026,2027,7/13/2001,Forward,Ghana,International,,,,,,,,,,,
16,Joel,Waterman,1078,CF Montreal,Senior,12/31/2027,2028,1/24/1996,Defender,Canada,Domestic,,,,,,,,,,,
10,Bryce,Duke,423,CF Montreal,Senior,12/31/2025,2026,2/28/2001,Midfielder,USA,Domestic,,,,,,,,,,,
6,Samuel,Piette,1051,CF Montreal,Senior,12/31/2027,2028,11/12/1994,Midfielder,Canada,Domestic,,,,,,,,,,,
28,Jules-Anthony,Vilsaint,152,CF Montreal,Supplemental,12/31/2025,2026,1/6/2003,Forward,Canada,Domestic,,,,,,,,,,,
24,George,Campbell,1123,CF Montreal,U22 Initiative,12/31/2025,2026,6/22/2001,Defender,USA,Domestic,,,,,,,,,,,
9,Prince,Owusu,1431,CF Montreal,Senior TAM,12/31/2026,2027,1/7/1997,Forward,Germany,International,,,,,,,,,,,
17,Giacomo,Vrioni,368,CF Montreal,Designated Player,12/31/2025,2026,10/15/1998,Forward,Italy,Domestic,,,,,,,,,,,
2,Jalen,Neal,517,CF Montreal,U22 Initiative,12/31/2027,2028,8/24/2003,Defender,USA,Domestic,,,,,,,,,,,
25,Dante,Sealy,1240,CF Montreal,Supplemental,12/31/2026,2027,4/17/2003,Winger,USA,Domestic,,,,,,,,,,,
,Olger,Escobar,0,CF Montreal,Off Roster Homegrown,12/31/2026,2027 and 2028 and 2029,9/11/2006,Midfielder,USA and Nicaragua,Domestic,,,,,,,,,,,
13,Luca,Petrasso,1490,CF Montreal,Supplemental,12/31/2025,2026 and 2027,6/16/2000,Defender,Canada,Domestic,,,,,,,,,,,
5,Brendan,Craig,219,CF Montreal,Supplemental,12/31/2027,"2028,2029 and 2030",4/7/2004,Defender,USA,Domestic,,,,,,,,,,,
21,Fabian,Herbers,434,CF Montreal,Senior,12/31/2026,None,8/17/1993,Midfielder,Germany,International,,,,,,,,,,,
22,Victor,Loturi,1063,CF Montreal,Supplemental,12/31/2026,2027 and 2028,5/21/2001,Midfielder,Canada,Domestic,,,,,,,,,,,
18,Hennadii ,Synchuk,115,CF Montreal,U22 Initiative,12/31/2028,2029,7/10/2006,Midfielder,Ukraine,International,,,,,,,,,,,
39,Aleksandr,Guboglo,638,CF Montreal,Homegrown,12/31/2026,2027 and 2028 and 2029,3/20/2007,Defender,Canada,Domestic,,,,,,,,,,,
33,Emil,Gazdov,0,CF Montreal,Supplemental,12/31/2026,2027 and 2028,9/11/2003,Goalkeeper,Canada,Domestic,,,,,,,,,,,
11,Liel ,Abada,1029,Charlotte FC,Designated Player,12/31/2026,2027,10/3/2001,Forward,Israel,International,,,,,,,,,,,
33,Patrick,Agyemang,1236,Charlotte FC,Senior,12/31/2025,2026,11/7/2000,Forward,USA,Domestic,,,,,,,,,,,
27,Nimfasha,Berchimas,0,Charlotte FC,Homegrown,12/31/2026,2027,2/22/2008,Forward,USA,Domestic,,,,,,,,,,,
16,Pep,Biel,1357,Charlotte FC,Senior TAM,August 2025 (LOAN),Option to BUY,9/5/1996,Midfielder,Spain,International,,,,,,,,,,,
22,Dave,Bingham,180,Charlotte FC,Supplemental,12/31/2025,None,10/19/1989,Goalkeeper,USA,Domestic,,,,,,,,,,,
21,Souleyman,Doumbia,479,Charlotte FC,Senior,12/31/2025(LOAN),Option to BUY,9/24/1996,Defender,Ivory Coast,International,,,,,,,,,,,
13,Brandt,Bronico,1242,Charlotte FC,Senior,12/31/2025,2026,6/20/1995,Midfielder,USA,Domestic,,,,,,,,,,,
11,Jahkeele,Marshall-Rutty,570,Charlotte FC,Senior,12/31/2025 (LOAN),None,6/16/2004,Defender,Canada,Domestic,,,,,,,,,,,
36,Brandon,Cambridge,0,Charlotte FC,Homegrown,12/31/2025,2026,2/9/2002,Midfielder,USA,Domestic,,,,,,,,,,,
41,Brian,Carmona Romero,,Charlotte FC,Off-Roster Homegrown,12/31/2026,2027,5/11/2006,Forward,USA,Domestic,,,,,,,,,,,
28,Djibril,Diani ,296,Charlotte FC,Senior,12/31/2025,2026,2/11/1998,Midfielder,France,International,,,,,,,,,,,
40,Jahlane ,Forbes,0,Charlotte FC,Supplemental,12/31/2025,2026 and 2027,2/5/2002,Defender,USA,Domestic,,,,,,,,,,,
1,Kristijan,Kahlina,1440,Charlotte FC,Senior TAM,12/31/2026,2027,7/24/1992,Goalkeeper,Croatia,Domestic,,,,,,,,,,,
29,Adilson ,Malanda,1620,Charlotte FC,Senior TAM,12/31/2026,2027,10/29/2001,Defender,France,Domestic,,,,,,,,,,,
31,George ,Marks,0,Charlotte FC,Supplemental,12/31/2025,None,11/10/1999,Goalkeeper,USA,Domestic,,,,,,,,,,,
39,Jack,Neeley,2,Charlotte FC,Off-Roster Homegrown,12/31/2026,2027,3/11/2005,Defender,USA,Domestic,,,,,,,,,,,
23,Nikola,Petkovic,0,Charlotte FC,U22 Initiative,12/31/2026,2027,2/23/2003,Midfielder,Serbia,International,,,,,,,,,,,
34,Andrew,Privett ,1348,Charlotte FC,Senior,12/31/2028,2029,8/2/2000,Midfielder,USA,Domestic,,,,,,,,,,,
3,Tim,Ream,1134,Charlotte FC,Senior TAM,12/31/2026,2027,10/5/1987,Defender,USA,Domestic,,,,,,,,,,,
35,Nicholas ,Scardina ,560,Charlotte FC,Supplemental,12/31/2025,2026,6/22/2001,Midfielder,USA,Domestic,,,,,,,,,,,
25,Tyger,Smalls,74,Charlotte FC,Supplemental,12/31/2025,2026 and 2027,9/18/2001,Forward,England,Domestic,,,,,,,,,,,
38,Luri ,Tavares,21,Charlotte FC,Senior,12/31/2026,2027,3/8/2001,Forward,Portugal,International,,,,,,,,,,,
20,Mikah ,Thomas,0,Charlotte FC,Supplemental,12/31/2026,2027 and 2028,2/21/2005,Defender,USA,Domestic,,,,,,,,,,,
17,Idan ,Toklomati,401,Charlotte FC,U22 Initiative,12/31/2027,2028,8/9/2004,Forward,Israel,International,,,,,,,,,,,
6,Bill ,Tuiloma,0,Charlotte FC,Senior,12/31/2025,2026,3/27/1995,Defender,New Zealand,Domestic,,,,,,,,,,,
18,Kerwin,Vargas,669,Charlotte FC,U22 Initiative,12/31/2027,2028,1/2/2002,Forward,Colombia,Domestic,,,,,,,,,,,
14,Nathan,Byrne,720,Charlotte FC,Senior,12/31/2026,2027,6/5/1992,Defender,England,Domestic,,,,,,,,,,,
8,Ashley,Westwood,1620,Charlotte FC,Senior TAM,12/31/2026,2027,4/1/1990,Midfielder,England,Domestic,,,,,,,,,,,
19,Eryk ,Williamson,367,Charlotte FC,Senior TAM,12/31/2025,None,6/11/1997,Midfielder,USA,Domestic,,,,,,,,,,,
10,Wilfred,Zaha,1439,Charlotte FC,Designated Player,1/17/2026 (LOAN),June 2026,11/10/1992,Forward,Endland,International,,,,,,,,,,,
34,Omar,Gonzalez,252,Chicago Fire,Senior,12/31/2025,2026,10/11/1988,Defender,USA,Domestic,,,,,,,,,,,
26,Omari,Glasgow,498,Chicago Fire,Supplemental,12/31/2026,2027 and 2028,11/22/2003,Forward,Guyana,International,,,,,,,,,,,
31,Bryan,Dowd,0,Chicago Fire,Supplemental,12/31/2025,2026 and 2027,3/8/2002,Domestic,USA,Domesitc,,,,,,,,,,,
47,Sam,Williams,313,Chicago Fire,Homegrown,12/31/2025,2026 and 2027 and 2028,3/18/2005,Midfielder,USA,Domestic,,,,,,,,,,,
38,Christopher,Cupps,194,Chicago Fire,Homegrown,12/31/2028,2029 and 2030,5/26/2008,Defender,USA,Domestic,,,,,,,,,,,
6,Romingue,Kouame,256,Chicago Fire,Senior TAM,12/31/2025 (LOAN),Option to BUY,12/17/1996,Midfielder,Ivory Coast,International,,,,,,,,,,,
12,Tom,Barlow,288,Chicago Fire,Senior,12/31/2025,2026,7/8/1995,Forward,USA,Domestic,,,,,,,,,,,
2,Leonardo,Barroso,380,Chicago Fire,U22 Initiative,12/31/2028,2029,6/12/2005,Defender,Portugal,International,,,,,,,,,,,
28,Dean,Boltz,0,Chicago Fire,Genration Adidas,12/31/2027,2028 and 2029,6/7/2006,Forward,USA,Domestic,,,,,,,,,,,
27,Dylan,Borso,0,Chicago Fire,Homegrown,12/31/2027,2028 and 2029,6/2/2006,Midfielder,USA,Domestic,,,,,,,,,,,
1,Chris,Brady,1206,Chicago Fire,Senior,12/31/2026,2027,3/3/2004,Goalkeeper,USA,Domestic,,,,,,,,,,,
9,Hugo,Cuypers,1330,Chicago Fire,Designated Player,12/31/2026,2027,2/7/1997,Forward,Belgium,International,,,,,,,,,,,
3,Jack,Elliot,1409,Chicago Fire,Senior TAM,12/31/2025,2026,8/25/1995,Defender,England,Domestic,,,,,,,,,,,
25,Jeff,Gal,320,Chicago Fire,Supplemental,12/31/2025,None,4/6/1993,Goalkeeper,USA,Domestic,,,,,,,,,,,
77,Chase,Casper,0,Chicago Fire,Senior,12/31/2025,None,1/25/1996,Defender,USA,Domestic,,,,,,,,,,,
8,Chris ,Mueller,0,Chicago Fire,Senior TAM,12/31/2025,2026,8/29/1996,Forward,USA,Domestic,,,,,,,,,,,
42,Dje,D'Avilla,138,Chicago Fire,U22 Initiative,12/31/2028,2029,5/5/2003,Midfielder,Ivory Coast,International,,,,,,,,,,,
17,Brian,Gutierrez,901,Chicago Fire,U22 Initiative,12/31/2028,None,6/17/2003,Midfielder,USA,Domestic,,,,,,,,,,,
15,Andrew,Gutman,1406,Chicago Fire,Senior,12/31/2026,2027,10/2/1996,Defender,USA,Domestic,,,,,,,,,,,
7,Maren,Haile-Selassie,345,Chicago Fire,Senior,12/31/2026,None,3/13/1999,Midfielder,Switzerland,International,,,,,,,,,,,
35,Sergio,Oregel,1246,Chicago Fire,Homegrown,12/31/2025,2026,5/16/2005,Midfielder,USA,Domestic,,,,,,,,,,,
22,Mauricio,Pineda,995,Chicago Fire,Senior,12/31/2026,2027,10/17/1997,Defender,USA,Domestic,,,,,,,,,,,
48,David,Poreba,0,Chicago Fire,Supplemental,12/31/2025,2026 and 2027 and 2028,12/1/2002,Midfielder,USA,Domestic,,,,,,,,,,,
36,Justin,Reynolds,107,Chicago Fire,Homegrown,12/31/2026,2027,8/4/2004,Defender,USA,Domestic,,,,,,,,,,,
5,Sam,Rogers,933,Chicago Fire,Senior,12/31/2026,2027 and 2028,5/17/1999,Defender,USA,Domestic,,,,,,,,,,,
4,Carlos,Teran,294,Chicago Fire,Senior,12/31/2026,2027,9/24/2000,Defender,Colombia,Domestic,,,,,,,,,,,
37,Robert,Turdean,0,Chicago Fire,Off-Roster Homegrown,12/31/2028,2029 and 2030,1/14/2010,Midfielder,USA,Domestic,,,,,,,,,,,
11,Philip,Zinckernagel,1158,Chicago Fire,Senior TAM,12/31/2028,None,12/16/1994,Midfielder,Denmark,International,,,,,,,,,,,
24,Jonathan,Dean,836,Chicago Fire,Supplemental,12/31/2025,None,5/15/1997,Midfielder,USA,Domestic,,,,,,,,,,,
23,Kellyn,Acosta,536,Chicago Fire,Senior TAM,12/31/2026,2027,7/24/1995,Midfielder,USA,Domestic,,,,,,,,,,,
19,Jonathan,Bamba,1296,Chicago Fire,Designated Player,12/31/2027,2028,3/26/1996,Midfielder,France,International,,,,,,,,,,,
21,Ted,Ku-Dipietro,388,Colorado Rapids,U22 Initiative,12/31/2027,2028,1/28/2002,Midfielder,USA,Domestic,,,,,,,,,,,
6,Chidozie,Awaziem,1234,Colorado Rapids,Senior TAM,12/31/2025,2026 and 2027,1/1/1997,Defender,Nigeria,International,,,,,,,,,,,
23,Cole,Bassett,1071,Colorado Rapids,U22 Initiative,12/31/2027,None,7/28/2001,Midfielder,USA,Domestic,,,,,,,,,,,
41,Nicolas,Hansen,540,Colorado Rapids,Supplemental ,12/31/2025,2026 and 2027,7/10/2001,Goalkeeper,USA,Domestic,,,,,,,,,,,
18,Sam,Bassett,268,Colorado Rapids,Homegrown,12/31/2025,2026 and 2027 and 2028,4/13/2003,Midfielder,USA,Domestic,,,,,,,,,,,
15,Ali,Fadal,0,Colorado Rapids,Senior,12/31/2026,2027 and 2028,1/14/2004,Midfielder,Ghana,International,,,,,,,,,,,
31,Adam,Beaudry,90,Colorado Rapids,Homegrown,12/31/2027,2028 and 2029,4/18/2006,Goalkeeper,USA,Domestic,,,,,,,,,,,
91,Kevin,Cabral,756,Colorado Rapids,Designated Player,12/31/2025,2026,7/10/1999,Forward,France,Domestic,,,,,,,,,,,
4,Reggie,Cannon,1195,Colorado Rapids,Senior TAM,12/31/2027,2028,6/11/1998,Defender,USA,Domestic,,,,,,,,,,,
13,Wayne,Frederick,219,Colorado Rapids,Supplemental,12/31/2026,2027 and 2028,6/13/2004,Forward,USA,Domestic,,,,,,,,,,,
14,Calvin,Harris,276,Colorado Rapids,Senior,12/31/2025,None,3/20/2000,Forward,England,Domestic,,,,,,,,,,,
8,Oliver,Larraz,1376,Colorado Rapids,Senior,12/31/2025,None,9/16/2001,Midfielder,USA,Domestic,,,,,,,,,,,
5,Andreas,Maxso,1440,Colorado Rapids,Senior TAM,12/31/2025,2026,3/18/1994,Defender,Denmark,International,,,,,,,,,,,
10,Djordje,Mihailovic,1552,Colorado Rapids,Designated Player,12/31/2027,2028,11/10/1998,Midfielder,USA,Domestic,,,,,,,,,,,
19,Ian,Murphy,820,Colorado Rapids,Senior,12/31/2026,2027,1/16/2000,Defender,USA,Domestic,,,,,,,,,,,
9,Rafael,Navarro,1251,Colorado Rapids,Designated Player,12/31/2027,2028,4/14/2000,Forward,Brazil,Domestic,,,,,,,,,,,
20,Connor,Ronan,340,Colorado Rapids,Senior,12/31/2026,2027,3/6/1998,Midfielder,England,International,,,,,,,,,,,
2,Keegan,Rosenberry,757,Colorado Rapids,Senior,12/31/2027,None,12/11/1993,Defender,USA,Domestic,,,,,,,,,,,
1,Zack,Steffen,990,Colorado Rapids,Senior TAM,12/31/2026,2027,4/2/1995,Goalkeeper,USA,Domestic,,,,,,,,,,,
11,Kimani,Stewart-Baynes,16,Colorado Rapids,Supplemental (GA),12/31/2026,2027 and 2028,1/17/2005,Forward,Saint Vincent and the Grenadines,Domestic,,,,,,,,,,,
99,Jackson,Travis,583,Colorado Rapids,Homegrown,12/31/2025,2026 and 2027,2/23/2004,Defender,USA,Domestic,,,,,,,,,,,
3,Sam,Vines,403,Colorado Rapids,Senior TAM,12/31/2027,None,5/3/1999,Defender,USA,Domestic,,,,,,,,,,,
77,Darren,Yapi,801,Colorado Rapids,Homegrown,12/31/2025,2026,11/19/2004,Forward,USA,Domestic,,,,,,,,,,,
12,Josh ,Atencio,1227,Colorado Rapids,U22 Initiative,12/31/2027,2028,1/31/2002,Midfielder,USA,Domestic,,,,,,,,,,,
16,Alex,Harris,1,Colorado Rapids,Supplemental (GA),12/31/2027,2028 and 2029,12/16/2005,Forward,Canada,Domestic,,,,,,,,,,,
18,Malte,Amundsen,1030,Columbus Crew,Senior,12/31/2027,None,2/11/1998,Defender,Denmark,Domestic,,,,,,,,,,,
27,Max,Arfsten,1405,Columbus Crew,Senior,12/31/2027,2028,4/19/2001,Forward,USA,Domestic,,,,,,,,,,,
24,Evan,Bush,180,Columbus Crew,Supplemental,12/31/2025,None,3/6/1986,Goalkeeper,USA,Domestic,,,,,,,,,,,
4,Rudy ,Camacho,0,Columbus Crew,Senior,12/31/2025,None,3/5/1991,Defender,France,International,,,,,,,,,,,
48,Cesar,Ruvalcaba,239,Columbus Crew,Supplemental,12/31/2025,2026 and 2027,7/13/2001,Defender,USA,Domestic,,,,,,,,,,,
44,Tristan,Brown,27,Columbus Crew,Homegrown,12/31/2028,2029 and 2030,10/17/2007,Left Back,USA,Domestic,,,,,,,,,,,
11,Aliyu,Ibrahim,389,Columbus Crew,U22 Initiative,12/31/2025,2026 and 2027,1/16/2002,Forward,Nigeria,Domestic,,,,,,,,,,,
7,Dylan,Chambost,1459,Columbus Crew,Senior,12/31/2026,2027,8/19/1997,Midfielder,France,International,,,,,,,,,,,
21,Yevhen,Cheberko,1275,Columbus Crew,Senior TAM,6/2026,2026,1/23/1998,Defender,Ukraine,International,,,,,,,,,,,
23,Mohamed,Farsi,1276,Columbus Crew,Senior,12/31/2027,2028,12/16/1999,Defender,Canada,Domestic,,,,,,,,,,,
16,Taha,Habroune,46,Columbus Crew,Homegrown,12/31/2027,2028,2/5/2006,Forward,USA,Domestic,,,,,,,,,,,
1,Nicholas,Hagen,270,Columbus Crew,Supplemental,12/31/2026,2027 and 2028,8/2/1996,Goalkeeper,Guatemala,Domestic,,,,,,,,,,,
2,Andrés,Herrera,481,Columbus Crew,Senior TAM,June 2025 (LOAN),Option to BUY,11/3/1998,Defender,Argentina,International,,,,,,,,,,,
13,Aziel,Jackson,701,Columbus Crew,Homegrown,12/31/2025,None,10/25/2001,Midfielder,USA,Domestic,,,,,,,,,,,
20,Derrick,Jones,1,Columbus Crew,Senior,12/31/2025,2026,3/3/1997,Midfielder,Ghana,Domestic,,,,,,,,,,,
41,Stanislav,Lapkes,0,Columbus Crew,Homegrown,12/31/2027,2028 and 2029,3/3/2006,Goalkeeper, Belarus,Domestic,,,,,,,,,,,
8,Dániel ,Gazdag,812,Columbus Crew,Designated Player,12/31/2027,2028,3/2/1996,Midfielder,Hungary,Domestic,,,,,,,,,,,
26,Lassi ,Lappalainen,92,Columbus Crew,Senior,12/31/2025,2026,8/24/1998,Midfielder,Finland,International,,,,,,,,,,,
31,Steven ,Moreira,1105,Columbus Crew,Senior TAM,12/31/2025,2026,8/13/1994,Defender,France,International,,,,,,,,,,,
29,Cole,Mrowka,24,Columbus Crew,Homegrown,12/31/2026,2027 and 2028,4/6/2006,Midfielder,USA,Domestic,,,,,,,,,,,
6,Darlington ,Nagbe,1458,Columbus Crew,Designated Player,12/31/2025,2026,7/19/1990,Midfielder,Liberia,Domestic,,,,,,,,,,,
10,Diego,Rossi,1517,Columbus Crew,Designated Player,12/31/2026,2027,3/5/1998,Forward,Uruguay,Domestic,,,,,,,,,,,
19,Jacen,Russell-Rowe,1115,Columbus Crew,Homegrown,12/31/2025,2026,9/13/2002,Forward,Canada,Domestic,,,,,,,,,,,
28,Patrick,Schulte,1170,Columbus Crew,Senior TAM,12/31/2027,2028,3/13/2001,Goalkeeper,USA,Domestic,,,,,,,,,,,
25,Sean,Zawadzki,1350,Columbus Crew,Senior,12/31/2027,None,4/21/2000,Midfielder,USA,Domestic,,,,,,,,,,,
14,Amar,Sejdic,122,Columbus Crew,Senior,12/31/2025,2026,11/29/1996,Midfielder,USA,Domestic,,,,,,,,,,,
12,Conner,Antley,542,DC United,Senior,12/31/2025,2026,3/22/1995,Defender,USA,Domestic,,,,,,,,,,,
14,Dominique ,Badji,469,DC United,Senior,12/31/2026,2027,10/16/1992,Forward,Senegal,Domestic,,,,,,,,,,,
13,Luis,Barraza,1080,DC United,Senior,12/31/2025,None,11/8/1996,Goalkeeper,USA,Domestic,,,,,,,,,,,
3,Lucas,Bartlett,1620,DC United,Senior,12/31/2027,2028,7/26/1997,Defender,USA,Domestic,,,,,,,,,,,
20,Christian,Benteke,922,DC United,Designated Player,12/31/2025,2026,12/3/1990,Forward,Congo DR,International,,,,,,,,,,,
6,Boris,Enow,1021,DC United,Senior TAM,12/31/2027,2028,3/30/2000,Midifelder,Cameroon,International,,,,,,,,,,,
22,Aaron,Herrera,1351,DC United,Senior TAM,12/31/2025,2026,6/6/1997,Defender,USA,Domestic,,,,,,,,,,,
25,Jackson,Hopkins,81,DC United,Homegrown,12/31/2025,2026 and 2027,7/1/2004,Midfielder,USA,Domestic,,,,,,,,,,,
1,Kim,Joon-Hong,630,DC United,U22 Initiative,12/31/2027,2028 and 2029,6/3/2003,Goalkeeper,South Korea,International,,,,,,,,,,,
77,Hosei,Kijima,1242,DC United,Supplemental,12/31/2025,2026 and 2027,7/1/2002,Midfielder,Japan,Domestic,,,,,,,,,,,
5,Lukas,MacNaughton,409,DC United,Senior,12/31/2025,None,3/8/1995,Defender,Canada,International,,,,,,,,,,,
17,Jacob,Murrell,782,DC United,Supplemental,12/31/2026,2027,3/28/2004,Forward,USA,Domestic,,,,,,,,,,,
27,Kristian,Fletcher,74,DC United,Homegrown,12/31/2025,2026,8/6/2005,Forward,USA,Domestic,,,,,,,,,,,
7,Joao,Peglow,824,DC United,Senior TAM,12/31/2027,2028,1/7/2002,Forward,,International,,,,,,,,,,,
4,Matti,Peltola,585,DC United,Senior TAM,12/31/2027,2028,7/3/2002,Midfielder,Finland,International,,,,,,,,,,,
10,Gabirel,Pirani,864,DC United,U22 Inititative,12/31/2025,2026 and 2027,4/12/2002,Midfielder,Brazil,Domestic,,,,,,,,,,,
15,Kye,Rowles,1395,DC United,Senior TAM,12/31/2026,2027,6/24/1998,Defender,Australia,International,,,,,,,,,,,
28,David,Schnegg,1646,DC United,Senior TAM,12/31/2026,2027,9/29/1998,Defender,Austria,International,,,,,,,,,,,
8,Jared,Stroud,912,DC United,Senior,12/31/2026,2027,7/10/1996,Midfielder,USA,Domestic,,,,,,,,,,,
16,Garrison,Tubbs,423,DC United,Homegrown,12/31/2025,2026 and 2027,2/17/2002,Defender,USA,Domestic,,,,,,,,,,,
23,Brandon,Servania,979,DC United,Senior,12/31/2026,2027,3/12/1999,Midfielder,USA,Domestic,,,,,,,,,,,
11,Randall,Leal,291,DC United,Senior,12/31/2025,2026,1/14/1997,Forward,Costa Rica,Domestic,,,,,,,,,,,
18,Derek,Dodson,263,DC United,Senior,12/31/2025,2026,11/3/1998,Defender,USA,Domestic,,,,,,,,,,,
99,Fidel,Barajas,34,DC United,Supplemental,6/30/2025 (LOAN),Option to BUY,4/5/2006,Forward,USA,Domestic,,,,,,,,,,,
24,Jordan,Farr,0,DC United,Supplemental,12/31/2026,2027,10/5/1994,Goalkeeper,USA,Domestic,,,,,,,,,,,
48,Gavin,Turner,24,DC United,Homegrown,12/31/2027,2028 and 2029,1/5/2007,Forward,USA,Domestic,,,,,,,,,,,
44,Rida,Zouhir,263,DC United,Supplemental,12/31/2025,2026 and 2027,11/23/2003,Midfielder,USA,Domestic,,,,,,,,,,,
27,Tah,Anunga,820,FC Cinciannati ,Senior,12/31/2025,2026,8/10/1996,Midfielder,Camerroon,Domestic,,,,,,,,,,,
11,Corey,Baird,324,FC Cinciannati ,Senior TAM,12/31/2025,2026,1/30/1999,Forward,USA,Domestic,,,,,,,,,,,
20,Pavel,Bucha,1454,FC Cinciannati ,Senior TAM,12/31/2026,2027,3/11/1998,Midfielder,Czech Republic,International,,,,,,,,,,,
18,Roman,Celentano,1620,FC Cinciannati ,Senior,12/31/2027,None,9/14/2000,Goalkeeper,USA,Domestic,,,,,,,,,,,
19,Stefan,Chirila,7,FC Cinciannati ,Homegrown,12/31/2028,2029,1/15/2007,Forward,USA,Domestic,,,,,,,,,,,
9,Kevin,Denkey,1409,FC Cinciannati ,Designated Player,12/31/2028,2029,11/30/2000,Forward,Togo,International,,,,,,,,,,,
29,Lukas,Engel,1413,FC Cinciannati ,Senior TAM,12/31/2025 (LOAN),Option to Buy,12/14/1998,Defender,Denmark,International,,,,,,,,,,,
3,Gilberto,Flores,868,FC Cinciannati ,U22 Initiative,12/31/2027,2028 and 2029,4/1/2003,Defender,Paraguay,International,,,,,,,,,,,
16,Teenage,Hadebe,565,FC Cinciannati ,Senior TAM,12/31/2025,2026,9/17/1995,Defender,Zimbabwe,International,,,,,,,,,,,
4,Nick,Hagglund,689,FC Cinciannati ,Senior,12/31/2027,None,9/14/1992,Defender,USA,Domestic,,,,,,,,,,,
37,Stiven ,Jimenez,0,FC Cinciannati ,Homegrown,12/31/2025,2026 and 2027,6/24/2007,Midfielder,USA,Domestic,,,,,,,,,,,
1,Alec,Kann,0,FC Cinciannati ,Senior,12/31/2025,None,8/8/1990,Goalkeeper,USA,Domestic,,,,,,,,,,,
7,Yuya,Kubo,563,FC Cinciannati ,Senior TAM,12/31/2025,2026,12/24/1993,Forward,Japan,Domestic,,,,,,,,,,,
13,Evan,Louro,0,FC Cinciannati ,Supplemental,12/31/2025,2026,1/19/1996,Goalkeeper,USA,Domestic,,,,,,,,,,,
21,Matt,Miazga,553,FC Cinciannati ,Senior TAM,12/31/2025,2026,7/19/1995,Defender,USA,Domestic,,,,,,,,,,,
85,Kei,Kamara,209,FC Cinciannati ,Supplemental,12/31/2025,2026,9/1/1984,Forward,Sierra Leone,Domestic,,,,,,,,,,,
5,Obinna,Nwobodo,784,FC Cinciannati ,Senior TAM,12/31/2027,2028,11/19/1996,Midfielder,USA,Domestic,,,,,,,,,,,
23,Luca,Orellano,1157,FC Cinciannati ,Senior TAM,12/31/2029,None,3/22/2000,Forward,Argentina,International,,,,,,,,,,,
2,Alvas,Powell,338,FC Cinciannati ,Senior,12/31/2025,2026,7/18/1994,Defender,Jamaica,Domestic,,,,,,,,,,,
14,Brad,Smith,2-6,FC Cinciannati ,Senior,12/31/2025,2026,4/9/1994,Defender,Australia,Domestic,,,,,,,,,,,
12,Miles,Robinson,1279,FC Cinciannati ,Senior TAM,12/31/2025,None,3/14/1997,Defender,USA,Domestic,,,,,,,,,,,
17,Sergio,Santos,582,FC Cinciannati ,Senior TAM,12/31/2025,2026,9/4/1994,Forward,Brazil,Domestic,,,,,,,,,,,
22,Gerardo,Valenzuela,390,FC Cinciannati ,Homegrown,12/31/2026,2027 and 2028,9/28/2004,Midfielder,USA,Domestic,,,,,,,,,,,
25,Paul,Walters,0,FC Cinciannati ,Homegrown,12/31/2026,2027,4/11/2004,Goalkeeper,USA,Domestic,,,,,,,,,,,
91,Deandre,Yedlin,1263,FC Cinciannati ,Senior TAM,12/31/2025,2026,7/9/1993,Defender,USA,Domestic,,,,,,,,,,,
10,Evander,Evander,1321,FC Cinciannati ,Designated Player,12/31/2027,2028,6/9/1998,Midfielder,Brazil,Domestic,,,,,,,,,,,
3,Osaze,Urhoghide,1296,FC Dallas,Senior TAM,12/31/2028,2029,7/4/2000,Defender,Netherlands,International,,,,,,,,,,,
34,Alejandro ,Urzua,0,FC Dallas,Off Roster Homegrown,12/31/2025,2026 and 2027 and 2028,4/3/2006,Midfielder,USA,Domestic,,,,,,,,,,,
5,Lalas,Abubakar,471,FC Dallas,Senior,12/31/2026,2027,12/25/1994,Defender,Ghana,Domestic,,,,,,,,,,,
10,Lucho,Acosta,1364,FC Dallas,Designated Player,12/31/2026,2027,5/31/1994,Forward,Argentina,Domestic,,,,,,,,,,,
17,Ramiro,Benetti,1257,FC Dallas,Senior,12/31/2026,2027,5/22/1993,Midfielder,Brazil,International,,,,,,,,,,,
21,Manuel 'Show',Cafumana,305,FC Dallas,Senior,7/22/2025,TO BUY,3/6/1999,Midfielder,Angola,International,,,,,,,,,,,
13,Antonio,Carrera,0,FC Dallas,Senior,12/31/2025,2026,3/15/2004,Goalkeeper,USA,Domestic,,,,,,,,,,,
7,Leo,Chu,212,FC Dallas,U22 Initiative,12/31/2025,None,4/6/2000,Midfielder,Brazil,Domestic,,,,,,,,,,,
30,Michael,Collodi,180,FC Dallas,Homegrown,12/31/2026,2027 and 2028,5/25/2001,Goalkeeper,USA,Domestic,,,,,,,,,,,
6,Patrickson,Delgado,564,FC Dallas,U22 Initiative,12/31/2027,2028,10/17/2003,Midfielder,Ecuador,International,,,,,,,,,,,
4,Marco,Farfan,809,FC Dallas,Senior,12/31/2025,2026,11/12/1998,Defender,USA,Domestic,,,,,,,,,,,
23,Logan,Farrington,638,FC Dallas,Supplemental,12/31/2027,2028 and 2029,12/14/2001,Forward,USA,Domestic,,,,,,,,,,,
25,Sebastian,Ibeagha,1485,FC Dallas,Senior,12/31/2025,2026,1/21/1992,Defender,Nigeria,Domestic,,,,,,,,,,,
11,Anderson,Julio,1102,FC Dallas,Senior TAM,12/31/2025,2026,5/31/1996,Forward,Ecuador,International,,,,,,,,,,,
22,Álvaro,Augusto,90,FC Dallas,Supplemental,12/31/2027,2028 and 2029,4/17/2005,Defender,Brazil,International,,,,,,,,,,,
50,Diego ,García,0,FC Dallas,Homegrown,12/31/2027,2028 and 2029,10/17/2006,Midfielder,USA,Domestic,,,,,,,,,,,
77,Bernard,Kamungo,392,FC Dallas,Senior,12/31/2027,2028 and 2029,1/1/2002,Forward,Tanzania,Domestic,,,,,,,,,,,
8,Sebastian,Lletget,624,FC Dallas,Senior TAM,12/31/2025,2026,9/3/1992,Midfielder,USA,Domestic,,,,,,,,,,,
20,Pedro,Martins,655,FC Dallas,Supplemental,12/31/2025,2026 and 2027,4/18/2003,Midfielder,Brazil,International,,,,,,,,,,,
35,Malachi,Molina,0,FC Dallas,Off Roster Homegrown,12/31/2026,2027 and 2028,10/11/2006,Defender,USA,Domestic,,,,,,,,,,,
36,Daniel ,Baran,0,FC Dallas,Off Roster Homegrown,12/31/2026,2027 and 2028,9/16/2006,Forward,USA,Domestic,,,,,,,,,,,
18,Shaq,Moore,1370,FC Dallas,Senior TAM,12/31/2026,2027,11/2/1996,Defender,USA,Domestic,,,,,,,,,,,
55,Kaick,Kaick,692,FC Dallas,U22 Initiative,12/31/2028,2029,11/29/2005,Midfielder,Brazil,International,,,,,,,,,,,
9,Petar,Musa,1025,FC Dallas,Designated Player,12/31/2027,2028,3/4/1998,Forward,Croatia,International,,,,,,,,,,,
29,Enzo,Newman,0,FC Dallas,Supplemental,12/31/2026,2027 and 2028 and 2029,12/8/2005,Defender,USA,Domestic,,,,,,,,,,,
32,Nolan,Norris,572,FC Dallas,Homegrown,12/31/2025,2026 and 2027,2/17/2005,Defender,USA,Domestic,,,,,,,,,,,
16,Tsiki,Ntsabeleng,285,FC Dallas,Senior,12/31/2026,2027 and 2028,2/9/1998,Midfielder,South Africa,Domestic,,,,,,,,,,,
1,Maarten,Paes,1350,FC Dallas,Senior,12/31/2026,2027 and 2028,5/14/1998,Goalkeeper, Netherlands,Domestic,,,,,,,,,,,
19,Paxton,Pomykal,28,FC Dallas,Senior TAM,12/31/2026,2027,12/17/1999,Midfielder,USA,Domestic,,,,,,,,,,,
51,Anthony,Ramirez,1,FC Dallas,Homegrown,12/31/2026,2026 and 2027 and 2028,12/22/2005,Midfielder,USA,Domestic,,,,,,,,,,,
41,Tarik,Scott,13,FC Dallas,Homegrown,12/31/2025,2026 and 2027,4/23/2005,Forward,USA,Domestic,,,,,,,,,,,
19,Stephen,Gyamfi,0,Houston Dynamo,Supplemental (GA),12/31/2025,2026 and 2027,5/19/2003,Forward,Ghana,International,,,,,,,,,,,
14,Duane,Holmes,31,Houston Dynamo,Senior,12/31/2026,2027 and 2028,11/6/1994,Midfielder,USA,Domestic,,,,,,,,,,,
33,Exon,Arzu,0,Houston Dynamo,Senior,12/31/2026,2027 and 2028 and 2029,5/19/2004,Forward,Honduras,Domestic,,,,,,,,,,,
24,Obafemi,Awodesu,1433,Houston Dynamo,Supplemental,12/31/2025,2026 and 2027,4/5/2001,Defender,USA,Domestic,,,,,,,,,,,
4,Ethan,Bartlow,633,Houston Dynamo,Senior,12/31/2025,2026,2/2/2000,Defender,USA,Domestic,,,,,,,,,,,
8,Amine ,Bassi,1296,Houston Dynamo,Senior TAM,12/31/2025,2026 and 2027,11/27/1997,Forward,France,Domestic,,,,,,,,,,,
22,Pablo,Ortiz,422,Houston Dynamo,Senior,12/31/2025 (LOAN),Option to BUY,6/8/2000,Defender,Colombia,International,,,,,,,,,,,
9,Ondrej,Lingr,669,Houston Dynamo,Designated Player,6/31/2028,2029,10/7/1998,Midfielder,Czech Republic,International,,,,,,,,,,,
6,Jose ,Artur,1541,Houston Dynamo,Senior TAM,12/31/2025,2026 and 2027,3/11/1996,Midfielder,Brazil,Domestic,,,,,,,,,,,
25,Griffin,Dorsey,1543,Houston Dynamo,Senior,12/31/2025,2026,3/5/1999,Defender,USA,Domestic,,,,,,,,,,,
16,Erik,Dueñas,138,Houston Dynamo,Homegrown,12/31/2025,2026 and 2027 and 2028,10/18/2004,Midfielder,USA,Domestic,,,,,,,,,,,
11,Lawrence ,Ennali,39,Houston Dynamo,U22 Initiative,12/31/2026,2027,3/7/2002,Forward,Germany,International,,,,,,,,,,,
12,Toyosi,Olusanya,36,Houston Dynamo,Senior,6/31/2026,2027 and 2028,10/14/1997,Forward,England,International,,,,,,,,,,,
2,Franco,Escobar,1047,Houston Dynamo,Senior,12/31/2025,None,2/21/1995,Defender,Argentina,Domestic,,,,,,,,,,,
26,Blake,Gillingham,293,Houston Dynamo,Supplemental,12/31/2025,2026 and 2027 and 2028,1/22/2000,Goalkeeper,USA,Domestic,,,,,,,,,,,
27,Sebastian,Kowalczyk,1102,Houston Dynamo,Senior TAM,12/31/2025,2026,8/22/1998,Midfielder,Poland,International,,,,,,,,,,,
1,Jimmy,Maurer,120,Houston Dynamo,Senior,12/31/2026,None,10/14/1988,Goalkeeper,USA,Domestic,,,,,,,,,,,
21,Jack,McGlynn,1416,Houston Dynamo,U22 Initiative,12/31/2025,2026 and 2027,7/7/2003,Midfielder,USA,Domestic,,,,,,,,,,,
10,Ezequiel,Ponce,1372,Houston Dynamo,Designated Player,6/2027,2027 and 2028,3/29/1997,Forward,Argentina,International,,,,,,,,,,,
7,Nelson,Quiñones,0,Houston Dynamo,U22 Initiative,12/31/2025,2026,8/20/2002,Forward,Colombia,International,,,,,,,,,,,
35,Brooklyn,Raines,457,Houston Dynamo,Homegrown,12/31/2025,2026,3/11/2005,Midfielder,Liberia,Domestic,,,,,,,,,,,
34,Sebastian,Rodriguez,0,Houston Dynamo,Homegrown,12/31/2026,2027 and 2028 and 2029,9/13/2007,Midfielder,USA,Domestic,,,,,,,,,,,
17,Gabriel,Segal,123,Houston Dynamo,Senior,12/31/2025,None,5/7/2001,Forward,USA,Domestic,,,,,,,,,,,
5,Daniel ,Steres,395,Houston Dynamo,Senior,12/31/2025,2026,11/11/1990,Defender,USA,Domestic,,,,,,,,,,,
28,Erik,Sviatchenko,495,Houston Dynamo,Senior TAM,12/31/2026,2027,10/4/1991,Defender,Denmark,Domestic,,,,,,,,,,,
36,Felipe,Andrade,491,Houston Dynamo ,Supplemental,12/31/2025 (LOAN),Option to BUY,5/29/2002,Defender,Brazil,International,,,,,,,,,,,
30,Júnior,Urso,475,Houston Dynamo,Senior,12/31/2025,2026,3/10/1989,Midfielder,Brazil,International,,,,,,,,,,,
31,Jonathan,Bond,900,Houston Dynamo,Senior,12/31/2026,2027,6/19/1993,Goalkeeper,England and USA,Domestic,,,,,,,,,,,
23,Michael,Halliday,0,Houston Dynamo,Homegrown,12/31/2025,2026 and 2027,11/22/2003,Defender,USA,Domestic,,,,,,,,,,,
20,Nicolas,Lodeiro,510,Houston Dynamo,Senior,12/31/2025,2026,3/21/1989,Midfielder,Uruguay,Domestic,,,,,,,,,,,
1,Drake ,Callender,184,Inter Miami,Senior,12/31/2025,2026,10/7/1997,Goalkeeper,USA,Domestic,,,,,,,,,,,
2,Gonzalo,Luján,1039,Inter Miami,Senior TAM,12/31/2027,2028,4/27/2001,Defender,Argentina,International,,,,,,,,,,,
11,Baltasar,Rodriguez,18,Inter Miami,Senior,12/31/2025(LOAN),Option to BUY,7/9/2003,Midfielder,Argentina,International,,,,,,,,,,,
5,Sergio,Busquets,1342,Inter Miami,Designated Player,12/31/2025,None,7/16/1988,Midfielder,Spain,International,,,,,,,,,,,
6,Tomás,Avilés,521,Inter Miami,U22 Initiative,12/31/2026,2027 and 2028,2/3/2004,Defender,Argentina,International,,,,,,,,,,,
7,Fafà,Picault,399,Inter Miami,Senior,12/31/2025,2026,2/23/1991,Midfielder,USA,Domestic,,,,,,,,,,,
8,Telasco,Segovia,741,Inter Miami,U22 Initiative,12/31/2029,None,4/2/2003,Midfielder,Venezuela,International,,,,,,,,,,,
9,Luis,Suárez,1106,Inter Miami,Senior TAM,12/31/2025,None,1/24/1987,Forward,Uruguay,International,,,,,,,,,,,
10,Lionel,Messi,1025,Inter Miami,Designated Player,12/31/2025,None,6/24/1987,Forward,Argentina,International,,,,,,,,,,,
14,David,Martínez,265,Inter Miami,Senior TAM,7/2025 (LOAN),Option to BUY,1/21/1998,Defender,Argentina,International ,,,,,,,,,,,
15,Ryan,Sailor,1,Inter Miami,Supplemental,12/31/2025,None,11/27/1998,Defender,USA,Domestic,,,,,,,,,,,
17,Ian ,Fray,668,Inter Miami,Homegrown,12/31/2025,None,8/31/2002,Defender,USA,Domestic,,,,,,,,,,,
18,Jordi ,Alba,1135,Inter Miami,Designated Player,12/31/2027,None,3/21/1989,Defender,Spain,International,,,,,,,,,,,
19,Oscar,Ustari,1069,Inter Miami,Senior,12/31/2026,None,7/3/1986,Goalkeeper,Argentina,International,,,,,,,,,,,
29,Allen,Obando,154,Inter Miami,Senior TAM,12/31/2025(LOAN),Option to BUY,6/13/2006,Forward,Ecuador,International,,,,,,,,,,,
21,Tadeo,Allende,865,Inter Miami,Senior TAM,12/31/2025 (LOAN),None,2/20/1999,Midfielder,Argentina,International,,,,,,,,,,,
22,Leo,Afonso,88,Inter Miami,Supplemental ,12/31/2025,2026 and 2027,7/13/2001,Forward,USA,Domestic,,,,,,,,,,,
26,Tyler,Hall,0,Inter Miami,Off-Roster Homegrown,12/31/2027,2028,2/5/2006,Defender,USA,Domestic,,,,,,,,,,,
30,Benjamin,Cremaschi,834,Inter Miami,Senior,12/31/2027,2028,3/2/2005,Midfielder,USA,Domestic,,,,,,,,,,,
25,William,Yarbrough,0,Inter Miami,Senior,12/31/2025,None,3/20/1989,Goalkeeper,USA ,,,,,,,,,,,,
32,Noah,Allen,1198,Inter Miami,Homegrown,12/31/2025,2026 and 2027,4/28/2004,Defender,USA,Domestic,,,,,,,,,,,
34,Rocco,Novo,184,Inter Miami,Homegrown,12/31/2025 (LOAN),Option to BUY,6/4/2002,Goalkeeper,USA,Domestic,,,,,,,,,,,
37,Maximiliano,Falcón,662,Inter Miami,Senior TAM,12/31/2028,2029,5/1/1997,Defender,Uruguay,International,,,,,,,,,,,
41,David,Ruiz,73,Inter Miami,Supplemental ,12/31/2025,2026 and 2027,2/8/2004,Midfielder,USA,Domestic,,,,,,,,,,,
42,Yannick,Bright,791,Inter Miami,Supplemental,12/31/2025,2026 and 2027,9/3/2001,Midfielder,Italy,International,,,,,,,,,,,
55,Fedrico,Redondo,571,Inter Miami,U22 Initiative,12/31/2027,2028,1/18/2003,Midfielder,Spain,Domestic,,,,,,,,,,,
57,Marcelo,Weigandt,490,Inter Miami,Senior,12/31/2025(LOAN),Option to BUY,1/11/2000,Defender,Argentina,International,,,,,,,,,,,
62,Isreal,Boatwright,0,Inter Miami,Off-Roster Homegrown,12/31/2026,2027 and 2028,6/2/2005,Defender,USA,Domestic,,,,,,,,,,,
81,Santiago,Morales,20,Inter Miami,Homegrown,12/31/2027,2028,2/9/2007,Midfielder,Spain,Domestic,,,,,,,,,,,
1,Novak,Micovic,630,LA Galaxy,Supplemental,12/31/2026,2027,10/25/2001,Goalkeeper,Yugoslavia,International,,,,,,,,,,,
2,Miki,Yamane,1210,LA Galaxy,Senior TAM,12/31/2026,None,12/22/1993,Defender,Japan,International,,,,,,,,,,,
3,Julian,Aude,648,LA Galaxy,U22 Initiative,12/31/2027,None,3/24/2003,Defender,Argentina,International,,,,,,,,,,,
4,Maya,Yoshida,1174,LA Galaxy,Senior,12/31/2026,None,8/24/1988,Defender,Japan,International,,,,,,,,,,,
5,Mathias ,Jorgensen,834,LA Galaxy,Senior,12/31/2026,None,4/23/1990,Defender,Denmark,International,,,,,,,,,,,
6,Edwin,Cerrillo,1318,LA Galaxy,Senior,12/31/2026,2027,10/3/2000,Midfielder,USA,Domestic,,,,,,,,,,,
7,Diego,Fagundez,1327,LA Galaxy,Senior TAM,12/31/2025,2026,2/1/1995,Midfielder,Uruguay,Domestic,,,,,,,,,,,
8,Lucas,Sanabria,703,LA Galaxy,U22 Initiative,12/31/2029,,12/26/2003,Midfielder,Uruguay,International,,,,,,,,,,,
9,Matheus,Nascimento,344,LA Galaxy,U22 Initiative,12/31/2025,Option to BUY,3/3/2004,Forward,Brazil,International,,,,,,,,,,,
10,Riqui,Puig,0,LA Galaxy,Designated Player,12/31/2027,None,8/13/1999,Midfielder,Spain,International,,,,,,,,,,,
11,Gabriel,Pec,1333,LA Galaxy,Designated Player,12/31/2028,None,2/11/2001,Forward,Brazil,International,,,,,,,,,,,
12,JT,Marcinkowski,0,LA Galaxy,Senior,12/31/2026,2027,5/9/1997,Goalkeeper,USA,Domestic,,,,,,,,,,,
14,John,Nelson,1120,LA Galaxy,Senior,12/31/2025,2026,7/11/1998,Defender,USA,Domestic,,,,,,,,,,,
15,Eriq,Zavaleta,129,LA Galaxy,Supplemental,12/31/2025,None,8/2/1992,Defender,USA,Domestic,,,,,,,,,,,
16,Isaiah,Parente,794,LA Galaxy,Homegrown,12/31/2025,2026,3/16/2000,Midfielder,USA,Domestic,,,,,,,,,,,
17,Christian,Ramirez,823,LA Galaxy,Senior,12/31/2025,None,4/4/1991,Forward,USA,Domestic,,,,,,,,,,,
18,Marco,Reus,782,LA Galaxy,Senior TAM,12/31/2026,None,5/31/1989,Midfielder,Germany,International,,,,,,,,,,,
19,Mauricio,Cuevas,227,LA Galaxy,Homegrown,12/31/2025,2026 and 2027,2/10/2003,Defender,USA,Domestic,,,,,,,,,,,
21,Tucker,Lepley,386,LA Galaxy,Supplemental,12/31/2025,2026 and 2027,1/17/2002,Forward,USA,Domestic,,,,,,,,,,,
24,Ruben,Ramos Jr,63,LA Galaxy,Homegrown,12/31/2027,2028,1/22/2007,Forward,USA,Domestic,,,,,,,,,,,
25,Carlos Emiro,Garces,1056,LA Galaxy,Senior TAM,12/31/2028,None,10/11/2001,Defender,Colombia,International,,,,,,,,,,,
26,Harbor,Miller,245,LA Galaxy,Homegrown,12/31/2027,2028,6/21/2007,Defender,USA,Domestic,,,,,,,,,,,
27,Miguel,Berry,384,LA Galaxy,Senior,12/31/2025,2026,9/16/1997,Forward,Spain,Domestic,,,,,,,,,,,
28,Joseph,Paintstil,808,LA Galaxy,Designated Player,12/31/2027,None,2/1/1998,Forward,Ghana,International,,,,,,,,,,,
31,Brady ,Scott,0,LA Galaxy,Supplemental,12/31/2025,2026,6/30/1999,Goalkeeper,USA,Domestic,,,,,,,,,,,
77,John,McCarthy,990,LA Galaxy,Senior,12/31/2025,None,7/4/1992,Goalkeeper,USA,Domestic,,,,,,,,,,,
22,Elijah,Wynder,340,LA Galaxy,Senior,12/31/2027,2028,3/10/2003,Midfielder,USA,Domestic,,,,,,,,,,,
99,Denis,Bouanga,1283,LAFC,Designated Player,12/31/2027,2028,11/11/1994,Forward,France,International,,,,,,,,,,,
25,Maxime,Chanot,67,LAFC,Senior,12/31/2025,None,11/21/1989,Defender,France,Domestic,,,,,,,,,,,
8,Mark,Delgado,1104,LAFC,Senior TAM,12/31/2028,None,5/16/1995,Midfielder,USA,Domestic,,,,,,,,,,,
15,Lorenzo,Dellavalle,0,LAFC,Supplemental,12/31/2026,2027,4/4/2004,Defender,Italy,International,,,,,,,,,,,
17,Jeremy,Ebobisse,511,LAFC,Senior TAM,12/31/2027,2028,2/14/1997,Forward,USA,Domestic,,,,,,,,,,,
21,Ryan,Raposo,5,LAFC,Senior,12/31/2025,2026,3/5/1999,Midfielder,Canada,Domestic,,,,,,,,,,,
9,Olivier,Giroud,469,LAFC,Designated Player,12/31/2025,2026,9/30/1986,Forward,France,International,,,,,,,,,,,
12,Thomas,Hasal,90,LAFC,Supplemental,12/31/2025,2026,7/9/1999,Goalkeeper,Canada,Domestic,,,,,,,,,,,
23,Frankie,Amaya,207,LAFC,Senior TAM,12/31/2025 (LOAN),,9/26/2000,Midfielder,USA,Domestic,,,,,,,,,,,
45,Kenny,Nielsen,0,LAFC,Supplemental,12/31/2025,2026 and 2027,2/13/2002,Defender,USA,Domestic,,,,,,,,,,,
24,Ryan,Hollingshead,1033,LAFC,Senior,12/31/2025,None,4/16/1991,Defender,USA,Domestic,,,,,,,,,,,
80,Odin,Holm,98,LAFC,Senior,12/31/2025,None,1/18/2003,Midfielder, Norway,International,,,,,,,,,,,
6,Igor,Jesus,1237,LAFC,U22 Initiative,12/31/2028,None,3/7/2003,Midfielder,Brazil,International,,,,,,,,,,,
1,Hugo,Lloris,1350,LAFC,Senior,12/31/2025,2026,12/26/1986,Goalkeeper,France,International,,,,,,,,,,,
33,Aaron,Long,1018,LAFC,Senior TAM,12/31/2027,None,10/12/1992,Defender,USA,Domestic,,,,,,,,,,,
30,David,Martínez,681,LAFC,U22 Initiative,12/31/2027,2028,2/7/2006,Midfielder,Venezuela,International,,,,,,,,,,,
18,David,Ochoa,0,LAFC,Supplemental,12/31/2025,2026,1/16/2001,Goalkeeper,USA,Domestic,,,,,,,,,,,
27,Nathan,Ordaz,770,LAFC,Homegrown,12/31/2025,2026,1/12/2004,Forward,USA,Domestic,,,,,,,,,,,
14,Sergi,Palencia,1286,LAFC,Senior TAM,12/31/2025,None,3/23/1996,Defender,Spain,International,,,,,,,,,,,
5,Marlon,Santos,634,LAFC,Senior TAM,6/2025,2025 and 2026,9/7/1995,Defender,Brazil,International,,,,,,,,,,,
4,Eddie,Segura,1026,LAFC,Senior,12/31/2026,None,2/2/1997,Defender,Colombia,Domestic,,,,,,,,,,,
91,Nkosi,Tafari,439,LAFC,Senior,12/31/2025,2026,3/23/1997,Defender,USA,Domestic,,,,,,,,,,,
56,Jude,Terry,0,LAFC,Off-Roster Homegrown,12/31/2027,2028 and 2029,10/8/2008,Midfielder,USA,Domestic,,,,,,,,,,,
11,Timothy,Tillman,1063,LAFC,Senior TAM,12/31/2025,2026,1/4/1999,Midfielder,Germany,Domestic,,,,,,,,,,,
77,Adrian,Wibowo,16,LAFC,Homegrown,12/31/2025,2026 and 2027,1/17/2006,Forward,USA,Domestic,,,,,,,,,,,
20,Yaw,Yeboah,420,LAFC,Senior,12/31/2026,2027,3/28/1997,Midfielder,Ghana,International,,,,,,,,,,,
22,Javairo,Dilrosun,CWC,LAFC,Designated Player,7/24/2025,Option to BUY,6/22/1998,Forward,Netherlands,International,,,,,,,,,,,
29,Artem,Smoliakov,399,LAFC,U22 Initiative,12/31/2028,2029,5/29/2003,Defender,Ukraine,International,,,,,,,,,,,
43,Adam,Saldana,180,LAFC,Supplemental,12/31/2025,2026,,Midfielder,USA,Domestic,,,,,,,,,,,
15,Michael,Boxall,1350,Minnesota,Senior TAM,12/31/2025,2026,8/18/1988,Defender,New Zealand,Domestic,,,,,,,,,,,
28,Jefferson ,Diaz,1075,Minnesota,Senior,12/31/2026,2027,12/5/2000,Defender,Colombia,International,,,,,,,,,,,
23,Morris,Duggan,665,Minnesota,Supplemental ,12/31/2025,2026 and 2027,10/24/2000,Defender,Germany,International,,,,,,,,,,,
30,Owen ,Gene,282,Minnesota,U22 Initiative,12/31/2027,2029,3/19/2003,Midfielder,France,International,,,,,,,,,,,
67,Carlos ,Harvey,925,Minnesota,Senior,12/31/2028,2029,2/3/2000,Midfielder,Panama,Domestic,,,,,,,,,,,
21,Bongokuhle ,Hlongwane,1307,Minnesota,Senior TAM,12/31/2027,2028,6/20/2000,Forward,South Africa,Domestic,,,,,,,,,,,
7,Sang Bin,Jeong,280,Minnesota,U22 Initiative,12/31/2025,2026,4/1/2002,Forward,South Korea,International,,,,,,,,,,,
22,Hoyeon ,Jung,86,Minnesota,Senior,12/31/2027,2028,9/28/2000,Midfielder,South Korea,International,,,,,,,,,,,
12,Kipp ,Keller,0,Minnesota,Supplemental ,12/31/2025,2026,7/14/2000,Defender,USA,Domestic,,,,,,,,,,,
17,Robin , Lod,1205,Minnesota,Senior TAM,12/31/2025,2026,4/17/1993,Midfielder,Finland,Domestic,,,,,,,,,,,
13,Anthony ,Markanich,828,Minnesota,Supplemental ,12/31/2025,None,12/26/1999,Defender,USA,Domestic,,,,,,,,,,,
90,Loïc ,Mesanvi,10,Minnesota,Supplemental ,12/31/2025,2026 and 2027,10/6/2003,Midfielder,Togo,Domestic,,,,,,,,,,,
14,Tanitoluwa ,Oluwaseyi,1231,Minnesota,Senior,12/31/2027,2028,5/15/2000,Forward,Nigeria,Domestic,,,,,,,,,,,
2,Devin ,Padelford,91,Minnesota,Homegrown,12/31/2025,2026,1/3/2003,Defender,USA,Domestic,,,,,,,,,,,
26,Joaquín ,Pereyra,1366,Minnesota,Designated Player,12/31/2027,2028,12/1/1998,Midfielder,Argentina,International,,,,,,,,,,,
5,Nicolás ,Romero,1149,Minnesota,U22 Initiative,12/31/2027,2028,11/28/2003,Defender,Argentina,International,,,,,,,,,,,
8,Joseph ,Rosales,699,Minnesota,Senior,12/31/2027,2028,11/6/2000,Midfielder,Honduras,Domestic,,,,,,,,,,,
19,Samuel ,Shashoua,100,Minnesota,Supplemental ,12/31/2025,2026,5/13/1999,Forward,England,Domestic,,,,,,,,,,,
24,Julian ,Gressel,389,Minnesota,Senior TAM,12/31/2026,2027,12/16/1993,Defender,USA,Domestic,,,,,,,,,,,
1,Alec ,Smir,90,Minnesota,Supplemental ,12/31/2025,2026,4/13/1999,Goalkeeper,USA,Domestic,,,,,,,,,,,
97,Dayne ,St. Clair,1440,Minnesota,Senior,12/31/2025,None,5/9/1997,Goalkeeper,Canada,Domestic,,,,,,,,,,,
27,DJ ,Taylor,152,Minnesota,Senior,12/31/2025,2026,8/26/1997,Defender,USA,Domestic,,,,,,,,,,,
,Alisa Darius,Randell,1,Minnesota,Homegrown,12/31/2026,2027 and 2028,8/25/2007,Forward,Liberia,Domestic,,,,,,,,,,,
20,Wil ,Trapp,1439,Minnesota,Senior,12/31/2025,2026,1/15/1993,Midfielder,USA,Domestic,,,,,,,,,,,
9,Kelvin ,Yeboah,1130,Minnesota,Designated Player,12/31/2027,2028,5/6/2000,Forward,Ghana,International,,,,,,,,,,,
1,Joe ,Willis,1530,Nashville SC,Senior,12/31/2025,2026,8/10/1988,Goalkeeper,USA,Domestic,,,,,,,,,,,
2,Daniel ,Lovitz,1528,Nashville SC,Senior,12/31/2025,2026,8/27/1991,Defender,USA,Domestic,,,,,,,,,,,
3,Tate,Schmitt,0,Nashville SC,Senior,12/31/2025,2026,5/28/1997,Defender,USA,Domestic,,,,,,,,,,,
4,Jeisson ,Palacios,702,Nashville SC,Senior,12/31/2026,2027,3/20/1994,Defender,Colombia,International,,,,,,,,,,,
5,Jack ,Maher,1485,Nashville SC,Senior TAM,12/31/2027,None,10/28/1999,Defender,USA,Domestic,,,,,,,,,,,
6,Bryan ,Acosta,68,Nashville SC,Senior,12/31/2025,2026,11/24/1993,Midfielder,Honduras,Domestic,,,,,,,,,,,
7,Gastón ,Brugman,441,Nashville SC,Senior TAM,12/31/2025,2026,9/7/1992,Midfielder,Uruguay,Domestic,,,,,,,,,,,
8,Patrick ,Yazbek,1008,Nashville SC,U22 Initiative,12/31/2027,2028,4/5/2002,Midfielder,Australia,International,,,,,,,,,,,
9,Sam ,Surridge,1464,Nashville SC,Designated Player,12/31/2026,2027,7/28/1998,Forward,England,International,,,,,,,,,,,
10,Hany ,Mukhtar,1498,Nashville SC,Designated Player,12/31/2026,2027,3/21/1995,Midfielder,Germany,Domestic,,,,,,,,,,,
11,Tyler ,Boyd,0,Nashville SC,Senior TAM,12/31/2026,2027,12/30/1994,Forward,New Zealand,Domestic,,,,,,,,,,,
12,Teal ,Bunbury,99,Nashville SC,Senior,12/31/2025,None,2/27/1990,Forward,Canada,Domestic,,,,,,,,,,,
13,Xavier ,Valdez,0,Nashville SC,Supplemental ,12/31/2025,2026 and 2027,11/23/2003,Goalkeeper,USA,Domestic,,,,,,,,,,,
14,Jacob ,Shaffelburg,512,Nashville SC,Senior,12/31/2026,2027,11/26/1999,Midfielder,Canada,Domestic,,,,,,,,,,,
16,Matthew ,Corcoran,228,Nashville SC,Supplemental ,12/31/2027,2028 and 2029,2/17/2006,Midfielder,USA,Domestic,,,,,,,,,,,
19,Alex ,Muyl,1193,Nashville SC,Senior,12/31/2025,2026,9/30/1995,Midfielder,USA,Domestic,,,,,,,,,,,
20,Edvard ,Tagseth,1409,Nashville SC,Senior,12/31/2026,2027,1/23/2001,Midfielder,Norway,International,,,,,,,,,,,
22,Josh ,Bauer,327,Nashville SC,Supplemental ,12/31/2026,2027,7/22/1998,Defender,USA,Domestic,,,,,,,,,,,
23,Taylor ,Washington,0,Nashville SC,Supplemental,12/31/2025,None,8/16/1993,Defender,USA,Domestic,,,,,,,,,,,
25,Walker ,Zimmerman,770,Nashville SC,Designated Player,12/31/2025,None,5/19/1993,Defender,USA,Domestic,,,,,,,,,,,
28,Wyatt,Meyer,161,Nashville SC,Supplemental,12/31/2025,2026 and 2027 and 2028,1/11/2001,Defender,USA,Domestic,,,,,,,,,,,
29,Julian ,Gaines,10,Nashville SC,Supplemental,12/31/2025,2026,11/5/2002,Defender,USA,Domestic,,,,,,,,,,,
24,Jonathan,Perez,253,Nashville SC,Senior,12/31/2025 (LOAN),Option to BUY,1/18/2003,Forward,USA,Domestic,,,,,,,,,,,
31,Andy,Najar,1249,Nashville SC,Senior,12/31/2025,2026,3/16/1993,Defender,Honduras,Domestic,,,,,,,,,,,
33,Christopher ,Applewhite,115,Nashville SC,Homegrown,12/31/2027,2028 and 2029,8/23/2007,Defender,USA,Domestic,,,,,,,,,,,
37,Ahmed ,Qasem,770,Nashville SC,U22 Initiative,12/31/2027,2028,7/12/2003,Midfielder,Sweden,International,,,,,,,,,,,
47,Isaiah,Jones,0,Nashville SC,Off-Roster Homegrown,12/31/2027,2028,4/8/2006,Midfielder,Sierra Leone,Domestic,,,,,,,,,,,
77,Adem ,Sipic,0,Nashville SC,Off-Roster Homegrown,12/31/2027,2028,4/5/2006,Forward,USA,Domestic,,,,,,,,,,,
99,Brian ,Schwake,0,Nashville SC,Supplemental,12/31/2026,2027,8/24/2001,Goalkeeper,USA,Domestic,,,,,,,,,,,
4,Tanner ,Beason,916,NE Revolution,Senior,12/31/2026,2027,3/23/1997,Defender,USA,Domestic,,,,,,,,,,,
24,Alex ,Bono,0,NE Revolution,Senior,12/31/2026,None,4/25/1994,Goalkeeper,USA,Domestic,,,,,,,,,,,
15,Brandon ,Bye,406,NE Revolution,Senior,12/31/2025,None,11/29/1995,Defender,USA,Domestic,,,,,,,,,,,
9,Leo ,Campana,565,NE Revolution,Senior TAM,12/31/2027,2028,7/24/2000,Forward,Ecuador,Domestic,,,,,,,,,,,
3,Brayan ,Ceballos,1144,NE Revolution,Senior TAM,12/31/2027,2028,5/24/2001,Defender,Colombia,International,,,,,,,,,,,
7,Tomás ,Chancalay,362,NE Revolution,Designated Player,12/31/2026,2027,1/1/1999,Midfielder,Argentina,International,,,,,,,,,,,
11,Luis ,Diaz Espinoza,313,NE Revolution,Supplemental,12/31/2025,2026 and 2027,12/6/1998,Midfielder,Costa Rica,Domestic,,,,,,,,,,,
88,Andrew ,Farrell,0,NE Revolution,Senior,12/31/2025,2026,4/2/1992,Defender,USA,Domestic,,,,,,,,,,,
12,Ilay ,Feingold,1286,NE Revolution,U22 Initiative,12/31/2027,2028,8/23/2004,Defender,Israel,International,,,,,,,,,,,
2,Mamadou ,Fofana,1394,NE Revolution,Senior TAM,12/31/2027,2028,1/21/1998,Defender,Mali,International,,,,,,,,,,,
32,Malcolm,Fry,0,NE Revolution,Homegrown,12/31/2026,2027,5/15/2005,Forward,USA,Domestic,,,,,,,,,,,
17,Ignatius ,Ganago,1251,NE Revolution,Senior TAM,7/1/2025,Option to BUY,2/16/1999,Forward,Cameroon,International,,,,,,,,,,,
38,Eric,Klein,1,NE Revolution,Homegrown,12/31/2026,2027 and 2028 and 2029,11/20/2006,Midfielder,USA,Domestic,,,,,,,,,,,
10,Carles ,Gil,1437,NE Revolution,Designated Player,12/31/2026,2027,11/22/1992,Midfielder,Spain,Domestic,,,,,,,,,,,
31,Aljaz ,Ivacic,1440,NE Revolution,Supplemental,12/31/2025,2026,12/29/1993,Goalkeeper,Slovenia,International,,,,,,,,,,,
41,Luca ,Langoni,429,NE Revolution,U22 Initiative,12/31/2027,2028,2/9/2002,Forward,Argentina,International,,,,,,,,,,,
30,Damario ,McIntosh,0,NE Revolution,Homegrown,12/31/2028,2029,8/17/2007,Defender,Jamaica,Domestic,,,,,,,,,,,
25,Peyton,Miller,909,NE Revolution,Homegrown,12/31/2027,2028,11/8/2007,Defender,USA,Domestic,,,,,,,,,,,
16,Wyatt,Omsberg,166,NE Revolution,Senior,12/31/2025,2026,9/21/1995,Defender,USA,Domestic,,,,,,,,,,,
33,Donovan ,Parisian,0,NE Revolution,Supplemental,12/31/2026,2027 and 2028,9/27/2004,Goalkeeper,USA,Domestic,,,,,,,,,,,
8,Matthew ,Polster,1155,NE Revolution,Senior,12/31/2027,None,6/8/1993,Midfielder,USA,Domestic,,,,,,,,,,,
23,Will ,Sands,289,NE Revolution,Senior,12/31/2026,2027,7/6/2000,Defender,USA,Domestic,,,,,,,,,,,
37,Maxi ,Urruti,437,NE Revolution,Supplemental,12/31/2025,2026,2/22/1991,Forward,Argentina,Domestic,,,,,,,,,,,
14,Jackson ,Yueill,390,NE Revolution,Senior TAM,12/31/2027,2028 and  2029,3/19/1997,Midfielder,USA,Domestic,,,,,,,,,,,
80,Alhassan ,Yusuf,1435,NE Revolution,Senior TAM,12/31/2027,2028,7/18/2000,Midfielder,Nigeria,International,,,,,,,,,,,
5,Keegan,Hughes,92,NE Revolution,Supplemental,12/31/2025,2026 and 2027,7/22/2000,Defender,USA,Domestic,,,,,,,,,,,
5,Birk ,Risa,925,NYCFC,Senior,12/31/2025,2026,2/13/1998,Defender,Norway,International,,,,,,,,,,,
9,Mounsef ,Bakrar,485,NYCFC,Senior TAM,12/31/2026,2027,1/13/2001,Forward,Algeria,Domestic,,,,,,,,,,,
10,Maxi ,Moralez,1456,NYCFC,Senior,12/31/2025,None,2/27/1987,Midfielder,Argentina,Domestic,,,,,,,,,,,
99,Seymour,Garfield-Reid,29,NYCFC,Homegrown,12/31/2029,2030,3/4/2008,Forward,Jamaica,Domesitc,,,,,,,,,,,
11,Julián ,Fernández,994,NYCFC,U22 Initiative,12/31/2027,2028,1/30/2004,Forward,Argentina,Domestic,,,,,,,,,,,
19,Strahinja ,Tanasijević,340,NYCFC,Senior,12/31/2025,2026 and  2027,6/12/1997,Defender,Yugoslavia,International,,,,,,,,,,,
13,Thiago ,Martins,1455,NYCFC,Designated Player,12/31/2025,2026,3/17/1995,Defender,Brazil,Domestic,,,,,,,,,,,
16,Alonso ,Martínez,1389,NYCFC,Senior TAM,12/31/2027,2028 and 2029,10/15/1998,Forward,Costa Rica,International,,,,,,,,,,,
17,Hannes ,Wolf,1465,NYCFC,Senior TAM,12/31/2027,2028,4/16/1999,Forward,Austria,International,,,,,,,,,,,
18,Greg ,Ranjitsingh,0,NYCFC,Supplemental ,12/31/2026,2027,7/18/1993,Goalkeeper,Canada,Domestic,,,,,,,,,,,
22,Kevin ,O'Toole,762,NYCFC,Senior,12/31/2025,2026,12/14/1998,Forward,USA,Domestic,,,,,,,,,,,
8,Andres,Perea,420,NYCFC,Senior,12/31/2025,2026,11/14/2000,Midfielder,USA,Domestic,,,,,,,,,,,
24,Tayvon ,Gray,592,NYCFC,Homegrown,12/31/2025,2026,8/19/2002,Defender,USA,Domestic,,,,,,,,,,,
26,Agustín ,Ojeda,674,NYCFC,U22 Initiative,12/31/2028,2029,6/19/2004,Forward,Argentina,Domestic,,,,,,,,,,,
29,Máximo ,Carrizo,68,NYCFC,Homegrown,12/31/2027,2028,2/28/2008,Midfielder,USA,Domestic,,,,,,,,,,,
30,Tomas ,Romero,90,NYCFC,Supplemental ,12/31/2025,2026,12/19/2000,Goalkeeper,USA,Domestic,,,,,,,,,,,
32,Jonathan ,Shore,1091,NYCFC,Homegrown,12/31/2027,2028,4/13/2007,Midfielder,USA,Domestic,,,,,,,,,,,
33,Prince ,Amponsah,0,NYCFC,Homegrown,12/31/2025,2026 2027 and 2028,8/30/2003,Defender,USA,Domestic,,,,,,,,,,,
35,Mitja ,Ilenic,879,NYCFC,Senior,12/31/2026,2027,12/26/2004,Defender,Slovenia,Domestic,,,,,,,,,,,
36,Zidane ,Yañez,0,NYCFC,Off-Roster Homegrown,12/31/2028,2029,1/26/2008,Forward,USA,Domestic,,,,,,,,,,,
38,Drew ,Baiera,0,NYCFC,Homegrown,12/31/2027,2028,2/28/2007,Defender,USA,Domestic,,,,,,,,,,,
44,Alex ,Rando,0,NYCFC,Off-Roster Homegrown,12/31/2025,2026 and 2027,4/15/2001,Goalkeeper,USA,Domestic,,,,,,,,,,,
21,Aiden ,O'Neill,422,NYCFC,Senior TAM,12/31/2028,,7/4/1998,Midfielder,Australia,International,,,,,,,,,,,
47,Jacob,Arroyave,0,NYCFC,Off-Roster Homegrown,12/31/2027,2028,11/12/2007,Midfielder,USA,Domestic,,,,,,,,,,,
49,Matt,Freese,1530,NYCFC,Senior,12/31/2026,2027,9/2/1998,Goalkeeper,USA,Domestic,,,,,,,,,,,
55,Keaton ,Parks,882,NYCFC,Senior TAM,12/31/2026,2027 and 2028,8/6/1997,Midfielder,USA,Domestic,,,,,,,,,,,
88,Malachi ,Jones,0,NYCFC,Supplemental,12/31/2026,2027,9/23/2003,Forward,Sierra Leone,Domestic,,,,,,,,,,,
23,Max,Murray,0,NYCFC,Supplemental,12/31/2025,2026 2027 and 2028,4/8/2002,Defender,USA,Domestic,,,,,,,,,,,
2,Nico ,Cavallo,298,NYCFC,Supplemental ,12/31/2025,2026 2027 and 2028,12/27/2001,Defender,USA,Domestic,,,,,,,,,,,
80,Justin,Haak,1570,NYCFC,Senior,12/31/2025,None,9/21/2001,Midfielder,USA,Domestic,,,,,,,,,,,
1,AJ ,Marcucci,90,NY Red Bulls,Supplemental ,12/31/2025,2026 and 2027,7/31/1999,Goalkeeper,USA,Domestic,,,,,,,,,,,
21,Aidan ,Stokes,0,NY Red Bulls,Homegrown,12/31/2027,2028,1/14/2008,Goalkeeper,USA,Domestic,,,,,,,,,,,
31,Carlos,Coronel,1530,NY Red Bulls,Senior,12/31/2025,None,12/29/1996,Goalkeeper,Brazil,Domestic,,,,,,,,,,,
3,Noah ,Eile,1485,NY Red Bulls,U22 Initiative,12/31/2027,2028,7/19/2002,Defender,Sweden,International,,,,,,,,,,,
5,Omar ,Valencia,953,NY Red Bulls,Supplemental,12/31/2027,2028,6/8/2004,Defender,Panama,International,,,,,,,,,,,
6,Kyle ,Duncan,713,NY Red Bulls,Senior TAM,12/31/2025,2026,8/8/1997,Defender,USA,Domestic,,,,,,,,,,,
12,Dylan ,Nealis,609,NY Red Bulls,Senior,12/31/2027,2028,7/30/1998,Defender,USA,Domestic,,,,,,,,,,,
15,Sean ,Nealis,1090,NY Red Bulls,Senior,12/31/2025,2026,1/13/1997,Defender,USA,Domestic,,,,,,,,,,,
24,Curtis ,Ofori,0,NY Red Bulls,Homegrown,12/31/2025,2026,11/20/2005,Defender,USA,Domestic,,,,,,,,,,,
26,Tim ,Parker,323,NY Red Bulls,Senior,12/31/2025,2026,2/23/1993,Defender,USA,Domestic,,,,,,,,,,,
42,Alexander,Hack ,782,NY Red Bulls,Senior TAM,12/31/2026,2027,9/8/1993,Defender,Germany,International,,,,,,,,,,,
44,Raheem ,Edwards ,660,NY Red Bulls,Senior,12/31/2026,2027,7/17/1995,Defender,Canada,Domestic,,,,,,,,,,,
14,Marcelo ,Morales,0,NY Red Bulls,Senior,12/31/2027,2028,6/6/2003,Defender,Chile,International,,,,,,,,,,,
8,Peter ,Stroud,1147,NY Red Bulls,Homegrown,12/31/2025,2026 and 2027,4/23/2002,Midfielder,USA,Domestic,,,,,,,,,,,
9,Lewis ,Morgan,124,NY Red Bulls,Senior TAM,12/31/2026,2027 and 2028,9/30/1996,Midfielder,Scotland,International,,,,,,,,,,,
10,Emil ,Forsberg,1456,NY Red Bulls,Designated Player,12/31/2026,2027,10/23/1991,Midfielder,Sweden,International,,,,,,,,,,,
17,Cameron ,Harper,634,NY Red Bulls,Senior,12/31/2027,2028,11/19/2001,Midfielder,USA,Domestic,,,,,,,,,,,
19,Wiki ,Carmona,889,NY Red Bulls,Senior,12/31/2027,2028,2/24/2003,Midfielder,Venezuela,Domestic,,,,,,,,,,,
20,Felipe ,Carballo,820,NY Red Bulls,Senior TAM,6/2025(LOAN),Option to BUY,10/4/1996,Midfielder,Uruguay,International,,,,,,,,,,,
22,Dennis ,Gjengaar,479,NY Red Bulls,U22 Initiative,12/31/2027,2028,2/24/2004,Midfielder,Norway,International,,,,,,,,,,,
37,Mohammed ,Sofo,624,NY Red Bulls,Supplemental,12/31/2026,2027 and 2028,11/30/2004,Midfielder,Ghana,International,,,,,,,,,,,
48,Ronald,Donkor,99,NY Red Bulls,Senior,12/31/2026,2027,11/20/2004,Midfielder,Ghana,International,,,,,,,,,,,
75,Daniel ,Edelman,1125,NY Red Bulls,Senior,12/31/2027,2028,4/28/2003,Midfielder,USA,Domestic,,,,,,,,,,,
77,Adri ,Mehmeti,0,NY Red Bulls,Off-Roster Homegrown,12/31/2028,2029,4/6/2009,Midfielder,USA,Domestic,,,,,,,,,,,
88,Aiden ,Jarvis,0,NY Red Bulls,Off-Roster Homegrown,12/31/2028,2029,11/14/2006,Midfielder,USA,Domestic,,,,,,,,,,,
7,Wiktor ,Bogacz,127,NY Red Bulls,U22 Initiative,12/31/2028,2029,7/14/2004,Forward,Poland,International,,,,,,,,,,,
13,Eric Maxim ,Choupo-Moting,1483,NY Red Bulls,Designated Player,12/31/2026,2027,3/23/1989,Forward,Germany,International,,,,,,,,,,,
16,Julian ,Hall,208,NY Red Bulls,Homegrown,12/31/2026,2027,3/24/2008,Forward,USA,Domestic,,,,,,,,,,,
33,Roald ,Mitchell,0,NY Red Bulls,Homegrown,12/31/2026,2027 and 2028,1/13/2003,Forward,USA,Domestic,,,,,,,,,,,
66,Tanner ,Rosborough,0,NY Red Bulls,Off-Roster Homegrown,12/31/2028,2029,3/21/2008,Forward,USA,Domestic,,,,,,,,,,,
81,Serge ,Ngoma,268,NY Red Bulls,Homegrown,12/31/2027,2028,7/9/2005,Forward,USA,Domestic,,,,,,,,,,,
77,Iván,Angulo,1344,Orlando City,Senior TAM,12/31/2025,2026,3/22/1999,Forward,Colombia,Domestic,,,,,,,,,,,
5,César ,Araújo,997,Orlando City,Senior TAM,12/31/2025,None,4/2/2001,Midfielder,Uruguay,Domestic,,,,,,,,,,,
20,Eduard ,Atuesta,903,Orlando City,Senior TAM,12/31/2025,2026,6/18/1997,Midfielder,Colombia,International,,,,,,,,,,,
4,David ,Brekalo,1202,Orlando City,Senior TAM,12/31/2027,2028,12/3/1998,Defender,Slovenia,Domestic,,,,,,,,,,,
7,Ramiro ,Enrique,420,Orlando City,U22 Initiative,12/31/2025,2026 and 2027,5/4/2001,Forward,Argentina,Domestic,,,,,,,,,,,
30,Alex ,Freeman,1474,Orlando City,Senior,12/31/2025,2026,8/9/2004,Defender,USA,Domestic,,,,,,,,,,,
1,Pedro ,Gallese,1530,Orlando City,Senior TAM,12/31/2025,None,2/23/1990,Goalkeeper,Peru,Domestic,,,,,,,,,,,
35,Joran ,Gerbet,906,Orlando City,Supplemental,12/31/2026,2027 and 2028,6/30/2001,Midfielder,France,International,,,,,,,,,,,
25,Colin,Guske,6,Orlando City,Off-Roster Homegrown,12/31/2027,2028,1/29/2007,Midfielder,USA,Domestic,,,,,,,,,,,
6,Robin ,Jansson,1440,Orlando City,Senior,12/31/2025,2026,11/15/1991,Defender,Sweden,Domestic,,,,,,,,,,,
95,Favian ,Loyola,0,Orlando City,Supplemental ,12/31/2025,2026 and 2027,5/18/2005,Midfielder,USA,Domestic,,,,,,,,,,,
13,Duncan ,McGuire,349,Orlando City,Senior TAM,12/31/2027,2028,2/5/2001,Forward,USA,Domestic,,,,,,,,,,,
96,Zakaria,Taifi,5,Orlando City,Homegrown,12/31/2026,2027 and 2028 and 2029,10/1/2005,Defender,USA,Domestic,,,,,,,,,,,
99,Carlos ,Mercado,0,Orlando City,Senior,12/31/2025,2026 and 2027,9/27/1999,Goalkeeper,USA,Domestic,,,,,,,,,,,
65,Gustavo,Caraballo,13,Orlando City,Off Roster Homegrown,12/31/2027,2028,8/29/2008,Midfielder,Venezuela,Domestic,,,,,,,,,,,
23,Shakur ,Mohammed,0,Orlando City,Supplemental (GA),12/31/2025,2026 and 2027,8/27/2003,Midfielder,Ghana,Domestic,,,,,,,,,,,
9,Luis ,Muriel,1263,Orlando City,Designated Player,12/31/2026,None,4/16/1991,Forward,Colombia,International,,,,,,,,,,,
10,Martín ,Ojeda,1347,Orlando City,Designated Player,12/31/2025,2026 and 2027,11/27/1998,Midfielder,Argentina,Domestic,,,,,,,,,,,
12,Javier ,Otero,90,Orlando City,Homegrown,12/31/2025,2026,11/18/2002,Goalkeeper,Venezuela,Domestic,,,,,,,,,,,
87,Marco ,Pašalić,1405,Orlando City,Designated Player,12/31/2027,2028,9/14/2000,Forward,Germany,International,,,,,,,,,,,
29,Tahir ,Reid-Brown,0,Orlando City,Off-Roster Homegrown,12/31/2027,2028,7/2/2006,Defender,USA,Domestic,,,,,,,,,,,
11,Nicolás ,Rodríguez,26,Orlando City,U22 Intiative,12/31/2027,2028,4/24/2004,Midfielder,Colombia,International,,,,,,,,,,,
3,Rafael ,Santos,533,Orlando City,Senior,12/31/2025,2026,2/5/1998,Defender,Brazil,Domestic,,,,,,,,,,,
15,Rodrigo ,Schlegel,1446,Orlando City,Senior,12/31/2026,2027,4/3/1997,Defender,Argentina,Domestic,,,,,,,,,,,
24,Kyle ,Smith,495,Orlando City,Senior,12/31/2025,None,1/9/1992,Defender,USA,Domestic,,,,,,,,,,,
17,Dagur ,Thorhallsson,556,Orlando City,Senior,12/31/2026,2027,5/2/2000,Midfielder,Iceland,Domestic,,,,,,,,,,,
68,Thomas ,Williams,10,Orlando City,Supplemental ,12/31/2026,2027,8/15/2004,Defender,USA,Domestic,,,,,,,,,,,
35,Markus ,Anderson,33,Philadelphia Union,Senior,12/31/2026,2027 and 2028,12/11/2003,Midfielder,USA,Domestic,,,,,,,,,,,
9,Tai,Baribo,1129,Philadelphia Union,Senior TAM,12/31/2025,2026,1/15/1998,Forward,Israel,International,,,,,,,,,,,
11,Alejandro ,Bedoya,285,Philadelphia Union,Senior,12/31/2025,None,4/29/1987,Midfielder,USA,Domestic,,,,,,,,,,,
18,Andre ,Blake,900,Philadelphia Union,Senior TAM,12/31/2026,2027,11/21/1990,Goalkeeper,Jamaica,Domestic,,,,,,,,,,,
8,Jesús ,Bueno,358,Philadelphia Union,Senior,12/31/2026,2027,4/15/1999,Midfielder,Venezuela,Senior,,,,,,,,,,,
20,Bruno ,Damiani,883,Philadelphia Union,Young Designated Player,12/31/2028,2029,4/18/2002,Forward,Uruguay,International,,,,,,,,,,,
16,Ben,Bender,77,Philadelphia Union,Supplemental,12/31/2025,None,3/7/2001,Midfielder,USA,Domestic,,,,,,,,,,,
77,Edward ,Davis,0,Philadelphia Union,Off-Roster Homegrown,12/31/2027,2028 and 2029,6/17/2006,Forward,USA,Domestic,,,,,,,,,,,
25,Chris ,Donovan,245,Philadelphia Union,Senior,12/31/2025,2026 and 2027,8/8/2000,Forward,USA,Domestic,,,,,,,,,,,
2,Ian,Glavinovich,257,Philadelphia Union,Senior TAM,12/31/2025 (LOAN),Option to BUY,10/27/2001,Defender,Argentina,International,,,,,,,,,,,
5,Jakob ,Glesnes,1441,Philadelphia Union,Senior TAM,12/31/2025,2026,3/25/1994,Defender,Norway,Domestic,,,,,,,,,,,
26,Nathan ,Harriel,1121,Philadelphia Union,Senior,12/31/2025,2026 and 2027,4/23/2001,Defender,USA,Domestic,,,,,,,,,,,
21,Danley ,Jacques,1221,Philadelphia Union,Senior TAM,12/31/2026,2027 and 2028,5/20/2000,Midfielder,Haiti,International,,,,,,,,,,,
12,Isaiah ,LeFlore,0,Philadelphia Union,Supplemental,12/31/2025,2026 and 2027,12/11/2002,Defender,USA,Domestic,,,,,,,,,,,
4,Jovan ,Lukic,1402,Philadelphia Union,Senior,12/31/2026,2027 and 2028,1/20/2002,Midfielder,Yugoslavia,International,,,,,,,,,,,
29,Olwethu ,Makhanya,960,Philadelphia Union,U22 Initiative,12/31/2025,2026 and 2027,4/30/2004,Defender,South Africa,International,,,,,,,,,,,
16,Ben,Bender,97,Philadelphia Union,Supplemental,12/31/2025,,3/7/2001,Midfielder,USA,Domestic,,,,,,,,,,,
15,Olivier ,Mbaizo,137,Philadelphia Union,Senior,12/31/2026,2027 and 2028,8/15/1997,Defender,Cameroon,Domestic,,,,,,,,,,,
55,Sal ,Olivas,0,Philadelphia Union,Off-Roster Homegrown,12/31/2028,2029,7/11/2006,Midfielder,USA,Domestic,,,,,,,,,,,
17,Christopher ,Olney Jr,0,Philadelphia Union,Homegrown,12/31/2028,2029,12/16/2006,Midfielder,USA,Domestic,,,,,,,,,,,
44,Neil ,Pierre,0,Philadelphia Union,Off-Roster Homegrown,12/31/2028,2029,10/9/2007,Midfielder,USA,Domestic,,,,,,,,,,,
14,Jeremy ,Rafanello,41,Philadelphia Union,Homegrown,12/31/2026,2027 and 2028,4/14/2000,Midfielder,USA,Domestic,,,,,,,,,,,
76,Andrew ,Rick,720,Philadelphia Union,Homegrown,12/31/2028,2029,1/30/2006,Goalkeeper,USA,Domestic,,,,,,,,,,,
1,Oliver,Semmle,0,Philadelphia Union,Senior,12/31/2025,2026,3/28/1998,Goalkeeper,Germany,International,,,,,,,,,,,
6,Cavan ,Sullivan,51,Philadelphia Union,Homegrown,12/31/2028,None,9/28/2009,Midfielder,USA,Domestic,,,,,,,,,,,
33,Quinn ,Sullivan,1288,Philadelphia Union,U22 Initiative,12/31/2027,2028,3/27/2004,Midfielder,USA,Domestic,,,,,,,,,,,
7,Mikael ,Uhre,880,Philadelphia Union,Designated Player,12/31/2025,None,9/30/1994,Forward,Denmark,Domestic,,,,,,,,,,,
19,Indiana ,Vassilev,1006,Philadelphia Union,Senior,12/31/2025,2026,2/16/2001,Midfielder,USA,Domestic,,,,,,,,,,,
22,David ,Vazquez,0,Philadelphia Union,Homegrown,12/31/2027,2028,2/22/2006,Midfielder,USA,Domestic,,,,,,,,,,,
27,Kai ,Wagner,1431,Philadelphia Union,Senior TAM,12/31/2026,2027,2/15/1997,Defender,Germany,Domestic,,,,,,,,,,,
39,Francis ,Westfield,1279,Philadelphia Union,Off-Roster Homegrown,12/31/2028,2029,12/9/2005,Midfielder,USA,Domestic,,,,,,,,,,,
11,Antony ,Santos,1384,Portland Timbers,U22 Initiative,12/31/2026,2027,9/8/2001,Forward,Brazil,Domestic,,,,,,,,,,,
24,David ,Ayala,1383,Portland Timbers,U22 Initiative,12/31/2025,2026,7/26/2002,Midfielder,Argentina,Domestic,,,,,,,,,,,
5,Claudio ,Bravo,328,Portland Timbers,Senior TAM,12/31/2026,2027,3/13/1997,Defender,Argentina,Domestic,,,,,,,,,,,
21,Diego ,Chara,718,Portland Timbers,Senior TAM,12/31/2025,2026,4/5/1986,Midfielder,Colombia,Domestic,,,,,,,,,,,
16,Maxime ,Crépeau,630,Portland Timbers,Senior,12/31/2025,2026,5/11/1994,Goalkeeper,Canada,Domestic,,,,,,,,,,,
10,David ,Da Costa,1519,Portland Timbers,Designated Player,12/31/2028,2029,1/5/2001,Midfielder,Portugal,International,,,,,,,,,,,
27,Jimer ,Fory,1205,Portland Timbers,Senior TAM,12/31/2028,2029,5/24/2002,Defender,Colombia,International,,,,,,,,,,,
19,Kevin ,Kelsy,715,Portland Timbers,U22 Initiative,12/31/2028,2029,7/27/2004,Forward,Venezuela,International,,,,,,,,,,,
22,Omir,Fernandez,215,Portland Timbers,Senior,12/31/2026,2027,2/8/1999,Midfielder,USA,Domestic,,,,,,,,,,,
7,Ariel ,Lassiter,219,Portland Timbers,Senior,12/31/2026,2027,9/27/1994,Midfielder,Costa Rica,Domestic,,,,,,,,,,,
18,Zac ,McGraw,241,Portland Timbers,Senior,12/31/2026,2027,6/8/1997,Defender,USA,Domestic,,,,,,,,,,,
4,Kamal ,Miller,1134,Portland Timbers,Senior,12/31/2026,2027,5/16/1997,Defender,Canada,Domestic,,,,,,,,,,,
15,Eric ,Miller,306,Portland Timbers,Supplemental ,12/31/2025,None,1/15/1993,Defender,USA,Domestic,,,,,,,,,,,
9,Felipe ,Mora,973,Portland Timbers,Senior TAM,12/31/2025,2026,8/2/1993,Forward,Chile,Domestic,,,,,,,,,,,
30,Santiago ,Moreno,1259,Portland Timbers,U22 Initiative,12/31/2026,2027,4/21/2000,Forward,Colombia,Domestic,,,,,,,,,,,
29,Juan,Mosquera,1140,Portland Timbers,Senior TAM,12/31/2027,2028,9/5/2002,Defender,Colombia,Domestic,,,,,,,,,,,
25,Trey ,Muse,0,Portland Timbers,Supplemental,12/31/2025,2026,7/26/1999,Goalkeeper,USA,Domestic,,,,,,,,,,,
80,Joao ,Ortiz,722,Portland Timbers,Senior,12/31/2027,2028,5/1/1996,Midfielder,Ecuador,International,,,,,,,,,,,
41,James ,Pantemis,990,Portland Timbers,Supplemental ,12/31/2025,2026,2/21/1997,Goalkeeper,Canada,International,,,,,,,,,,,
17,Cristhian ,Paredes,391,Portland Timbers,Senior,12/31/2025,2026,5/18/1998,Midfielder,Paraguay,Domestic,,,,,,,,,,,
14,Jonathan ,Rodríguez,149,Portland Timbers,Designated Player,12/31/2026,2027,7/6/1993,Forward,Uruguay,International,,,,,,,,,,,
23,Ian ,Smith,300,Portland Timbers,Supplemental,12/31/2025,2026 and 2027 and 2028,7/16/2002,Defender,USA,Domestic,,,,,,,,,,,
20,Finn ,Surman,1416,Portland Timbers,Senior,12/31/2026,2027,9/23/2003,Defender,New Zealand,Domestic,,,,,,,,,,,
13,Dario ,Zuparic,405,Portland Timbers,Senior TAM,12/31/2025,None,5/3/1992,Defender,Croatia,Domestic,,,,,,,,,,,
30,Owen ,Anderson,0,RSL,Off-Roster Homegrown,12/31/2028,2029,6/6/2007,Midfielder,USA,Domestic,,,,,,,,,,,
17,Lachlan,Brook,97,RSL,Senior,12/31/2025,2026 and 2027,2/8/2001,Midfielder,Australia,International,,,,,,,,,,,
1,Rafael ,Cabral,1620,RSL,Senior,12/31/2026,2027,5/20/1990,Goalkeeper,Brazil,International,,,,,,,,,,,
14,Emeka ,Eneli,1157,RSL,Senior,12/31/2028,2029,10/18/1999,Midfielder,USA,Domestic,,,,,,,,,,,
32,Zackery ,Farnsworth,0,RSL,Homegrown,12/31/2025,2026 and 2027 and 2028,7/13/2002,Defender,USA,Domestic,,,,,,,,,,,
15,Justen ,Glad,1350,RSL,Senior TAM,12/31/2026,2027,2/28/1997,Defender,USA,Domestic,,,,,,,,,,,
10,Diogo ,Gonçalves,1054,RSL,Designated Player,12/31/2026,2027 and 2028,2/6/1997,Midfielder,Portugal,International,,,,,,,,,,,
9,William,Agada,532,RSL,Senior,12/31/2025,None,9/17/1999,Forward,Nigeria,International,,,,,,,,,,,
72,Zavier ,Gozo,815,RSL,Homegrown,12/31/2027,2028 and 2029,3/22/2007,Midfielder,USA,Domestic,,,,,,,,,,,
3,Kobi ,Henry,39,RSL,Supplemental,12/31/2025 (LOAN),Option to BUY,4/26/2004,Defender,USA,Domestic,,,,,,,,,,,
39,Aiden ,Hezarkhani,57,RSL,Off-Roster Homegrown,12/31/2028,2029,6/28/2007,Forward,USA,Domestic,,,,,,,,,,,
12,Matthew,Bell,0,RSL,Supplemental,12/31/2025,2026 and 2027,8/27/2002,Forward,Jamaica,Internnational,,,,,,,,,,,
36,Jesus,Barea,231,RSL,Supplemental,12/31/2025,2026 and 2027 and 2028,4/28/2002,Forward,Spain,International,,,,,,,,,,,
19,Bode ,Hidalgo,700,RSL,Senior,12/31/2027,2028 and 2029,2/22/2002,Midfielder,USA,Domestic,,,,,,,,,,,
29,Sam ,Junqua,931,RSL,Senior,12/31/2025,None,11/9/1996,Defender,USA,Domestic,,,,,,,,,,,
98,Alexandros ,Katranis,1041,RSL,Senior,12/31/2025,2026 and 2027,5/4/1998,Defender,Greece,International,,,,,,,,,,,
21,Axel ,Kei,0,RSL,Off-Roster Homegrown,12/31/2025,2026,12/30/2007,Forward,Côte d'Ivoire,Domestic,,,,,,,,,,,
24,Max ,Kerkvliet,0,RSL,Supplemental,12/31/2026,2027 and 2028,10/1/2005,Goalkeeper,USA,Domestic,,,,,,,,,,,
8,Diego ,Luna,1341,RSL,U22 Initiative,12/31/2026,2027 and 2028,9/7/2003,Midfielder,USA,Domestic,,,,,,,,,,,
18,Zac,MacMath,0,RSL,Senior,12/31/2025,None,8/7/1991,Goalkeeper,USA,Domestic,,,,,,,,,,,
11,Dominik ,Marczuk,804,RSL,U22 Initiative,12/31/2027,2028,11/1/2003,Midfielder,Poland,International,,,,,,,,,,,
40,Omar ,Marquez,0,RSL,Off-Roster Homegrown,12/31/2028,2029 and 2030,2/21/2008,Midfielder,USA,Domestic,,,,,,,,,,,
34,Luca,Moisa,0,RSL,Off-Roster Homegrown,12/31/2027,2028,4/20/2008,Midfielder,USA,Domestic,,,,,,,,,,,
6,Braian,Ojeda,1319,RSL,Senior TAM,12/31/2025,2026 and 2027,6/27/2000,Midfielder,Paraguay,International,,,,,,,,,,,
92,Noel,Caliskan,637,RSL,Supplemental,12/31/2025,2026 and 2027,8/29/2000,Defender,Germany,Domestic,,,,,,,,,,,
77,Johnny,Russell,101,RSL,Senior,12/31/2025,,4/8/1990,Forward,Scotland,Domestic,,,,,,,,,,,
13,Nelson ,Palacio,407,RSL,U22 Initiative,12/31/2026,2027 and 2028,6/16/2001,Midfielder,Colombia,International,,,,,,,,,,,
23,Ariath ,Piol,614,RSL,U22 Initiative,12/31/2027,2028 and 2029,10/11/2004,Forward,Australia,International,,,,,,,,,,,
26,Philip ,Quinton,695,RSL,Supplemental,12/31/2025,2026,11/16/1999,Defender,USA,Domestic,,,,,,,,,,,
37,Luis ,Rivera,0,RSL,Off-Roster Homegrown,12/31/2026,2027,12/1/2007,Defender,USA,Domestic,,,,,,,,,,,
7,Pablo ,Ruiz,516,RSL,Senior TAM,12/31/2026,2027 and 2028,12/20/1998,Midfielder,Argentina,Domestic,,,,,,,,,,,
33,Tommy ,Silva,0,RSL,Homegrown,12/31/2025,2026 and 2027,2/21/2002,Defender,USA,Domestic,,,,,,,,,,,
31,Mason ,Stajduhar,0,RSL,Supplemental,12/31/2025,2026,12/2/1997,Goalkeeper,USA,Domestic,,,,,,,,,,,
4,Brayan,Vera,896,RSL,Senior TAM,12/31/2025,2026 and 2027,1/15/1999,Defender,Colombia,Domestic,,,,,,,,,,,
53,Gio ,Villa,0,RSL,Off-Roster Homegrown,12/31/2028,2029 and 2030,1/3/2008,Defender,USA,Domestic,,,,,,,,,,,
16,Tyler ,Wolff,284,RSL,Supplemental,12/31/2026,2027 and 2028,2/13/2003,Midfielder,USA,Domestic,,,,,,,,,,,
38,Jude,Wellings,0,RSL,Off-Roster Homegrown,12/31/2025,2026,4/26/2006,Midfielder,USA,Domestic,,,,,,,,,,,
9,Cristian ,Arango,1178,SJ Earthquakes,Designated Player,12/31/2026,2027,3/9/1995,Forward,Colombia,Domestic,,,,,,,,,,,
11,Ousseni ,Bouda,690,SJ Earthquakes,Supplemental,12/31/2025,None,4/28/2000,Forward,Burkina Faso,Domestic,,,,,,,,,,,
94,Vítor ,Costa,899,SJ Earthquakes,Senior,12/31/2025,2026,7/1/1994,Defender,Brazil,International,,,,,,,,,,,
34,Beau,Leroux,1243,SJ Earthquakes,Supplemental,12/31/2025,2026 and 2027 and 2028,8/31/2003,Midfielder,USA,Domestic,,,,,,,,,,,
44,Chance,Cowell,0,SJ Earthquakes,Off-Roster Homegrown,12/31/2027,2028,7/5/2008,Forward,USA,Domestic,,,,,,,,,,,
42,Daniel,Britto,1145,SJ Earthquakes,Senior TAM,12/31/2026,2027 and 2028,5/6/1994,Goalkeeper,Brazil,International,,,,,,,,,,,
15,Cruz,Medina,0,SJ Earthquakes,Off-Roster Homegrown,12/31/2026,2027,9/24/2006,Midfielder,USA,Domestic,,,,,,,,,,,
38,Edwyn,Mendoza,0,SJ Earthquakes,Off-Roster Homegrown,12/31/2027,2028,5/3/2006,Midfielder,USA,Domestic,,,,,,,,,,,
29,Kaedren ,Spivey,0,SJ Earthquakes,Off-Roster Homegrown,12/31/2028,2029,5/28/2009,Midfielder,USA,Domestic,,,,,,,,,,,
36,Earl ,Edwards Jr.,475,SJ Earthquakes,Senior,12/31/2025,2026,1/24/1992,Goalkeeper,USA,Domestic,,,,,,,,,,,
27,Wilson ,Eisner,0,SJ Earthquakes,Off-Roster Homegrown,12/31/2025,2026 and 2027 and 2028,5/3/2002,Defender,USA,Domestic,,,,,,,,,,,
10,Cristian ,Espinoza,1457,SJ Earthquakes,Designated Player,12/31/2025,2026,4/3/1995,Midfielder,Argentina,Domestic,,,,,,,,,,,
20,Nick ,Fernandez,119,SJ Earthquakes,Supplemental,12/31/2025,2026 and 2027 and 2028,12/22/2001,Midfielder,USA,Domestic,,,,,,,,,,,
6,Ian ,Harkes,1226,SJ Earthquakes,Senior,12/31/2026,2027,3/30/1995,Midfielder,USA,Domestic,,,,,,,,,,,
19,Preston ,Judd,481,SJ Earthquakes,Supplemental,12/31/2026,2027,5/28/1999,Forward,USA,Domestic,,,,,,,,,,,
22,DeJuan,Jones,499,SJ Earthquakes,Senior TAM,12/31/2027,None,6/4/1997,Defender,USA,Domestic,DeJuan,Jones,247,Columbus Crew,12/31/2027,None,6/4/1997,Defender,Senior,USA,Domestic
14,Mark,Anthony-Kaye,567,SJ Earthquakes,Senior TAM,12/31/2025,2026,12/2/1994,Midfielder,Canada,Domestic,,,,,,,,,,,
28,Benji ,Kikanović,76,SJ Earthquakes,Senior,12/31/2025,2026,1/6/2000,Forward,USA,Domestic,,,,,,,,,,,
24,Nick ,Lima,373,SJ Earthquakes,Senior,12/31/2026,2027,11/17/1994,Defender,USA,Domestic,,,,,,,,,,,
23,Hernán ,López,255,SJ Earthquakes,Designated Player,12/31/2026,2027 and 2028,9/7/2000,Midfielder,Argentina,International,,,,,,,,,,,
3,Paul ,Marie,86,SJ Earthquakes,Senior,12/31/2026,None,3/24/1995,Defender,France,Domestic,,,,,,,,,,,
17,Josef ,Martínez,838,SJ Earthquakes,Senior TAM,12/31/2025,2026,5/19/1993,Forward,Venezuela,Domesitc,,,,,,,,,,,
25,Max,Floriani ,458,SJ Earthquakes,Supplemental ,12/31/2025,2026 and 2027 and 2028,2/6/2003,Defender,USA,Domestic,,,,,,,,,,,
31,Francesco ,Montali,0,SJ Earthquakes,Supplemental,12/31/2025,2026 and 2027,9/6/2000,Goalkeeper,USA,Domestic,,,,,,,,,,,
5,Daniel ,Munie,842,SJ Earthquakes,Senior,12/31/2025,2026,2/10/2000,Defender,USA,Domestic,,,,,,,,,,,
7,Amahl ,Pellegrino,487,SJ Earthquakes,Senior TAM,12/31/2025,None,6/18/1990,Forward,Norway,International,,,,,,,,,,,
2,Jamar ,Ricketts,525,SJ Earthquakes,Supplemental ,12/31/2025,2026 and 2027,10/24/2001,Defender,USA,Domestic,,,,,,,,,,,
26,Rodrigues,,1014,SJ Earthquakes,Senior TAM,12/31/2025,2026,10/10/1997,Defender,Brazil,International,,,,,,,,,,,
12,Dave ,Romney,1530,SJ Earthquakes,Senior TAM,12/31/2026,2027,6/12/1993,Defender,USA,Domestic,,,,,,,,,,,
16,Jack ,Skahan,6,SJ Earthquakes,Senior,12/31/2025,2026,2/7/1998,Midfielder,USA,Domestic,,,,,,,,,,,
30,Niko ,Tsakiris,240,SJ Earthquakes,Homegrown,12/31/2025,2026,6/19/2005,Midfielder,USA,Domestic,,,,,,,,,,,
18,Reid,Roberts,290,SJ Earthquakes,Spplemental,12/31/2025,2026 and 2027 and 2028,12/9/2003,Defender,USA,Domestic,,,,,,,,,,,
21,Noel,Buck,20,SJ Earthquakes,U22 Intiative,12/31/2025,2026,4/5/2005,Midfielder,USA,Domestic,,,,,,,,,,,
4,Bruno,Wilson,720,SJ Earthquakes,Senior TAM,12/31/2025,2026,12/27/1996,Defender,Portugal,International,,,,,,,,,,,
33,Cody,Baker,25,Seattle Sounders,Homegrown,12/31/2026,2027 and 2028,1/7/2004,Defender,USA,Domestic,,,,,,,,,,,
21,Reed,Whiting,140,Seattle Sounders,Homegrown,12/31/2025,None,3/31/2005,Midfielder,USA,Domestic,,,,,,,,,,,
15,Jonathan,Bell,684,Seattle Sounders,Senior,12/31/2025,None,8/26/1997,Defender,USA,Domestic,,,,,,,,,,,
29,Jacob,Castro,0,Seattle Sounders,Homegrown,12/31/2025,2026,12/18/1999,Goalkeeper,USA,Domestic,,,,,,,,,,,
9,Jesús,Ferreira,1006,Seattle Sounders,Senior TAM,12/31/2027,2028 and 2029,12/24/2000,Forward,USA,Domestic,,,,,,,,,,,
24,Stefan,Frei,1440,Seattle Sounders,Senior,12/31/2025,None,4/20/1986,Goalkeeper,Switzerland,Domestic,,,,,,,,,,,
28,Yéimar,Andrade,1100,Seattle Sounders,Senior TAM,12/31/2025,2026,6/30/1992,Defender,Colombia,Domestic,,,,,,,,,,,
39,Stuart,Hawkins,94,Seattle Sounders,Homegrown,12/31/2026,2027 and 2028,9/18/2006,Defender,USA,Domestic,,,,,,,,,,,
20,Kim,Kee-hee,664,Seattle Sounders,Senior,12/31/2025,2026,7/13/1989,Defender,South Korea,International,,,,,,,,,,,
75,Danny,Leyva,348,Seattle Sounders,Senior,12/31/2026,2027,5/5/2003,Midfielder,USA,Domestic,,,,,,,,,,,
93,Georgi,Minoungou,426,Seattle Sounders,Senior,12/31/2028,2029,7/25/2002,Forward,Côte d'Ivoire,International,,,,,,,,,,,
6,João,Paulo,355,Seattle Sounders,Senior,12/31/2025,2026,3/8/1991,Midfielder,Brazil,Domestic,,,,,,,,,,,
13,Jordan,Morris,288,Seattle Sounders,Designated Player,12/31/2027,None,10/26/1994,Forward,USA,Domestic,,,,,,,,,,,
19,Danny,Musovski,769,Seattle Sounders,Senior,12/31/2025,2026,11/30/1995,Forward,USA,Domestic,,,,,,,,,,,
95,Osaze,De Rosario,92,Seattle Sounders,Supplemental,12/31/2025,2026 and 2027,7/19/2001,Forward,USA,Domestic,,,,,,,,,,,
85,Kalani,Kossa-Rienzi,633,Seattle Sounders,Supplemental,12/31/2025,2026 and 2027,6/27/2002,Defender,USA,Domestic,,,,,,,,,,,
77,Ryan,Kent,453,Seattle Sounders,Senior TAM,12/31/2025,2026,11/11/1996,Midfielder,England,International,,,,,,,,,,,
25,Jackson,Ragen,746,Seattle Sounders,Senior,12/31/2027,2028,9/24/1998,Defender,USA,Domestic,,,,,,,,,,,
7,Cristian,Roldan,1448,Seattle Sounders,Senior TAM,12/31/2027,None,6/3/1995,Midfielder,USA,Domestic,,,,,,,,,,,
16,Alex,Roldan,1002,Seattle Sounders,Senior,12/31/2026,2027,7/28/1996,Defender,USA,Domestic,,,,,,,,,,,
14,Paul,Rothrock,1182,Seattle Sounders,Supplemental,12/31/2025,None,1/9/1999,Forward,USA,Domestic,,,,,,,,,,,
11,Albert,Rusnák,1219,Seattle Sounders,Designated Player,12/31/2026,2027,7/7/1994,Midfielder,Slovakia,Domestic,,,,,,,,,,,
3,Travian,Sousa,0,Seattle Sounders,Supplemental,12/31/2025,None,9/19/2001,Defender,USA,Domestic,,,,,,,,,,,
26,Andrew,Thomas,180,Seattle Sounders,Senior,12/31/2027,2028 and 2029,9/1/1998,Goalkeeper,Russia,Domestic,,,,,,,,,,,
5,Nouhou,Tolo,1348,Seattle Sounders,Senior,12/31/2025,2026,6/23/1997,Defender,Cameroon,Domestic,,,,,,,,,,,
18,Obed,Vargas,1315,Seattle Sounders,Homegrown,12/31/2025,2026,8/5/2005,Midfielder,USA,Domestic,,,,,,,,,,,
10,Pedro,de la Vega,696,Seattle Sounders,Designated Player,12/31/2027,2028,2/7/2001,Forward,Argentina,International,,,,,,,,,,,
1,John,Pulskamp,1620,Sporting KC,Senior,12/31/2025,2026,4/19/2001,Goalkeeper,USA,Domestic,,,,,,,,,,,
2,Ian,James,0,Sporting KC,Homegrown,12/31/2027,2028 and 2029,6/6/2008,Defender,USA,Domestic,,,,,,,,,,,
3,Andrew,Brody,348,Sporting KC,Supplemental,12/31/2025,None,5/3/1995,Defender,USA,Domestic,,,,,,,,,,,
4,Robert,Voloder,930,Sporting KC,U22 Initiative,12/31/2025,None,5/9/2001,Defender,Germany,Domestic,,,,,,,,,,,
5,Dany,Rosero,177,Sporting KC,Senior TAM,12/31/2025,2026,10/6/1993,Defender,Colombia,Domestic,,,,,,,,,,,
6,Nemanja,Radoja,749,Sporting KC,Senior TAM,12/31/2025,2026,2/6/1993,Midfielder,Serbia,Domestic,,,,,,,,,,,
7,Santiago ,Munoz,135,Sporting KC,Senior,12/31/2025 (LOAN),Option to BUY,8/14/2002,Forward,USA & Mexico,Domestic,,,,,,,,,,,
8,Memo,Rodríguez,363,Sporting KC,Senior,12/31/2025,None,12/27/1995,Midfielder,USA,Domestic,,,,,,,,,,,
9,Dejan,Joveljic,1436,Sporting KC,Designated Player,12/31/2027,2028,8/7/1999,Forward,Bosnia and Herzegovina,International,,,,,,,,,,,
10,Dániel,Sallói,1166,Sporting KC,Senior TAM,12/31/2026,None,7/19/1996,Forward,Hungary,Domestic,,,,,,,,,,,
11,Khiry,Shelton,736,Sporting KC,Senior,12/31/2025,2026,6/26/1993,Forward,USA,Domestic,,,,,,,,,,,
12,Jack,Kortkamp,0,Sporting KC,Homegrown,12/31/2027,2028 and 2029,1/28/2008,Goalkeeper,Canada,Domestic,,,,,,,,,,,
13,Mason,Toye,27,Sporting KC,Senior,12/31/2025,2026,10/16/1998,Forward,USA,Domestic,,,,,,,,,,,
14,Tim,Leibold,414,Sporting KC,Senior,12/31/2025,2026,11/30/1993,Defender,Germany,Domestic,,,,,,,,,,,
15,Jansen,Miller,1395,Sporting KC,Supplemental,12/31/2025,2026 and 2027 and 2028,2/10/2002,Defender,USA,Domestic,,,,,,,,,,,
16,Jacob,Bartlett,1170,Sporting KC,Homegrown,12/31/2027,2028 and 2029,10/7/2005,Midfielder,USA,Domestic,,,,,,,,,,,
17,Jake,Davis,904,Sporting KC,Senior,12/31/2027,2028,1/3/2002,Midfielder,USA,Domestic,,,,,,,,,,,
18,Logan,Ndenbe,1117,Sporting KC,U22 Initiative,12/31/2025,None,2/9/2000,Defender,Belgium,Domestic,,,,,,,,,,,
21,Manu,García,1561,Sporting KC,Designated Player,12/31/2027,2028,1/2/1998,Midfielder,Spain,International,,,,,,,,,,,
22,Zorhan,Bassong,689,Sporting KC,Senior,12/31/2025,2026,5/7/1999,Defender,Canada,International,,,,,,,,,,,
24,Joaquín,Fernández,832,Sporting KC,Senior TAM,12/31/2025,None,5/31/1996,Defender,Spain,International,,,,,,,,,,,
26,Erik,Thommy,792,Sporting KC,Senior TAM,12/31/2025,None,8/20/1994,Midfielder,Germany,Domestic,,,,,,,,,,,
30,Stephen,Afrifa,26,Sporting KC,Senior,12/31/2025,2026,2/19/2001,Forward,Canada,Domestic,,,,,,,,,,,
36,Ryan,Schewe,0,Sporting KC,Supplemental,12/31/2025,2026 and 2027,3/8/2002,Goalkeeper,USA,Domestic,,,,,,,,,,,
93,Shapi,Suleymanov,1199,Sporting KC,Senior TAM,12/31/2026,2027 and 2028,12/16/1999,Forward,Russia,International,,,,,,,,,,,
21,Rasmus,Alm,7,St Louis City SC,Senior,12/31/2025,2026,8/17/1995,Midfielder,Sweden,International,,,,,,,,,,,
32,Timo,Baumgartl,985,St Louis City SC,Senior,12/31/2026,2027,3/4/1996,Defender,Germany,International,,,,,,,,,,,
11,Simon,Becher,739,St Louis City SC,Senior,12/31/2026,2027 and 2028,7/20/1999,Forward,USA,Domestic,,,,,,,,,,,
1,Roman,Bürki,810,St Louis City SC,Senior TAM,12/31/2025,None,11/14/1990,Goalkeeper,Switzerland,International,,,,,,,,,,,
8,Chris,Durkin,497,St Louis City SC,U22 Initiative,12/31/2025,2026,2/8/2000,Midfielder,USA,Domestic,,,,,,,,,,,
33,Tyson,Pearce,0,St Louis City SC,Off-Roster Homegrown,12/31/2027,2028,8/12/2007,Midfielder,USA,Domestic,,,,,,,,,,,
3,Jake,Reich,238,St Louis City SC,U22 Initiative,12/31/2027,2028,5/26/2004,Midfielder,Australia,Domestic,,,,,,,,,,,
46,Caden,Glover,0,St Louis City SC,Homegrown,12/31/2027,None,3/8/2007,Forward,USA,Domestic,,,,,,,,,,,
17,Marcel,Hartel,1594,St Louis City SC,Designated Player,6/2028,2028,1/19/1996,Midfielder,Germany,International,,,,,,,,,,,
22,Kyle,Hiebert,1394,St Louis City SC,Senior,12/31/2026,2027,7/30/1997,Defender,Canada,Domestic,,,,,,,,,,,
38,Jannes,Horn,725,St Louis City SC,Senior,6/2025 (Loan),Option to BUY,2/6/1997,Defender,Germany,International,,,,,,,,,,,
59,Mykhi ,Joyner,68,St Louis City SC,Off-Roster Homegrown,12/31/2028,2029,8/30/2006,Midfielder,USA,Domestic,,,,,,,,,,,
5,Henry,Kessler,867,St Louis City SC,Senior TAM,12/31/2025,2026,6/25/1998,Defender,USA,Domestic,,,,,,,,,,,
9,João,Klauss,1057,St Louis City SC,Designated Player,12/31/2025,2026,3/1/1997,Forward,Brazil,International,,,,,,,,,,,
39,Ben,Lundt,810,St Louis City SC,Supplemental,12/31/2025,None,9/24/1995,Goalkeeper,Germany,Domestic,,,,,,,,,,,
10,Eduard,Löwen,459,St Louis City SC,Senior TAM,12/31/2026,2027,1/28/1997,Midfielder,Germany,Domestic,,,,,,,,,,,
27,Alfredo,Morales,648,St Louis City SC,Senior,12/31/2025,2026,5/12/1990,Midfielder,Germany,Domestic,,,,,,,,,,,
4,Joakim,Nilsson,132,St Louis City SC,Senior TAM,12/31/2026,2027,2/6/1994,Defender,Sweden,Domestic,,,,,,,,,,,
31,Christian,Olivares,0,St Louis City SC,Supplemental,12/31/2025,2026 and 2027,2/4/2002,Goalkeeper,USA,Domestic,,,,,,,,,,,
7,Tomas,Ostrak,440,St Louis City SC,Senior TAM,12/31/2026,2027,2/5/2000,Midfielder,Czech Republic,Domestic,,,,,,,,,,,
12,Célio,Pompeu,802,St Louis City SC,Senior,12/31/2026,2027,12/10/1999,Midfielder,Brazil,Domestic,,,,,,,,,,,
45,Xande,Silva,143,St Louis City SC,Senior TAM,12/31/2025,2026,3/16/1997,Winger,Portugal,International,,,,,,,,,,,
99,Jayden,Reid,268,St Louis City SC,Supplemental,12/31/2025,2026,8/29/2001,Defender,USA,Domestic,,,,,,,,,,,
36,Cedric,Teuchert,906,St Louis City SC,Senior TAM,6/31/2026,2026,1/14/1997,Forward,Germany,Domestic,,,,,,,,,,,
14,Tomas,Totland,499,St Louis City SC,Senior,12/31/2026,2027,9/28/1999,Defender,Norway,Domestic,,,,,,,,,,,
6,Conrad,Wallem,1297,St Louis City SC,Senior,12/31/2025(LOAN),Option to BUY,6/9/2000,Midfielder,Norway,International,,,,,,,,,,,
20,Akil,Watts,1260,St Louis City SC,Supplemental,12/31/2025,2026,2/4/2000,Midfielder,USA,Domestic,,,,,,,,,,,
13,Michael,Wentzel,0,St Louis City SC,Supplemental,12/31/2025,2026,4/10/2002,Defender,USA,Domestic,,,,,,,,,,,
15,Josh,Yaro,995,St Louis City SC,Supplemental,12/31/2025,2026,11/18/1994,Defender,Ghana,Domestic,,,,,,,,,,,
71,Joey,Zalinsky,131,St Louis City SC,Supplemental,12/31/2025,2026 and 2027 and 2028,1/3/2003,Defender,USA,Domestic,,,,,,,,,,,
10,Federico,Bernardeschi,1301,Toronto FC,Designated Player,12/31/2026,2027 and 2028,2/16/1994,Midfielder,Italy,International,,,,,,,,,,,
24,Lorenzo,Insigne,794,Toronto FC,Designated Player,6/1/2026,2026,6/4/1991,Forward,Italy,International,,,,,,,,,,,
9,Ola,Brynhildsen,696,Toronto FC,Senior TAM,12/31/2025(LOAN),Option to BUY,4/27/1999,Forward,Norway,International,,,,,,,,,,,
20,Deybi,Flores,1204,Toronto FC,Senior TAM,12/31/2025,2026,6/16/1996,Midfielder,Honduras,International,,,,,,,,,,,
1,Sean ,Johnson,1530,Toronto FC,Senior TAM,12/31/2025,2026,5/31/1989,Goalkeeper,USA,Domestic,,,,,,,,,,,
22,Richie,Laryea,125,Toronto FC,Senior TAM,12/31/2026,2027,1/7/1995,Midfielder,Canada,Domestic,,,,,,,,,,,
21,Jonathan,Osorio,1014,Toronto FC,Senior TAM,12/31/2026,None,6/12/1992,Midfielder,Canada,Domestic,,,,,,,,,,,
28,Raoul,Petretta,914,Toronto FC,Senior TAM,12/31/2025,2026,3/24/1997,Defender,Turkey,International,,,,,,,,,,,
17,Sigurd,Rosted,1152,Toronto FC,Senior TAM,12/31/2025,2026,6/22/1994,Defender,Norway,International,,,,,,,,,,,
14,Alonso,Coello,820,Toronto FC,Senior,12/31/2027,2028,10/12/1999,Midfielder,Spain,International,,,,,,,,,,,
7,Theo,Corbeanu,1003,Toronto FC,Senior,12/31/2025(LOAN),Option to BUY,5/17/2002,Forward,Canada,Domestic,,,,,,,,,,,
11,Derrick ,Etienne Jr,477,Toronto FC,Senior,12/31/2025,2026 and 2027,11/25/1996,Forward,USA,Domestic,,,,,,,,,,,
90,Luka,Gavran,0,Toronto FC,Senior,12/31/2027,2028,5/9/2000,Goalkeeper,Canada,Domestic,,,,,,,,,,,
5,Kevin,Long,1001,Toronto FC,Senior,12/31/2025,None,8/18/1990,Defender,Ireland,International,,,,,,,,,,,
23,Maxime,Dominguez,376,Toronto FC,Senior,12/31/2025(LOAN),Option to Buy,2/1/1996,Midfielder,Switzerland,International,,,,,,,,,,,
8,Matty,Longstaff,389,Toronto FC,Senior,12/31/2025,2026,3/21/2000,Midfielder,England,International,,,,,,,,,,,
12,Zane,Monlouis,474,Toronto FC,Senior,12/31/2026,2027 and 2028,10/16/2003,Defender,England,International,,,,,,,,,,,
2,Henry,Wingo,280,Toronto FC,Senior,12/31/2026,2027,10/4/1995,Midfielder,USA,Domestic,,,,,,,,,,,
71,Markus,Cimermancic,220,Toronto FC,Homegrown,12/31/2026,2027 and 2028,10/1/2004,Midfielder,Canada,Domestic,,,,,,,,,,,
25,Nathaniel,Edwards,0,Toronto FC,Supplemental,12/31/2025,2026 and 2027,10/18/2002,Defender,Canada,Domestic,,,,,,,,,,,
19,Kobe,Franklin,69,Toronto FC,Homegrown,12/31/2025,2026,5/10/2003,Defender,Canada,Domestic,,,,,,,,,,,
15,Nicksoen,Gomis,481,Toronto FC,Supplemental,12/31/2025,2026 and 2027,3/15/2002,Defender,France,International,,,,,,,,,,,
29,Deandre,Kerr,223,Toronto FC,Homegrown,12/31/2025,2026,11/29/2002,Forward,Canada,Domestic,,,,,,,,,,,
38,Charlie,Sharp,103,Toronto FC,Supplemental,12/31/2025,2026 and 2027,6/23/2001,Forward,Canada,Domestic,,,,,,,,,,,
16,Tyrese,Spicer,555,Toronto FC,Supplemental,12/31/2025,2026 and 2027,12/4/2000,Midfielder,Trinidad & Tobago,International,,,,,,,,,,,
6,Kosi,Thompson,1141,Toronto FC,Homegrown,12/31/2025,2026,1/27/2003,Midfielder,Canada,Domestic,,,,,,,,,,,
77,Adisa,De Rosario,0,Toronto FC,Off-Roster Homegrown,12/31/2026,2027 and 2028,10/27/2004,Goalkeeper,USA,Domestic,,,,,,,,,,,
76,Lazar,Stefanovic,418,Toronto FC,Off-Roster Homegrown,12/31/2028,2029,8/10/2006,Defender,USA,Domestic,,,,,,,,,,,
20,Andres,Cubas,1073,Vancouver Whitecaps,Designated Player,12/31/2026,2027,5/11/1996,Midfielder,Argentina,International,,,,,,,,,,,
25,Ryan,Gauld,199,Vancouver Whitecaps,Designated Player,12/31/2027,None,12/16/1995,Midfielder,Scotland,International,,,,,,,,,,,
18,Edier,Ocampo,984,Vancouver Whitecaps,U22 Initiative,12/31/2027,2028,10/3/2003,Defender,Colombia,International,,,,,,,,,,,
45,Pedro,Vite,1034,Vancouver Whitecaps,U22 Initiative,12/31/2025,None,3/9/2002,Midfielder,Ecuador,International,,,,,,,,,,,
3,Sam,Adekugbe,292,Vancouver Whitecaps,Senior TAM,12/31/2026,2027,1/16/1995,Defender,Canada,Domestic,,,,,,,,,,,
33,Tristan,Blackmon,1310,Vancouver Whitecaps,Senior TAM,12/31/2027,None,8/12/1996,Defender,USA,Domestic,,,,,,,,,,,
2,Mathias,Laborda,789,Vancouver Whitecaps,Senior TAM,12/31/2025,2026,9/15/1999,Defender,Uruguay,International,,,,,,,,,,,
11,Emmanuel,Sabbi,619,Vancouver Whitecaps,Senior TAM,12/31/2027,2028,12/24/1997,Forward,USA,Domestic,,,,,,,,,,,
1,Yohei,Takaoka,1530,Vancouver Whitecaps,Senior TAM,12/31/2025,None,3/16/1996,Goalkeeper,Japan,International,,,,,,,,,,,
24,Brian,White,1012,Vancouver Whitecaps,Senior TAM,12/31/2027,None,2/3/1996,Forward,USA,Domestic,,,,,,,,,,,
16,Sebastian,Berhalter,1099,Vancouver Whitecaps,Senior,12/31/2025,2026,5/10/2001,Midfielder,USA,Domestic,,,,,,,,,,,
15,Bjorn,Utvik,543,Vancouver Whitecaps,Senior,12/31/2025,2026,2/28/1996,Defender,Norway,International,,,,,,,,,,,
19,Damir,Kreilach,19,Vancouver Whitecaps,Senior,12/31/2025,None,4/16/1989,Midfielder,Croatia,Domestic,,,,,,,,,,,
7,Jayden,Nelson,648,Vancouver Whitecaps,Senior,12/31/2028,2029,9/26/2002,Forward,Canada,Domestic,,,,,,,,,,,
14,Daniel,Rios,656,Vancouver Whitecaps,Senior,12/31/2025(LOAN),Option to BUY,2/22/1995,Forward,Mexico,Domestic,,,,,,,,,,,
4,Ranko,Veselinovic,1350,Vancouver Whitecaps,Senior,12/31/2026,2027,3/24/1999,Defender,Serbia,International,,,,,,,,,,,
30,Adrian,Zendejas,0,Vancouver Whitecaps,Senior,12/31/2025,2026,8/30/1995,Goalkeeper,USA,Domestic,,,,,,,,,,,
22,Ali,Ahmed,778,Vancouver Whitecaps,Supplemental ,12/31/2025,2026,10/10/2000,Midfielder,Canada,Domestic,,,,,,,,,,,
59,Jeevan,Badwal,216,Vancouver Whitecaps,Homegrown,12/31/2027,2028 and 2029,3/11/2006,Midfielder,Canada,Domestic,,,,,,,,,,,
32,Isaac,Boehmer,0,Vancouver Whitecaps,Homegrown,12/31/2025,None,11/20/2001,Goalkeeper,Canada,Domestic,,,,,,,,,,,
27,Giuseppe,Bovaliana,115,Vancouver Whitecaps,Supplemental ,12/31/2026,2027 and 2028,11/11/2004,Defender,Australia,International,,,,,,,,,,,
12,Belal,Halbouni,30,Vancouver Whitecaps,Supplemental,12/31/2025,2026,12/29/1999,Defender,Canada,Domestic,,,,,,,,,,,
28,Tate,Johnson,888,Vancouver Whitecaps,Supplemental (GA),12/31/2027,2028 and 2029,7/10/2005,Defender,USA,Domestic,,,,,,,,,,,
26,JC ,Ngando,927,Vancouver Whitecaps,Supplemental ,12/31/2025,2026 and 2027,11/20/1999,Midfielder,Cameroon,International ,,,,,,,,,,,
13,Ralph,Priso,614,Vancouver Whitecaps,Homegrown,12/31/2025,2026 and 2027,8/2/2002,Midfielder,Canada,Domestic,,,,,,,,,,,
10,Anders,Dreyer,1495,San Diego SC,Designated Player,12/31/2027,None,5/2/1998,Forward,Denmark,International,,,,,,,,,,,
11,Hirving,Lozano,1008,San Diego SC,Designated Player,12/31/2028,2029 and 2030,6/30/1995,Forward,Mexico,Domestic,,,,,,,,,,,
9,Tomas,Angel,318,San Diego SC,U22 Initiative,12/31/2026,2027,2/20/2003,Forward,Colombia,International,,,,,,,,,,,
16,Heine,Gikling Bruseth,0,San Diego SC,U22 Initiative,12/31/2026,2027 and 2028,4/6/2004,Midfielder,Norway,International,,,,,,,,,,,
14,Luca,de la Torre,1319,San Diego SC,Senior TAM,12/31/2025 (LOAN),Option to BUY,5/23/1998,Midfielder,USA,Domestic,,,,,,,,,,,
7,Marcus,Ingvartsen,324,San Diego SC,Senior TAM,12/31/2027,2028 and 2029,1/4/1996,Forward,Denmark,Domestic,,,,,,,,,,,
17,Paddy,McNair,1405,San Diego SC,Senior TAM,12/31/2027,2028,4/27/1995,Defender,Northern Ireland,International,,,,,,,,,,,
4,Andres,Reyes,44,San Diego SC,Senior TAM,12/31/2026,2027,9/8/1999,Defender,Colombia,Domestic,,,,,,,,,,,
8,Onni,Valakari,933,San Diego SC,Senior TAM,12/31/2025(LOAN),Option to BUY,8/18/1999,Midfielder,Finland,International,,,,,,,,,,,
24,Emmanuel,Boateng,86,San Diego SC,Senior,12/31/2025,None,1/17/1994,Midfielder,Ghana,Domestic,,,,,,,,,,,
1,CJ,dos Santos,1530,San Diego SC,Senior,12/31/2027,2028,8/24/2000,Goalkeeper,USA,Domestic,,,,,,,,,,,
20,Anibal,Godoy,1165,San Diego SC,Senior,12/31/2025,2026 and 2027,2/10/1990,Midfielder,Panama,Domestic,,,,,,,,,,,
2,Willy,Kumado,668,San Diego SC,Senior,12/31/2026,2027 and 2028,8/16/2002,Defender,Ghana,International,,,,,,,,,,,
19,Jasper,Loffelsend,582,San Diego SC,Senior,12/31/2025,2026,9/10/1997,Midfielder,Germany,Domestic,,,,,,,,,,,
97,Christopher,McVey,1530,San Diego SC,Senior,12/31/2026,2027,4/12/1997,Defender,Sweden,Domestic,,,,,,,,,,,
77,Alex,Mighten,569,San Diego SC,Senior,12/31/2026,2027,4/11/2002,Forward,USA,Domestic,,,,,,,,,,,
22,Franco,Negri,406,San Diego SC,Senior,12/31/2025,2026,2/20/1995,Defender,Argentina,Domestic,,,,,,,,,,,
6,Jeppe,Tverskov,1424,San Diego SC,Senior,12/31/2026,None,3/12/1993,Midfielder,Denmark,International,,,,,,,,,,,
70,Alejandro,Alvarado Jr,326,San Diego SC,Supplemental,12/31/2026,2027 and 2028,7/29/2003,Midfielder,USA,Domestic,,,,,,,,,,,
27,Luca,Bombino,862,San Diego SC,Supplemental,12/31/2025(LOAN),Option to BUY,7/10/2006,Defender,USA,Domestic,,,,,,,,,,,
5,Hamady,Diop,190,San Diego SC,Supplemental (GA),12/31/2025,2026,6/6/2002,Defender,Senegal,International,,,,,,,,,,,
26,Manu,Duah,0,San Diego SC,Supplemental,12/31/2027,2028 and 2029,6/5/2005,Midfielder,Ghana,International,,,,,,,,,,,
98,Jacob,Jackson,0,San Diego SC,Supplemental,12/31/2025,None,4/25/2000,Goalkeeper,USA,Domestic,,,,,,,,,,,
25,Ian,Pilcher,120,San Diego SC,Supplemental,12/31/2025,2026 and 2027 and 2028,3/21/2003,Defender,USA,Domestic,,,,,,,,,,,
13,Pablo,Sisniega,0,San Diego SC,Supplemental ,12/31/2025,2026 and 2027,7/6/1995,Goalkeeper,Mexico,Domestic,,,,,,,,,,,
29,Anisse,Saidi,9,San Diego SC,Off-Roster Homegrown,12/31/2028,2029,6/20/2008,Forward,USA,Domestic,,,,,,,,,,,
32,Milan,Iloski,158,San Diego SC,Senior,12/31/2025 (LOAN),,7/29/1999,Forward,USA,Domestic,,,,,,,,,,,
33,Oscar ,Verhoeven,313,San Diego SC,Homegrown,12/31/2025 (LOAN),Option to BUY,5/31/2006,Defender,USA,Domestic,,,,,,,,,,,