First Name,Last Name,Contract End,Option Years,TEAM,Age,Position,Roster Designation,Nationality,Domestic or International,Minutes Played
Brad,Guzan,12/31/2025,None,Atlanta United,9/9/1984,Goalkeeper,Senior,USA,Domestic,360
Ronald,Hernandez,12/31/2025,2026,Atlanta United,9/21/1997,Defender,Senior,Venezuela,Domestic,90
Derrick,Williams,12/31/2025,2026,Atlanta United,1/17/1993,Defender,Senior,Germany & USA,Domestic,275
Luis,Abram,12/31/2025,2026,Atlanta United,2/27/1996,Defender,Senior,Peru,International,186
Stian,Gregersen,12/31/2027,2028,Atlanta United,5/17/1995,Defender,Senior,Norway,Domestic,352
Bartosz,Slisz,12/31/2028,None,Atlanta United,3/29/1999,Midfielder,Senior,Poland,Domestic,354
Tristan,Muyumba,12/31/2026,2027,Atlanta United,3/7/1997,Midfielder,Senior,France,International,184
Saba,Lobjanidze,12/31/2026,None,Atlanta United,12/18/1994,Winger,Senior,Georgia,International,304
Brooks,Lennon,12/31/2025,2026,Atlanta United,9/22/1997,Defender,Senior,USA,Domestic,83
Xande,Silva,12/31/2025,2026,Atlanta United,3/16/1997,Winger,Senior,Portugal,International,38
Pedro,Amador,12/31/2026,2027,Atlanta United,12/18/1998,Defender,Senior,Portugal,International,174
Edwin,Mosquera,12/31/2025,2026,Atlanta United,6/27/2001,Winger,U22 Initiative,Colombia,International,47
Efrain,Morales,12/31/2025,2026,Atlanta United,3/4/2004,Defender,Homegrown,USA,Domestic,0
Josh,Cohen,12/31/2025,2026,Atlanta United,8/18/1992,Goalkeeper,Senior,USA,Domestic,0
Adyn,Torres,12/31/2027,2028,Atlanta United,11/13/2007,Midfielder,Supplemental,USA,Domestic,0
Noah,Cobb,12/31/2026,2027,Atlanta United,7/20/2005,Defender,Homegrown,USA,Domestic,23
Luke,Brennan,12/31/2027,2028,Atlanta United,2/24/2005,Winger,Homegrown,USA,Domestic,0
Jamal,Thiare,12/31/2025,2026,Atlanta United,3/31/1993,Forward,Senior,Senegal,Domestic,18
Ajani,Fortune,12/31/2025,2026,Atlanta United,12/30/2002,Midfielder,Homegrown,USA,Domestic,103
Matt,Edwards,12/31/2025,2026 and 2027,Atlanta United,2/16/2003,Defender,Homegrown,USA,Domestic,237
Alexey,Miranchuk,12/31/2027,2028,Atlanta United,10/17/1995,Midfielder,Designated Player,Russia,International,343
Ashton,Gordon,2026,2027 and 2028,Atlanta United,4/17/2007,Forward,Homegrown,USA,Domestic,0
Will,Reilly,12/31/2025,2026 and 2027 and 2028,Atlanta United,12/3/2002,Midfielder,Homegrown,USA,Domestic,0
Jayden,Hibbert,12/31/2025,2026 and 2027 and 2028,Atlanta United,8/5/2004,Goalkeeper,Supplemental,USA & Jamaica,Domestic,0
Mateusz,Klich,12/31/2025,None,Atlanta United,6/13/1990,Midfielder,Senior,Poland,International,97
Cayman,Togashi,12/31/2025,2026,Atlanta United,8/10/1993,Forward,Supplemental,Japan & USA,Domestic,14
Miguel,Almiron,12/31/2027,2028,Atlanta United,2/10/1994,Midfielder,Designated Player,Paraguay,International,357
Emmanuel,Latte Lath,12/31/2028,2029,Atlanta United,1/2/1999,Forward,Designated Player,Ivory Coast,International,319
Brandon,Vasquez,12/31/2027,2028,Austin FC,10/14/1998,Forward,Designated Player,USA,Domestic,356
Jader,Obrian,12/31/2026,2027,Austin FC,5/18/1995,Forward,Senior,Colombia,International,174
Brendan,Hines-Ike,12/31/2025,2026,Austin FC,11/30/1994,Defender,Senior,USA,Domestic,360
Osman,Bukari,12/31/2028,2029,Austin FC,12/31/1998,Forward,Designated Player,Ghana,International,331
Jimmy,Farkarlun,12/31/2025,2026,Austin FC,7/14/2001,Forward,Supplemental,Liberia,Domestic,0
Owen,Wolff,12/31/2027,2028,Austin FC,12/30/2004,Midfielder,Homegrown,USA,Domestic,321
Mikkel,Desler,12/31/2027,2028,Austin FC,2/19/1995,Defender,Senior,Denmark,Domestic,239
Guilherme,Biro,12/31/2027,2028,Austin FC,5/1/2000,Defender,Senior,Brazil,International,335
Diego,Rubio,12/31/2025,2026,Austin FC,5/15/1993,Forward,Senior,Chile,Domestic,35
Stefan,Cleveland,12/31/2025,2026,Austin FC,5/25/1994,Goalkeeper,Senior,USA,Domestic,0
Julio,Cascante,12/31/2025,2026,Austin FC,10/3/1993,Defender,Senior,Costa Rica,Domestic,132
CJ,Fodrey,12/31/2025,2026 and 2027,Austin FC,2/10/2004,Forward,Generation Adidas,USA,Domestic,1
Brad,Stuver,12/31/2025,2026,Austin FC,4/16/1991,Goalkeeper,Senior,USA,Domestic,360
Daniel,Pereira,12/31/2025,2026,Austin FC,7/14/2000,Midfielder,Supplemental,Venezuela,Domestic,291
Leo,Vaisanen,12/31/2026,2027,Austin FC,7/23/1997,Defender,Senior,Finland,International,0
Jon,Gallagher,12/31/2026,2027,Austin FC,2/23/1996,Defender,Senior,Ireland,Domestic,146
Micah,Burton,12/31/2027,2028,Austin FC,3/26/2006,Midfielder,Homegrown,USA,Domestic,0
Zan,Kolmanic,12/31/2026,2027,Austin FC,3/3/2000,Defender,Senior,Slovenia,Domestic,25
Besard,Sabovic,12/31/2027,2028,Austin FC,1/5/1998,Midfielder,Senior,Sweden,International,128
Oleksandr,Svatok,12/31/2027,2028,Austin FC,9/27/1994,Defender,Senior,Ukraine,International,228
Ilie,Sanchez,12/31/2025,2026,Austin FC,11/21/1990,Midfielder,Senior,Spain,Domestic,297
Myrto,Uzuni,12/31/2027,2028,Austin FC,5/31/1995,Forward/Winger,Designated Player,Albania,International,189
 Nicolás,Dubersarsky,12/31/2029,2030,Austin FC,12/21/2004,Midfielder,U22 Initiative,Argentina,International,12
Owen,Graham-Roache,12/31/2026,"2027,2028 and 2029",CF Montreal,2/11/2008,Forward,Off-Roster Homegrown,Canada,Domestic,0
Dawid,Bugaj,12/31/2026,2027 and 2028,CF Montreal,7/9/2004,Defender,Senior,Poland,International,0
Tom,Pearce,12/31/2026,2027,CF Montreal,4/12/1998,Defender,Senior,England,International,183
Dominik,Iankov,12/31/2026,2027 and 2028,CF Montreal,7/28/2000,Midfielder,Senior,Canada,Domestic,9
Sebastian,Breza,12/31/2025,None,CF Montreal,3/15/1998,Goalkeeper,Supplemental,Canada,Domestic,0
Nathan,Saliba,12/31/2025,None,CF Montreal,2/7/2004,Midfielder,Homegrown,Canada,Domestic,351
Sunusi,Ibrahim,12/31/2026,2027,CF Montreal,10/1/2002,Forward,Senior,Nigeria,International,17
Caden,Clark,12/31/2025,2026 and 2027,CF Montreal,5/27/2003,Midfielder,Senior,USA,Domestic,237
Jonathan,Sirois,12/31/2026,2027,CF Montreal,6/27/2001,Goalkeeper,Senior,Canada,Domestic,360
Fernando,Alvarez,12/31/2025,2026 and 2027,CF Montreal,8/24/2003,Defender,Senior,USA,Domestic,12
Kwadwo,Opoku,12/31/2026,2027,CF Montreal,7/13/2001,Forward,Senior,Ghana,International,106
Joel,Waterman,12/31/2027,2028,CF Montreal,1/24/1996,Defender,Senior,Canada,Domestic,360
Bryce,Duke,12/31/2025,2026,CF Montreal,2/28/2001,Midfielder,Senior,USA,Domestic,200
Samuel,Piette,12/31/2027,2028,CF Montreal,11/12/1994,Midfielder,Senior,Canada,Domestic,86
Jules-Anthony,Vilsaint,12/31/2025,2026,CF Montreal,1/6/2003,Forward,Supplemental,Canada,Domestic,104
Jahkeele,Marshall-Rutty,12/31/2025,None,CF Montreal,6/16/2004,Defender,Senior,Canada,Domestic,205
George,Campbell,12/31/2025,2026,CF Montreal,6/22/2001,Defender,U22 Initiative,USA,Domestic,174
Prince,Owusu,12/31/2026,2027,CF Montreal,1/7/1997,Forward,Senior,Germany,International,344
Giacomo,Vrioni,12/31/2025,2026,CF Montreal,10/15/1998,Forward,Designated Player,Italy,Domestic,0
Jalen,Neal,12/31/2027,2028,CF Montreal,8/24/2003,Defender,U22 Initiative,USA,Domestic,0
Dante,Sealy,12/31/2026,2027,CF Montreal,4/17/2003,Winger,Supplemental,USA,Domestic,73
Luca,Petrasso,12/31/2025,2026 and 2027,CF Montreal,6/16/2000,Defender,Supplemental,Canada,Domestic,354
Brendan,Craig,12/31/2027,"2028,2029 and 2030",CF Montreal,4/7/2004,Defender,Supplemental,USA,Domestic,90
Fabian,Herbers,12/31/2026,None,CF Montreal,8/17/1993,Midfielder,Senior,Germany,International,203
Michael,Adedokun,12/31/2025,"2026, 2027 and 2028",CF Montreal,5/27/2001,Midfielder,Supplemental,Nigeria,International,0
Victor,Loturi,12/31/2026,2027 and 2028,CF Montreal,5/21/2001,Midfielder,Supplemental,Canada,Domestic,202
Hennadii,Synchuk,12/31/2028,2029,CF Montreal,7/10/2006,Midfielder,U22 Initiative,Ukraine,International,0
Aleksandr,Guboglo,12/31/2026,2027 and 2028 and 2029,CF Montreal,3/20/2007,Defender,Off-Roster Homegrown,Canada,Domestic,201
Emil,Gazdov,12/31/2026,2027 and 2028,CF Montreal,9/11/2003,Goalkeeper,Supplemental,Canada,Domestic,0
Liel,Abada,12/31/2026,2027,Charlotte FC,10/3/2001,Forward,Designated Player,Israel,International,
Patrick,Agyemang,12/31/2025,2026,Charlotte FC,11/7/2000,Forward,Senior,USA,Domestic,
Ben,Bender,12/31/2025,None,Charlotte FC,3/7/2001,Midfielder,Senior,USA,Domestic,
Nimfasha,Berchimas,12/31/2026,2027,Charlotte FC,2/22/2008,Forward,Homegrown,USA,Domestic,
Pep,Biel,August 2025 (LOAN),Option to BUY,Charlotte FC,9/5/1996,Midfielder,Senior,Spain,International,
Dave,Bingham,12/31/2025,None,Charlotte FC,10/19/1989,Goalkeeper,Supplemental,USA,Domestic,
Souleyman,Doumbia,12/31/2025(LOAN),Option to BUY,Charlotte FC,9/24/1996,Defender,Senior,Ivory Coast,International,
Brandt,Bronico,12/31/2025,2026,Charlotte FC,6/20/1995,Midfielder,Senior,USA,Domestic,
Nathan,Byrne,12/31/2026,2027,Charlotte FC,6/5/1992,Defender,Senior,England,Domestic,
Brandon,Cambridge,12/31/2025,2026,Charlotte FC,2/9/2002,Midfielder,Homegrown,USA,Domestic,
Brian,Carmona Romero,12/31/2026,2027,Charlotte FC,5/11/2006,Forward,Off-Roster Homegrown,USA,Domestic,
Djibril,Diani,12/31/2025,2026,Charlotte FC,2/11/1998,Midfielder,Senior,France,International,
Jahlane,Forbes,12/31/2025,2026 and 2027,Charlotte FC,2/5/2002,Defender,Supplemental,USA,Domestic,
Kristijan,Kahlina,12/31/2026,2027,Charlotte FC,7/24/1992,Goalkeeper,Senior,Croatia,Domestic,
Adilson,Malanda,12/31/2026,2027,Charlotte FC,10/29/2001,Defender,Senior,France,Domestic,
George,Marks,12/31/2025,None,Charlotte FC,11/10/1999,Goalkeeper,Supplemental,USA,Domestic,
Jack,Neeley,12/31/2026,2027,Charlotte FC,3/11/2005,Defender,Off-Roster Homegrown,USA,Domestic,
Nikola,Petkovic,12/31/2026,2027,Charlotte FC,2/23/2003,Midfielder,U22 Initiative,Serbia,International,
Andrew,Privett,12/31/2028,2029,Charlotte FC,8/2/2000,Midfielder,Senior,USA,Domestic,
Tim,Ream,12/31/2026,2027,Charlotte FC,10/5/1987,Defender,Senior,USA,Domestic,
Nicholas,Scardina,12/31/2025,2026,Charlotte FC,6/22/2001,Midfielder,Supplemental,USA,Domestic,
Tyger,Smalls,12/31/2025,2026 and 2027,Charlotte FC,9/18/2001,Forward,Supplemental,England,Domestic,
Luri,Tavares,12/31/2026,2027,Charlotte FC,3/8/2001,Forward,Senior,Portugal,International,
Mikah,Thomas,12/31/2026,2027 and 2028,Charlotte FC,2/21/2005,Defender,Supplemental,USA,Domestic,
Idan,Toklomati,12/31/2027,2028,Charlotte FC,8/9/2004,Forward,U22 Initiative,Israel,International,
Bill,Tuiloma,12/31/2025,2026,Charlotte FC,3/27/1995,Defender,Senior,New Zealand,Domestic,
Kerwin,Vargas,12/31/2027,2028,Charlotte FC,1/2/2002,Forward,U22 Initiative,Colombia,Domestic,
Ashley,Westwood,12/31/2026,2027,Charlotte FC,4/1/1990,Midfielder,Senior,England,Domestic,
Eryk,Williamson,12/31/2025,None,Charlotte FC,6/11/1997,Midfielder,Senior,USA,Domestic,
Wilfred,Zaha,1/17/2026 (LOAN),June 2026,Charlotte FC,11/10/1992,Forward,Designated Player,Endland,International,
Omari,Gomzalez,12/31/2025,2026,Chicago Fire,10/11/1988,Defender,Supplemental,USA,Domestic,
Omari,Glasgow,12/31/2026,2027 and 2028,Chicago Fire,11/22/2003,Forward,Supplemental,Guyana,International,
Sam,Williams,12/31/2025,2026 and 2027 and 2028,Chicago Fire,3/18/2005,Midfielder,Homegrown,USA,Domestic,
Christopher,Cupps,12/31/2028,2029 and 2030,Chicago Fire,5/26/2008,Defender,Homegrown,USA,Domestic,
Romingue,Kouame,12/31/2025 (LOAN),Option to BUY,Chicago Fire,12/17/1996,Midfielder,Senior,Ivory Coast,International,
Tom,Barlow,12/31/2025,2026,Chicago Fire,7/8/1995,Forward,Senior,USA,Domestic,
Leonardo,Barroso,12/31/2028,2029,Chicago Fire,6/12/2005,Defender,U22 Initiative,Portugal,International,
Dean,Boltz,12/31/2027,2028 and 2029,Chicago Fire,6/7/2006,Forward,Supplemental (GA),USA,Domestic,
Dylan,Borso,12/31/2027,2028 and 2029,Chicago Fire,6/2/2006,Midfielder,Homegrown,USA,Domestic,
Chris,Brady,12/31/2026,2027,Chicago Fire,3/3/2004,Goalkeeper,Senior,USA,Domestic,
Hugo,Cuypers,12/31/2026,2027,Chicago Fire,2/7/1997,Forward,Designated Player,Belgium,International,
Jack,Elliot,12/31/2025,2026,Chicago Fire,8/25/1995,Defender,Senior,England,Domestic,
Jeff,Gal,12/31/2025,None,Chicago Fire,4/6/1993,Goalkeeper,Supplemental,USA,Domestic,
Chase,Casper,12/31/2025,None,Chicago Fire,1/25/1996,Defender,Senior,USA,Domestic,
Brian,Gutierrez,12/31/2028,None,Chicago Fire,6/17/2003,Midfielder,U22 Initiative,USA,Domestic,
Andrew,Gutman,12/31/2026,2027,Chicago Fire,10/2/1996,Defender,Senior,USA,Domestic,
Maren,Haile-Selassie,12/31/2026,None,Chicago Fire,3/13/1999,Midfielder,Senior,Switzerland,International,
Chris,Mueller,12/31/2025,2026,Chicago Fire,8/29/1996,Forward,Senior,USA,Domestic,
Sergio,Oregel,12/31/2025,2026,Chicago Fire,5/16/2005,Midfielder,Homegrown,USA,Domestic,
Mauricio,Pineda,12/31/2026,2027,Chicago Fire,10/17/1997,Defender,Senior,USA,Domestic,
David,Poreba,12/31/2025,2026 and 2027 and 2028,Chicago Fire,12/1/2002,Midfielder,Supplemental,USA,Domestic,
Justin,Reynolds,12/31/2026,2027,Chicago Fire,8/4/2004,Defender,Homegrown,USA,Domestic,
Sam,Rogers,12/31/2026,2027 and 2028,Chicago Fire,5/17/1999,Defender,Senior,USA,Domestic,
Carlos,Teran,12/31/2026,2027,Chicago Fire,9/24/2000,Defender,Senior,Colombia,Domestic,
Robert,Turdean,12/31/2028,2029 and 2030,Chicago Fire,1/14/2010,Midfielder,Off-Roster Homegrown,USA,Domestic,
Philip,Zinckernagel,12/31/2028,None,Chicago Fire,12/16/1994,Midfielder,Senior,Denmark,International,
Jonathan,Dean,12/31/2025,None,Chicago Fire,5/15/1997,Midfielder,Supplemental,USA,Domestic,
Kellyn,Acosta,12/31/2026,2027,Chicago Fire,7/24/1995,Midfielder,Senior,USA,Domestic,
Jonathan,Bamba,12/31/2027,2028,Chicago Fire,3/26/1996,Midfielder,Designated Player,France,International,
Ali,Fadal,12/31/2026,2027 and 2028,Colorado Rapids,1/14/2004,Midfielder,Senior,Ghana,International,
Ted,Ku-Dipietro,12/31/2027,2028,Colorado Rapids,1/28/2002,Midfielder,U22 Initiative,USA,Domestic,
Chidozie,Awaziem,12/31/2025,2026 and 2027,Colorado Rapids,1/1/1997,Defender,Senior,Nigeria,International,
Cole,Bassett,12/31/2027,None,Colorado Rapids,7/28/2001,Midfielder,U22 Initiative,USA,Domestic,
Sam,Bassett,12/31/2025,2026 and 2027 and 2028,Colorado Rapids,4/13/2003,Midfielder,Homegrown,USA,Domestic,
Adam,Beaudry,12/31/2027,2028 and 2029,Colorado Rapids,4/18/2006,Goalkeeper,Homegrown,USA,Domestic,
Kevin,Cabral,12/31/2025,2026,Colorado Rapids,7/10/1999,Forward,Designated Player,France,Domestic,
Reggie,Cannon,12/31/2027,2028,Colorado Rapids,6/11/1998,Defender,Senior,USA,Domestic,
Michael,Edwards,12/31/2025,2026,Colorado Rapids,11/27/2000,Defender,Senior,USA,Domestic,
Omir,Fernandez,12/31/2026,2027,Colorado Rapids,2/8/1999,Midfielder,Senior,USA,Domestic,
Wayne,Frederick,12/31/2026,2027 and 2028,Colorado Rapids,6/13/2004,Forward,Supplemental,USA,Domestic,
Calvin,Harris,12/31/2025,None,Colorado Rapids,3/20/2000,Forward,Senior,England,Domestic,
Oliver,Larraz,12/31/2025,None,Colorado Rapids,9/16/2001,Midfielder,Senior,USA,Domestic,
Andreas,Maxso,12/31/2025,2026,Colorado Rapids,3/18/1994,Defender,Senior,Denmark,International,
Djordje,Mihailovic,12/31/2027,2028,Colorado Rapids,11/10/1998,Midfielder,Designated Player,USA,Domestic,
Ian,Murphy,12/31/2026,2027,Colorado Rapids,1/16/2000,Defender,Senior,USA,Domestic,
Rafael,Navarro,12/31/2027,2028,Colorado Rapids,4/14/2000,Forward,Designated Player,Brazil,Domestic,
Connor,Ronan,12/31/2026,2027,Colorado Rapids,3/6/1998,Midfielder,Senior,England,International,
Keegan,Rosenberry,12/31/2027,None,Colorado Rapids,12/11/1993,Defender,Senior,USA,Domestic,
Zack,Steffens,12/31/2026,2027,Colorado Rapids,4/2/1995,Goalkeeper,Senior,USA,Domestic,
Kimani,Stewart-Baynes,12/31/2026,2027 and 2028,Colorado Rapids,1/17/2005,Forward,Supplemental (GA),Saint Vincent and the Grenadines,Domestic,
Jackson,Travis,12/31/2025,2026 and 2027,Colorado Rapids,2/23/2004,Defender,Homegrown,USA,Domestic,
Sam,Vines,12/31/2027,None,Colorado Rapids,5/3/1999,Defender,Senior,USA,Domestic,
Darren,Yapi,12/31/2025,2026,Colorado Rapids,11/19/2004,Forward,Homegrown,USA,Domestic,
Josh,Atencio,12/31/2027,2028,Colorado Rapids,1/31/2002,Midfielder,U22 Initiative,USA,Domestic,
Alex,Harris,12/31/2027,2028 and 2029,Colorado Rapids,12/16/2005,Forward,Supplemental (GA),Canada,Domestic,
Malte, Amundsen,12/31/2027,None,Columbus Crew,2/11/1998,Defender,Senior,Denmark,Domestic,
Max,Arfsten,12/31/2027,2028,Columbus Crew,4/19/2001,Forward,Senior,USA,Domestic,
Evan,Bush,12/31/2025,None,Columbus Crew,3/6/1986,Goalkeeper,Supplemental,USA,Domestic,
Rudy,Camacho,12/31/2025,None,Columbus Crew,3/5/1991,Defender,Senior,France,International,
Dylan,Chambost,12/31/2026,2027,Columbus Crew,8/19/1997,Midfielder,Senior,France,International,
Yevhen,Cheberko,6/2026,2026,Columbus Crew,1/23/1998,Defender,Senior,Ukraine,International,
Mohamed,Farsi,12/31/2027,2028,Columbus Crew,12/16/1999,Defender,Senior,Canada,Domestic,
Taha,Habroune,12/31/2027,2028,Columbus Crew,2/5/2006,Forward,Homegrown,USA,Domestic,
Nicholas,Hagen,12/31/2026,2027 and 2028,Columbus Crew,8/2/1996,Goalkeeper,Supplemental,Guatemala,Domestic,
Andrés,Herrera,June 2025 (LOAN),Option to BUY,Columbus Crew,11/3/1998,Defender,Senior,Argentina,International,
Aziel,Jackson,12/31/2025,None,Columbus Crew,10/25/2001,Midfielder,Homegrown,USA,Domestic,
Derrick,Jones,12/31/2025,2026,Columbus Crew,3/3/1997,Midfielder,Senior,Ghana,Domestic,
DeJuan,Jones,12/31/2027,None,Columbus Crew,6/4/1997,Defender,Senior,USA,Domestic,
Stanislav,Lapkes,12/31/2027,2028 and 2029,Columbus Crew,3/3/2006,Goalkeeper,Homegrown, Belarus,Domestic,
Lassi,Lappalainen,12/31/2025,2026,Columbus Crew,8/24/1998,Midfielder,Senior,Finland,International,
Steven,Moreira,12/31/2025,2026,Columbus Crew,8/13/1994,Defender,Senior,France,International,
Cole,Mrowka,12/31/2026,2027 and 2028,Columbus Crew,4/6/2006,Midfielder,Homegrown,USA,Domestic,
Darlington,Nagbe,12/31/2025,2026,Columbus Crew,7/19/1990,Midfielder,Designated Player,Liberia,Domestic,
Diego,Rossi,12/31/2026,2027,Columbus Crew,3/5/1998,Forward,Designated Player,Uruguay,Domestic,
Jacen,Russell-Rowe,12/31/2025,2026,Columbus Crew,9/13/2002,Forward,Homegrown,Canada,Domestic,
Patrick,Schulte,12/31/2027,2028,Columbus Crew,3/13/2001,Goalkeeper,Senior,USA,Domestic,
Sean,Zawadzki,12/31/2027,None,Columbus Crew,4/21/2000,Midfielder,Senior,USA,Domestic,
Amar,Sejdic,12/31/2025,2026,Columbus Crew,11/29/1996,Midfielder,Senior,USA,Domestic,
Conner,Antley,12/31/2025,2026,DC United,3/22/1995,Defender,Senior,USA,Domestic,
Dominique,Badji,12/31/2026,2027,DC United,10/16/1992,Forward,Senior,Senegal,Domestic,
Luis,Barraza,12/31/2025,None,DC United,11/8/1996,Goalkeeper,Senior,USA,Domestic,
Lucas,Bartlett,12/31/2027,2028,DC United,7/26/1997,Defender,Senior,USA,Domestic,
Christian,Benteke,12/31/2025,2026,DC United,12/3/1990,Forward,Designated Player,Belgium,International,
Boris,Enow,12/31/2027,2028,DC United,3/30/2000,Midifelder,Senior,Cameroon,International,
Aaron,Herrera,12/31/2025,2026,DC United,6/6/1997,Defender,Senior,USA,Domestic,
Jackson,Hopkins,12/31/2025,2026 and 2027,DC United,7/1/2004,Midfielder,Homegrown,USA,Domestic,
Kim,Joon-Hong,12/31/2027,2028 and 2029,DC United,6/3/2003,Goalkeeper,U22 Initiative,South Korea,International,
Hosei,Kijima,12/31/2025,2026 and 2027,DC United,7/1/2002,Midfielder,Supplemental,Japan,Domestic,
Lukas,MacNaughton,12/31/2025,None,DC United,3/8/1995,Defender,Senior,Canada,International,
Jacob,Murrell,12/31/2026,2027,DC United,3/28/2004,Forward,Supplemental,USA,Domestic,
Joao,Peglow,12/31/2027,2028,DC United,1/7/2002,Forward,Senior,,International,
Matti,Peltola,12/31/2027,2028,DC United,7/3/2002,Midfielder,Senior,Finland,International,
Gabirel,Pirani,12/31/2025,2026 and 2027,DC United,4/12/2002,Midfielder,U22 Inititative,Brazil,Domestic,
Kye,Rowles,12/31/2026,2027,DC United,6/24/1998,Defender,Senior,Australia,International,
David,Schnegg,12/31/2026,2027,DC United,9/29/1998,Defender,Senior,Austria,International,
Jared,Stroud,12/31/2026,2027,DC United,7/10/1996,Midfielder,Senior,USA,Domestic,
Garrison,Tubbs,12/31/2025,2026 and 2027,DC United,2/17/2002,Defender,Homegrown,USA,Domestic,
Brandon,Servania,12/31/2026,2027,DC United,3/12/1999,Midfielder,Senior,USA,Domestic,
Randall,Leal,12/31/2025,2026,DC United,1/14/1997,Forward,Senior,Costa Rica,Domestic,
Hakim,Karamoko,12/31/2027,2028 and 2029,DC United,11/1/2005,Forward,Supplemental,USA,Domestic,
Derek,Dodson,12/31/2025,2026,DC United,11/3/1998,Defender,Senior,USA,Domestic,
Fidel,Barajas,6/30/2025 (LOAN),Option to BUY,DC United,4/5/2006,Forward,Supplemental,USA,Domestic,
Jordan,Farr,12/31/2026,2027,DC United,10/5/1994,Goalkeeper,Supplemental,USA,Domestic,
Gavin,Turner,12/31/2027,2028 and 2029,DC United,1/5/2007,Forward,Homegrown,USA,Domestic,
Rida,Zouhir,12/31/2025,2026 and 2027,DC United,11/23/2003,Midfielder,Supplemental,USA,Domestic,
Tah,Anunga,12/31/2025,2026,FC Cinciannati,8/10/1996,Midfielder,Senior,Camerroon,Domestic,
Corey,Baird,12/31/2025,2026,FC Cinciannati,1/30/1999,Forward,Senior,USA,Domestic,
Pavel,Bucha,12/31/2026,2027,FC Cinciannati,3/11/1998,Midfielder,Senior,Czech Republic,International,
Roman,Celentano,12/31/2027,None,FC Cinciannati,9/14/2000,Goalkeeper,Senior,USA,Domestic,
Stefan,Chirila,12/31/2028,2029,FC Cinciannati,1/15/2007,Forward,Homegrown,USA,Domestic,
Kevin,Denkey,12/31/2028,2029,FC Cinciannati,11/30/2000,Forward,Designated Player,Togo,International,
Lukas,Engel,12/31/2025 (LOAN),Option to Buy,FC Cinciannati,12/14/1998,Defender,Senior,Denmark,International,
Gilberto,Flores,12/31/2027,2028 and 2029,FC Cinciannati,4/1/2003,Defender,U22 Initiative,Paraguay,International,
Teenage,Hadebe,12/31/2025,2026,FC Cinciannati,9/17/1995,Defender,Senior,Zimbabwe,International,
Nick,Hagglund,12/31/2027,None,FC Cinciannati,9/14/1992,Defender,Senior,USA,Domestic,
Stiven,Jimenez,12/31/2025,2026 and 2027,FC Cinciannati,6/24/2007,Midfielder,Homegrown,USA,Domestic,
Alec,Kann,12/31/2025,None,FC Cinciannati,8/8/1990,Goalkeeper,Senior,USA,Domestic,
Yuya,Kubo,12/31/2025,2026,FC Cinciannati,12/24/1993,Forward,Senior,Japan,Domestic,
Evan,Louro,12/31/2025,2026,FC Cinciannati,1/19/1996,Goalkeeper,Supplemental,USA,Domestic,
Matt,Miazga,12/31/2025,2026,FC Cinciannati,7/19/1995,Defender,Senior,USA,Domestic,
Obinna,Nwobodo,12/31/2025,None,FC Cinciannati,11/19/1996,Midfielder,Senior,USA,Domestic,
Luca,Orellano,12/31/2029,None,FC Cinciannati,3/22/2000,Forward,Senior,Argentina,International,
Alvas,Powell,12/31/2025,2026,FC Cinciannati,7/18/1994,Defender,Senior,Jamaica,Domestic,
Brad,Smith,12/31/2025,2026,FC Cinciannati,4/9/1994,Defender,Senior,Australia,Domestic,
Miles,Robinson,12/31/2025,None,FC Cinciannati,3/14/1997,Defender,Senior,USA,Domestic,
Sergio,Santos,12/31/2025,2026,FC Cinciannati,9/4/1994,Forward,Senior,Brazil,Domestic,
Gerardo,Valenzuela,12/31/2026,2027 and 2028,FC Cinciannati,9/28/2004,Midfielder,Homegrown,USA,Domestic,
Paul,Walters,12/31/2026,2027,FC Cinciannati,4/11/2004,Goalkeeper,Homegrown,USA,Domestic,
Deandre,Yedlin,12/31/2025,2026,FC Cinciannati,7/9/1993,Defender,Senior,USA,Domestic,
Evander,Evander,12/31/2027,2028,FC Cinciannati,6/9/1998,Midfielder,Designated Player,Brazil,Domestic,
Osaze,Urhoghide,12/31/2028,2029,FC Dallas,7/4/2000,Defender,Senior,Netherlands,International,
Alejandro,Urzua,12/31/2025,2026 and 2027 and 2028,FC Dallas,4/3/2006,Midfielder,Off Roster Homegrown,USA,Domestic,
Lalas,Abubakar,12/31/2026,2027,FC Dallas,12/25/1994,Defender,Senior,Ghana,Domestic,
Lucho,Acosta,12/31/2026,2027,FC Dallas,5/31/1994,Forward,Designated Player,Argentina,Domestic,
Ramiro,Benetti,12/31/2026,2027,FC Dallas,5/22/1993,Midfielder,Senior,Brazil,International,
Manuel 'Show',Cafumana,7/22/2025,TO BUY,FC Dallas,3/6/1999,Midfielder,Senior,Angola,International,
Antonio,Carrera,12/31/2025,2026,FC Dallas,3/15/2004,Goalkeeper,Senior,USA,Domestic,
Leo,Chu,12/31/2025,None,FC Dallas,4/6/2000,Midfielder,U22 Initiative,Brazil,Domestic,
Michael,Collodi,12/31/2026,2027 and 2028,FC Dallas,5/25/2001,Goalkeeper,Homegrown,USA,Domestic,
Patrickson,Delgado,12/31/2027,2028,FC Dallas,10/17/2003,Midfielder,U22 Initiative,Ecuador,International,
Herbert,Endeley,12/31/2025,2026,FC Dallas,10/9/2001,Forward,Supplemental,USA,Domestic,
Marco,Farfan,12/31/2025,2026,FC Dallas,11/12/1998,Defender,Senior,USA,Domestic,
Logan,Farrington,12/31/2027,2028 and 2029,FC Dallas,12/14/2001,Forward,Supplemental,USA,Domestic,
Sebastian,Ibeagha,12/31/2025,2026,FC Dallas,1/21/1992,Defender,Senior,Nigeria,Domestic,
Anderson,Julio,12/31/2025,2026,FC Dallas,5/31/1996,Forward,Senior,Ecuador,International,
Álvaro,Augusto,12/31/2027,2028 and 2029,FC Dallas,4/17/2005,Defender,Supplemental,Brazil,International,
Diego,García,12/31/2027,2028 and 2029,FC Dallas,10/17/2006,Midfielder,Homegrown,USA,Domestic,
Bernard,Kamungo,12/31/2027,2028 and 2029,FC Dallas,1/1/2002,Forward,Senior,Tanzania,Domestic,
Sebastian,Lletget,12/31/2025,2026,FC Dallas,9/3/1992,Midfielder,Senior,USA,Domestic,
Pedro,Martins,12/31/2025,2026 and 2027,FC Dallas,4/18/2003,Midfielder,Supplemental,Brazil,International,
Malachi,Molina,12/31/2026,2027 and 2028,FC Dallas,10/11/2006,Defender,Off Roster Homegrown,USA,Domestic,
Daniel,Baran,12/31/2026,2027 and 2028,FC Dallas,9/16/2006,Forward,Off Roster Homegrown,USA,Domestic,
Shaq,Moore,12/31/2026,2027,FC Dallas,11/2/1996,Defender,Senior,USA,Domestic,
Kaick,Kaick,12/31/2028,2029,FC Dallas,11/29/2005,Midfielder,U22 Initiative,Brazil,International,
Petar,Musa,12/31/2027,2028,FC Dallas,3/4/1998,Forward,Designated Player,Croatia,International,
Enzo,Newman,12/31/2026,2027 and 2028 and 2029,FC Dallas,12/8/2005,Defender,Supplemental,USA,Domestic,
Nolan,Norris,12/31/2025,2026 and 2027,FC Dallas,2/17/2005,Defender,Homegrown,USA,Domestic,
Tsiki,Ntsabeleng,12/31/2026,2027 and 2028,FC Dallas,2/9/1998,Midfielder,Senior,South Africa,Domestic,
Maarten,Paes,12/31/2026,2027 and 2028,FC Dallas,5/14/1998,Goalkeeper,Senior, Netherlands,Domestic,
Paxton,Pomykal,12/31/2026,2027,FC Dallas,12/17/1999,Midfielder,Senior,USA,Domestic,
Anthony,Ramirez,12/31/2026,2026 and 2027 and 2028,FC Dallas,12/22/2005,Midfielder,Homegrown,USA,Domestic,
Tarik,Scott,12/31/2025,2026 and 2027,FC Dallas,4/23/2005,Forward,Homegrown,USA,Domestic,
Ibrahim,Aliyu,12/31/2025,2026 and 2027,Houston Dynamo,1/16/2002,Forward,U22 Initiative,Nigeria,Domestic,
Stephen,Gyamfi,12/31/2025,2026 and 2027,Houston Dynamo,5/19/2003,Forward,Supplemental (GA),Ghana,International,
Duane,Holmes,12/31/2026,2027 and 2028,Houston Dynamo,11/6/1994,Midfielder,Senior,USA,Domestic,
Exon,Arzu,12/31/2026,2027 and 2028 and 2029,Houston Dynamo,5/19/2004,Forward,Senior,Honduras,Domestic,
Obafemi,Awodesu,12/31/2025,2026 and 2027,Houston Dynamo,4/5/2001,Defender,Supplemental,USA,Domestic,
Ethan,Bartlow,12/31/2025,2026,Houston Dynamo,2/2/2000,Defender,Senior,USA,Domestic,
Amine,Bassi,12/31/2025,2026 and 2027,Houston Dynamo,11/27/1997,Forward,Senior,France,Domestic,
Jose,Artur,12/31/2025,2026 and 2027,Houston Dynamo,3/11/1996,Midfielder,Designated Player,Brazil,Domestic,
Griffin,Dorsey,12/31/2025,2026,Houston Dynamo,3/5/1999,Defender,Senior,USA,Domestic,
Erik,Dueñas,12/31/2025,2026 and 2027 and 2028,Houston Dynamo,10/18/2004,Midfielder,Supplemental,USA,Domestic,
Lawrence,Ennali,12/31/2026,2027,Houston Dynamo,3/7/2002,Forward,U22 Initiative,Germany,International,
Franco,Escobar,12/31/2025,None,Houston Dynamo,2/21/1995,Defender,Senior,Argentina,Domestic,
Blake,Gillingham,12/31/2025,2026 and 2027 and 2028,Houston Dynamo,1/22/2000,Goalkeeper,Supplemental,USA,Domestic,
Sebastian,Kowalczyk,12/31/2025,2026,Houston Dynamo,8/22/1998,Midfielder,Senior,Poland,International,
Jimmy,Maurer,12/31/2026,None,Houston Dynamo,10/14/1988,Goalkeeper,Senior,USA,Domestic,
Jack,McGlynn,12/31/2025,2026 and 2027,Houston Dynamo,7/7/2003,Midfielder,U22 Initiative,USA,Domestic,
Ezequiel,Ponce,6/2027,2027 and 2028,Houston Dynamo,3/29/1997,Forward,Designated Player,Argentina,International,
Nelson,Quiñones,12/31/2025,2026,Houston Dynamo,8/20/2002,Forward,U22 Initiative,Colombia,International,
Brooklyn,Raines,12/31/2025,2026,Houston Dynamo,3/11/2005,Midfielder,Homegrown,Liberia,Domestic,
Sebastian,Rodriguez,12/31/2026,2027 and 2028 and 2029,Houston Dynamo,9/13/2007,Midfielder,Homegrown,USA,Domestic,
Gabriel,Segal,12/31/2025,None,Houston Dynamo,5/7/2001,Forward,Senior,USA,Domestic,
Daniel,Steres,12/31/2025,2026,Houston Dynamo,11/11/1990,Defender,Senior,USA,Domestic,
Erik,Sviatchenko,12/31/2026,2027,Houston Dynamo,10/4/1991,Defender,Senior,Denmark,Domestic,
Andrew,Tarbell,12/31/2025,None,Houston Dynamo,10/7/1993,Goalkeeper,Senior,USA,Domestic,
Júnior,Urso,12/31/2025,2026,Houston Dynamo,3/10/1989,Midfielder,Senior,Brazil,International,
Michael,Halliday,12/31/2025,2026 and 2027,Houston Dynamo,11/22/2003,Defender,Senior,USA,Domestic,
Nicolas,Lodeiro,12/31/2025,2026,Houston Dynamo,3/21/1989,Midfielder,Senior,Uruguay,Domestic,
Drake,Callender,12/31/2025,2026,Inter Miami,10/7/1997,Goalkeeper,Senior,USA,Domestic,
Gonzalo,Luján,12/31/2027,2028,Inter Miami,4/27/2001,Defender,Senior,Argentina,International,
Baltasar,Rodriguez,12/31/2025(LOAN),Option to BUY,Inter Miami,7/9/2003,Midfielder,,Argentina,International,
Sergio,Busquets,12/31/2025,None,Inter Miami,7/16/1988,Midfielder,Designated Player,Spain,International,
Tomás,Avilés,12/31/2026,2027 and 2028,Inter Miami,2/3/2004,Defender,U22 Initiative,Argentina,International,
Fafà,Picault,12/31/2025,2026,Inter Miami,2/23/1991,Midfielder,Senior,USA,Domestic,
Telasco,Segovia,12/31/2029,None,Inter Miami,4/2/2003,Midfielder,U22 Initiative,Venezuela,International,
Luis,Suárez,12/31/2025,None,Inter Miami,1/24/1987,Forward,Senior,Uruguay,International,
Lionel,Messi,12/31/2025,None,Inter Miami,6/24/1987,Forward,Designated Player,Argentina,International,
David,Martínez,7/2025 (LOAN),Option to BUY,Inter Miami,1/21/1998,Defender,Senior,Argentina,International,
Ryan,Sailor,12/31/2025,None,Inter Miami,11/27/1998,Defender,Supplemental,USA,Domestic,
Robert,Taylor,12/31/2026,2027,Inter Miami,10/21/1994,Midfielder,Senior,Finland,Domestic,
Ian,Fray,12/31/2025,None,Inter Miami,8/31/2002,Defender,Senior,USA,Domestic,
Jordi,Alba,12/31/2025,None,Inter Miami,3/21/1989,Defender,Desgnated Player,Spain,International,
Oscar,Ustari,12/31/2025,None,Inter Miami,7/3/1986,Goalkeeper,Senior,Argentina,International,
Tadeo,Allende,12/31/2025 (LOAN),None,Inter Miami,2/20/1999,Midfielder,Senior,Argentina,International,
Julian,Gressel,12/31/2026,2027,Inter Miami,12/16/1993,Defender,Senior,USA,Domestic,
Leo,Afonso,12/31/2025,2026 and 2027,Inter Miami,7/13/2001,Forward,Supplemental,USA,Domestic,
Tyler,Hall,12/31/2027,2028,Inter Miami,2/5/2006,Defender,Off-Roster Homegrown,USA,Domestic,
Benjamin,Cremaschi,12/31/2027,2028,Inter Miami,3/2/2005,Midfielder,Senior,USA,Domestic,
Noah,Allen,12/31/2025,2026 and 2027,Inter Miami,4/28/2004,Defender,Homegrown,USA,Domestic,
Rocco,Novo,12/31/2025 (LOAN),Option to BUY,Inter Miami,6/4/2002,Goalkeeper,Senior,USA,Domestic,
Maximiliano,Falcón,12/31/2028,2029,Inter Miami,5/1/1997,Defender,Senior,Uruguay,International,
David,Ruiz,12/31/2025,2026 and 2027,Inter Miami,2/8/2004,Midfielder,Supplemental,USA,Domestic,
Yannick,Bright,12/31/2025,2026 and 2027,Inter Miami,9/3/2001,Midfielder,Supplemental,Italy,International,
Fedrico,Redondo,12/31/2027,2028,Inter Miami,1/18/2003,Midfielder,U22 Initiative,Spain,Domestic,
Marcelo,Weigandt,12/31/2025(LOAN),Option to BUY,Inter Miami,1/11/2000,Defender,Senior,Argentina,International,
Isreal,Boatwright,12/31/2026,2027 and 2028,Inter Miami,6/2/2005,Defender,Off-Roster Homegrown,USA,Domestic,
Santiago,Morales,12/31/2027,2028,Inter Miami,2/9/2007,Midfielder,Homegrown,Spain,Domestic,
Novak,Micovic,12/31/2026,2027,LA Galaxy,10/25/2001,Goalkeeper,Supplemental,Yugoslavia,International,
Miki,Yamane,12/31/2026,None,LA Galaxy,12/22/1993,Defender,Senior,Japan,International,
Julian,Aude,12/31/2027,None,LA Galaxy,3/24/2003,Defender,U22 Initiative,Argentina,International,
Maya,Yoshida,12/31/2026,None,LA Galaxy,8/24/1988,Defender,Senior,Japan,International,
Mathias,Jorgensen,12/31/2026,None,LA Galaxy,4/23/1990,Defender,Senior,Denmark,International,
Edwin,Cerrillo,12/31/2026,2027,LA Galaxy,10/3/2000,Midfielder,Senior,USA,Domestic,
Diego,Fagundez,12/31/2025,2026,LA Galaxy,2/1/1995,Midfielder,Senior,Uruguay,Domestic,
Lucas,Sanabria,12/31/2029,,LA Galaxy,12/26/2003,Midfielder,U22 Initiative,Uruguay,International,
Matheus,Nascimento,12/31/2025,Option to BUY,LA Galaxy,3/3/2004,Forward,U22 Initiative,Brazil,International,
Riqui,Puig,12/31/2027,None,LA Galaxy,8/13/1999,Midfielder,Designated Player,Spain,International,
Gabriel,Pec,12/31/2028,None,LA Galaxy,2/11/2001,Forward,Designated Player,Brazil,International,
JT,Marcinkowski,12/31/2026,2027,LA Galaxy,5/9/1997,Goalkeeper,Senior,USA,Domestic,
John,Nelson,12/31/2025,2026,LA Galaxy,7/11/1998,Defender,Senior,USA,Domestic,
Eriq,Zavaleta,12/31/2025,None,LA Galaxy,8/2/1992,Defender,Supplemental,USA,Domestic,
Isaiah,Parente,12/31/2025,2026,LA Galaxy,3/16/2000,Midfielder,Homegrown,USA,Domestic,
Christian,Ramirez,12/31/2025,None,LA Galaxy,4/4/1991,Forward,Senior,USA,Domestic,
Marco,Reus,12/31/2026,None,LA Galaxy,5/31/1989,Midfielder,Senior,Germany,International,
Mauricio,Cuevas,12/31/2025,2026 and 2027,LA Galaxy,2/10/2003,Defender,Homegrown,USA,Domestic,
Tucker,Lepley,12/31/2025,2026 and 2027,LA Galaxy,1/17/2002,Forward,Supplemental,USA,Domestic,
Ruben,Ramos Jr,12/31/2027,2028,LA Galaxy,1/22/2007,Forward,Homegrown,USA,Domestic,
Carlos Emiro,Garces,12/31/2028,None,LA Galaxy,10/11/2001,Defender,Senior,Colombia,International,
Harbor,Miller,12/31/2027,2028,LA Galaxy,6/21/2007,Defender,Homegrown,USA,Domestic,
Miguel,Berry,12/31/2025,2026,LA Galaxy,9/16/1997,Forward,Senior,Spain,Domestic,
Joseph,Paintstil,12/31/2027,None,LA Galaxy,2/1/1998,Forward,Designated Player,Ghana,International,
Brady,Scott,12/31/2025,2026,LA Galaxy,6/30/1999,Goalkeeper,Supplemental,USA,Domestic,
Ascel,Essengue,12/31/2026,2027 and 2028,LA Galaxy,4/30/2003,Defender,Supplemental,Cameroon,Domestic,
John,McCarthy,12/31/2025,None,LA Galaxy,7/4/1992,Goalkeeper,Senior,USA,Domestic,
Elijah,Wynder,12/31/2027,2028,LA Galaxy,3/10/2003,Midfielder,Senior,USA,Domestic,
Denis,Bouanga,12/31/2027,2028,LAFC,11/11/1994,Forward,Designated Player,France,International,
Maxime,Chanot,12/31/2025,None,LAFC,11/21/1989,Defender,Senior,France,Domestic,
Mark,Delgado,12/31/2028,None,LAFC,5/16/1995,Midfielder,Senior,USA,Domestic,
Lorenzo,Dellavalle,12/31/2026,2027,LAFC,4/4/2004,Defender,Supplemental,Italy,International,
Jeremy,Ebobisse,12/31/2027,2028,LAFC,2/14/1997,Forward,Senior,USA,Domestic,
Olivier,Giroud,12/31/2025,2026,LAFC,9/30/1986,Forward,Designated Player,France,International,
Thomas,Hasal,12/31/2025,2026,LAFC,7/9/1999,Goalkeeper,Supplemental,Canada,Domestic,
Kenny,Nielsen,12/31/2025,2026 and 2027,LAFC,2/13/2002,Defender,Supplemental,USA,Domestic,
Ryan,Hollingshead,12/31/2025,None,LAFC,4/16/1991,Defender,Senior,USA,Domestic,
Odin,Holm,12/31/2025,None,LAFC,1/18/2003,Midfielder,Senior, Norway,International,
Igor,Jesus,12/31/2028,None,LAFC,3/7/2003,Midfielder,U22 Initiative,Brazil,International,
Hugo,Lloris,12/31/2025,2026,LAFC,12/26/1986,Goalkeeper,Senior,France,International,
Aaron,Long,12/31/2027,None,LAFC,10/12/1992,Defender,Senior,USA,Domestic,
David,Martínez,12/31/2027,2028,LAFC,2/7/2006,Midfielder,U22 Initiative,Venezuela,International,
David,Ochoa,12/31/2025,2026,LAFC,1/16/2001,Goalkeeper,Supplemental,USA,Domestic,
Nathan,Ordaz,12/31/2025,2026,LAFC,1/12/2004,Forward,Homegrown,USA,Domestic,
Sergi,Palencia,12/31/2025,None,LAFC,3/23/1996,Defender,Senior,Spain,International,
Marlon,Santos,6/2025,2025 and 2026,LAFC,9/7/1995,Defender,Senior,Brazil,International,
Eddie,Segura,12/31/2026,None,LAFC,2/2/1997,Defender,Senior,Colombia,Domestic,
Nkosi,Tafari,12/31/2025,2026,LAFC,3/23/1997,Defender,Senior,USA,Domestic,
Jude,Terry,12/31/2027,2028 and 2029,LAFC,10/8/2008,Midfielder,Off-Roster Homegrown,USA,Domestic,
Timothy,Tillman,12/31/2025,2026,LAFC,1/4/1999,Midfielder,Senior,Germany,Domestic,
Adrian,Wibowo,12/31/2025,2026 and 2027,LAFC,1/17/2006,Forward,Homegrown,USA,Domestic,
Yaw,Yeboah,12/31/2026,2027,LAFC,3/28/1997,Midfielder,Senior,Ghana,International,
Cengiz,Ünder,6/2025 (LOAN),Option to BUY,LAFC,7/14/1997,Forward,Designated Player,Turkey,International,
Artem,Smolyakov,12/31/2028,2029,LAFC,5/29/2003,Defender,U22 Initiative,Ukraine,International,
Adam,Saldana,12/31/2025,2026,LAFC,,Midfielder,Supplemental,USA,Domestic,
Michael,Boxall,12/31/2025,2026,Minnesota,8/18/1988,Defender,Senior,New Zealand,Domestic,
Jefferson,Diaz,12/31/2026,2027,Minnesota,12/5/2000,Defender,Senior,Colombia,International,
Hassani,Dotson,12/31/2025,None,Minnesota,8/6/1997,Midfielder,Senior,USA,Domestic,
Morris, Duggan,12/31/2025,2026 and 2027,Minnesota,10/24/2000,Defender,Supplemental,Germany,International,
Owen,Gene,12/31/2027,2029,Minnesota,3/19/2003,Midfielder,U22 Initiative,France,International,
Carlos,Harvey,12/31/2025,2026,Minnesota,2/3/2000,Midfielder,Senior,Panama,Domestic,
Bongokuhle,Hlongwane,12/31/2027,2028,Minnesota,6/20/2000,Forward,Senior,South Africa,Domestic,
Sang Bin,Jeong,12/31/2025,2026,Minnesota,4/1/2002,Forward,U22 Initiative,South Korea,International,
Hoyeon,Jung,12/31/2027,2028,Minnesota,9/28/2000,Midfielder,Senior,South Korea,International,
Kipp,Keller,12/31/2025,2026,Minnesota,7/14/2000,Defender,Supplemental,USA,Domestic,
Robin, Lod,12/31/2025,2026,Minnesota,4/17/1993,Midfielder,Senior,Finland,Domestic,
Anthony,Markanich,12/31/2025,None,Minnesota,12/26/1999,Defender,Supplemental,USA,Domestic,
Loïc,Mesanvi,12/31/2025,2026 and 2027,Minnesota,10/6/2003,Midfielder,Supplemental,Togo,Domestic,
Tanitoluwa,Oluwaseyi,12/31/2027,2028,Minnesota,5/15/2000,Forward,Senior,Nigeria,Domestic,
Devin,Padelford,12/31/2025,2026,Minnesota,1/3/2003,Defender,Homegrown,USA,Domestic,
Joaquín,Pereyra,12/31/2027,2028,Minnesota,12/1/1998,Midfielder,Designated Player,Argentina,International,
Nicolás,Romero,12/31/2027,2028,Minnesota,11/28/2003,Defender,U22 Initiative,Argentina,International,
Joseph,Rosales,12/31/2027,2028,Minnesota,11/6/2000,Midfielder,Senior,Honduras,Domestic,
Samuel,Shashoua,12/31/2025,2026,Minnesota,5/13/1999,Forward,Supplemental,England,Domestic,
Alec,Smir,12/31/2025,2026,Minnesota,4/13/1999,Goalkeeper,Supplemental,USA,Domestic,
Dayne,St. Clair,12/31/2025,None,Minnesota,5/9/1997,Goalkeeper,Senior,Canada,Domestic,
DJ,Taylor,12/31/2025,2026,Minnesota,8/26/1997,Defender,Senior,USA,Domestic,
Wil,Trapp,12/31/2025,2026,Minnesota,1/15/1993,Midfielder,Senior,USA,Domestic,
Kelvin,Yeboah,12/31/2027,2028,Minnesota,5/6/2000,Forward,Designated Player,Ghana,International,
Joe,Willis,12/31/2025,2026,Nashville SC,8/10/1988,Goalkeeper,Senior,USA,Domestic,
Daniel,Lovitz,12/31/2025,2026,Nashville SC,8/27/1991,Defender,Senior,USA,Domestic,
Jeisson,Palacios,12/31/2026,2027,Nashville SC,3/20/1994,Defender,Senior,Colombia,International,
Jack,Maher,12/31/2027,None,Nashville SC,10/28/1999,Defender,Senior,USA,Domestic,
Bryan,Acosta,12/31/2025,2026,Nashville SC,11/24/1993,Midfielder,Senior,Honduras,Domestic,
Gastón,Brugman,12/31/2025,2026,Nashville SC,9/7/1992,Midfielder,Senior,Uruguay,Domestic,
Patrick,Yazbek,12/31/2027,2028,Nashville SC,4/5/2002,Midfielder,U22 Initiative,Australia,International,
Sam,Surridge,12/31/2026,2027,Nashville SC,7/28/1998,Forward,Designated Player,England,International,
Hany,Mukhtar,12/31/2026,2027,Nashville SC,3/21/1995,Midfielder,Designated Player,Germany,Domestic,
Tyler,Boyd,12/31/2026,2027,Nashville SC,12/30/1994,Forward,Senior,New Zealand,Domestic,
Teal,Bunbury,12/31/2025,None,Nashville SC,2/27/1990,Forward,Senior,Canada,Domestic,
Xavier,Valdez,12/31/2025,2026 and 2027,Nashville SC,11/23/2003,Goalkeeper,Supplemental,USA,Domestic,
Jacob,Shaffelburg,12/31/2026,2027,Nashville SC,11/26/1999,Midfielder,Senior,Canada,Domestic,
Matthew,Corcoran,12/31/2027,2028 and 2029,Nashville SC,2/17/2006,Midfielder,Supplemental,USA,Domestic,
Alex,Muyl,12/31/2025,2026,Nashville SC,9/30/1995,Midfielder,Senior,USA,Domestic,
Edvard,Tagseth,12/31/2026,2027,Nashville SC,1/23/2001,Midfielder,Senior,Norway,International,
Josh,Bauer,12/31/2026,2027,Nashville SC,7/22/1998,Defender,Supplemental,USA,Domestic,
Taylor,Washington,12/31/2025,None,Nashville SC,8/16/1993,Defender,Supplemental,USA,Domestic,
Walker,Zimmerman,12/31/2025,None,Nashville SC,5/19/1993,Defender,Designated Player,USA,Domestic,
Wyatt,Meyer,12/31/2025,2026 and 2027 and 2028,Nashville SC,1/11/2001,Defender,Supplemental,USA,Domestic,
Julian,Gaines,12/31/2025,2026,Nashville SC,11/5/2002,Defender,Supplemental,USA,Domestic,
Jonathan,Perez,12/31/2025 (LOAN),Option to BUY,Nashville SC,1/18/2003,Forward,Senior,USA,Domestic,
Andy,Najar,12/31/2025,2026,Nashville SC,3/16/1993,Defender,Senior,Honduras,Domestic,
Christopher,Applewhite,12/31/2027,2028 and 2029,Nashville SC,8/23/2007,Defender,Homegrown,USA,Domestic,
Ahmed,Qasem,12/31/2027,2028,Nashville SC,7/12/2003,Midfielder,U22 Initiative,Sweden,International,
Isaiah,Jones,12/31/2027,2028,Nashville SC,4/8/2006,Midfielder,Off-Roster Homegrown,Sierra Leone,Domestic,
Adem,Sipic,12/31/2027,2028,Nashville SC,4/5/2006,Forward,Off-Roster Homegrown,USA,Domestic,
Brian,Schwake,12/31/2026,2027,Nashville SC,8/24/2001,Goalkeeper,Supplemental,USA,Domestic,
Tanner,Beason,12/31/2026,2027,NE Revolution,3/23/1997,Defender,Senior,USA,Domestic,
Alex,Bono,12/31/2026,None,NE Revolution,4/25/1994,Goalkeeper,Senior,USA,Domestic,
Noel,Buck,12/31/2025,2026,NE Revolution,4/5/2005,Midfielder,Homegrown,USA,Domestic,
Brandon,Bye,12/31/2025,None,NE Revolution,11/29/1995,Defender,Senior,USA,Domestic,
Leo,Campana,12/31/2027,2028,NE Revolution,7/24/2000,Forward,Senior,Ecuador,Domestic,
Brayan,Ceballos,12/31/2027,2028,NE Revolution,5/24/2001,Defender,Senior,Colombia,International,
Tomás,Chancalay,12/31/2026,2027,NE Revolution,1/1/1999,Midfielder,Designated Player,Argentina,International,
Luis,Diaz Espinoza,12/31/2025,2026 and 2027,NE Revolution,12/6/1998,Midfielder,Supplemental,Costa Rica,Domestic,
Andrew,Farrell,12/31/2025,2026,NE Revolution,4/2/1992,Defender,Senior,USA,Domestic,
Ilay,Feingold,12/31/2027,2028,NE Revolution,8/23/2004,Defender,U22 Initiative,Israel,International,
Mamadou,Fofana,12/31/2027,2028,NE Revolution,1/21/1998,Defender,Senior,Mali,International,
Malcolm,Fry,12/31/2026,2027,NE Revolution,5/15/2005,Forward,Homegrown,USA,Domestic,
Ignatius,Ganago,7/1/2025,Option to BUY,NE Revolution,2/16/1999,Forward,Senior,Cameroon,International,
Carles,Gil,12/31/2026,2027,NE Revolution,11/22/1992,Midfielder,Designated Player,Spain,Domestic,
Aljaz,Ivacic,12/31/2025,2026,NE Revolution,12/29/1993,Goalkeeper,Supplemental,Slovenia,International,
Luca,Langoni,12/31/2027,2028,NE Revolution,2/9/2002,Forward,U22 Initiative,Argentina,International,
Damario,McIntosh,12/31/2028,2029,NE Revolution,8/17/2007,Defender,Homegrown,Jamaica,Domestic,
Peyton,Miller,12/31/2027,2028,NE Revolution,11/8/2007,Defender,Homegrown,USA,Domestic,
Wyatt,Omsberg,12/31/2025,2026,NE Revolution,9/21/1995,Defender,Senior,USA,Domestic,
Jack,Panayotou,12/31/2026,2027,NE Revolution,6/5/2004,Midfielder,Homegrown,USA,Domestic,
Donovan,Parisian,12/31/2026,2027 and 2028,NE Revolution,9/27/2004,Goalkeeper,Supplemental,USA,Domestic,
Matthew,Polster,12/31/2025,None,NE Revolution,6/8/1993,Midfielder,Senior,USA,Domestic,
Will,Sands,12/31/2026,2027,NE Revolution,7/6/2000,Defender,Senior,USA,Domestic,
Maxi,Urruti,12/31/2025,2026,NE Revolution,2/22/1991,Forward,Supplemental,Argentina,Domestic,
Jackson,Yueill,12/31/2027,2028 and  2029,NE Revolution,3/19/1997,Midfielder,Senior,USA,Domestic,
Alhassan,Yusuf,12/31/2027,2028,NE Revolution,7/18/2000,Midfielder,Senior,Nigeria,International,
Keegan,Hughes,12/31/2025,2026 and 2027,NE Revolution,7/22/2000,Defender,Supplemental,USA,Domestic,
Birk,Risa,12/31/2025,2026,NYCFC,2/13/1998,Defender,Senior,Norway,International,
Mounsef,Bakrar,12/31/2026,2027,NYCFC,1/13/2001,Forward,Senior,Algeria,Domestic,
Maxi,Moralez,12/31/2025,None,NYCFC,2/27/1987,Midfielder,Senior,Argentina,Domestic,
Julián,Fernández,12/31/2027,2028,NYCFC,1/30/2004,Forward,U22 Initiative,Argentina,Domestic,
Strahinja,Tanasijević,12/31/2025,2026 and  2027,NYCFC,6/12/1997,Defender,Senior,Yugoslavia,International,
Thiago,Martins,12/31/2025,2026,NYCFC,3/17/1995,Defender,Designated Player,Brazil,Domestic,
Alonso,Martínez,12/31/2027,2028 and 2029,NYCFC,10/15/1998,Forward,Senior,Costa Rica,International,
Hannes,Wolf,12/31/2027,2028,NYCFC,4/16/1999,Forward,Senior,Austria,International,
Greg,Ranjitsingh,12/31/2026,2027,NYCFC,7/18/1993,Goalkeeper,Supplemental,Canada,Domestic,
Kevin,O'Toole,12/31/2025,2026,NYCFC,12/14/1998,Forward,Senior,USA,Domestic,
Andres,Perea,12/31/2025,2026,NYCFC,11/14/2000,Midfielder,Senior,USA,Domestic,
Tayvon,Gray,12/31/2025,2026,NYCFC,8/19/2002,Defender,Homegrown,USA,Domestic,
Agustín,Ojeda,12/31/2028,2029,NYCFC,6/19/2004,Forward,U22 Initiative,Argentina,Domestic,
Máximo,Carrizo,12/31/2027,2028,NYCFC,2/28/2008,Midfielder,Homegrown,USA,Domestic,
Tomas,Romero,12/31/2025,2026,NYCFC,12/19/2000,Goalkeeper,Supplemental,USA,Domestic,
Jonathan,Shore,12/31/2027,2028,NYCFC,4/13/2007,Midfielder,Homegrown,USA,Domestic,
Prince,Amponsah,12/31/2025,2026 2027 and 2028,NYCFC,8/30/2003,Defender,Homegrown,USA,Domestic,
Mitja,Ilenic,12/31/2026,2027,NYCFC,12/26/2004,Defender,Senior,Slovenia,Domestic,
Zidane,Yañez,12/31/2028,2029,NYCFC,1/26/2008,Forward,Off-Roster Homegrown,USA,Domestic,
Drew,Baiera,12/31/2027,2028,NYCFC,2/28/2007,Defender,Homegrown,USA,Domestic,
Alex,Rando,12/31/2025,2026 and 2027,NYCFC,4/15/2001,Goalkeeper,Off-Roster Homegrown,USA,Domestic,
Jacob,Arroyave,12/31/2027,2028,NYCFC,11/12/2007,Midfielder,Off-Roster Homegrown,USA,Domestic,
Matt,Freese,12/31/2026,2027,NYCFC,9/2/1998,Goalkeeper,Senior,USA,Domestic,
Keaton,Parks,12/31/2026,2027 and 2028,NYCFC,8/6/1997,Midfielder,Senior,USA,Domestic,
Malachi,Jones,12/31/2026,2027,NYCFC,9/23/2003,Forward,Supplemental,Sierra Leone,Domestic,
Max,Murray,12/31/2025,2026 2027 and 2028,NYCFC,4/8/2002,Defender,Supplemental,USA,Domestic,
Nico,Cavallo,12/31/2025,2026 2027 and 2028,NYCFC,12/27/2001,Defender,Supplemental,USA,Domestic,
Justin,Haak,12/31/2025,None,NYCFC,9/21/2001,Midfielder,Senior,USA,Domestic,
AJ,Marcucci,12/31/2025,2026 and 2027,NY Red Bulls,7/31/1999,Goalkeeper,Supplemental,USA,Domestic,
Aidan,Stokes,12/31/2027,2028,NY Red Bulls,1/14/2008,Goalkeeper,Homegrown,USA,Domestic,
Carlos,Coronel,12/31/2025,None,NY Red Bulls,12/29/1996,Goalkeeper,Senior,Brazil,Domestic,
Noah,Eile,12/31/2027,2028,NY Red Bulls,7/19/2002,Defender,U22 Initiative,Sweden,International,
Omar,Valencia,12/31/2027,2028,NY Red Bulls,6/8/2004,Defender,Supplemental,Panama,International,
Kyle,Duncan,12/31/2025,2026,NY Red Bulls,8/8/1997,Defender,Senior,USA,Domestic,
Dylan,Nealis,12/31/2027,2028,NY Red Bulls,7/30/1998,Defender,Senior,USA,Domestic,
Sean,Nealis,12/31/2025,2026,NY Red Bulls,1/13/1997,Defender,Senior,USA,Domestic,
Curtis,Ofori,12/31/2025,2026,NY Red Bulls,11/20/2005,Defender,Homegrown,USA,Domestic,
Tim,Parker,12/31/2025,2026,NY Red Bulls,2/23/1993,Defender,Senior,USA,Domestic,
Alexander,Hack,12/31/2026,2027,NY Red Bulls,9/8/1993,Defender,Senior,Germany,International,
Raheem,Edwards,12/31/2026,2027,NY Red Bulls,7/17/1995,Defender,Senior,Canada,Domestic,
Marcelo,Morales,12/31/2027,2028,NY Red Bulls,6/6/2003,Defender,Senior,Chile,International,
Peter,Stroud,12/31/2025,2026 and 2027,NY Red Bulls,4/23/2002,Midfielder,Homegrown,USA,Domestic,
Lewis,Morgan,12/31/2026,2027 and 2028,NY Red Bulls,9/30/1996,Midfielder,Senior,Scotland,International,
Emil,Forsberg,12/31/2026,2027,NY Red Bulls,10/23/1991,Midfielder,Designated Player,Sweden,International,
Cameron,Harper,12/31/2027,2028,NY Red Bulls,11/19/2001,Midfielder,Senior,USA,Domestic,
Wiki,Carmona,12/31/2027,2028,NY Red Bulls,2/24/2003,Midfielder,Senior,Venezuela,Domestic,
Felipe,Carballo,6/2025(LOAN),Option to BUY,NY Red Bulls,10/4/1996,Midfielder,Senior,Uruguay,International,
Dennis,Gjengaar,12/31/2027,2028,NY Red Bulls,2/24/2004,Midfielder,U22 Initiative,Norway,International,
Mohammed,Sofo,12/31/2026,2027 and 2028,NY Red Bulls,11/30/2004,Midfielder,Supplemental,Ghana,International,
Ronald,Donkor,12/31/2026,2027,NY Red Bulls,11/20/2004,Midfielder,Senior,Ghana,International,
Daniel,Edelman,12/31/2027,2028,NY Red Bulls,4/28/2003,Midfielder,Senior,USA,Domestic,
Adri,Mehmeti,12/31/2028,2029,NY Red Bulls,4/6/2009,Midfielder,Off-Roster Homegrown,USA,Domestic,
Aiden,Jarvis,12/31/2028,2029,NY Red Bulls,11/14/2006,Midfielder,Off-Roster Homegrown,USA,Domestic,
Wiktor,Bogacz,12/31/2028,2029,NY Red Bulls,7/14/2004,Forward,U22 Initiative,Poland,International,
Eric Maxim,Choupo-Moting,12/31/2026,2027,NY Red Bulls,3/23/1989,Forward,Designated Player,Germany,International,
Julian,Hall,12/31/2026,2027,NY Red Bulls,3/24/2008,Forward,Homegrown,USA,Domestic,
Roald,Mitchell,12/31/2026,2027 and 2028,NY Red Bulls,1/13/2003,Forward,Homegrown,USA,Domestic,
Tanner,Rosborough,12/31/2028,2029,NY Red Bulls,3/21/2008,Forward,Off-Roster Homegrown,USA,Domestic,
Serge,Ngoma,12/31/2027,2028,NY Red Bulls,7/9/2005,Forward,Homegrown,USA,Domestic,
Iván,Angulo,12/31/2025,2026,Orlando City,3/22/1999,Forward,Senior,Colombia,Domestic,
César,Araújo,12/31/2025,None,Orlando City,4/2/2001,Midfielder,Senior,Uruguay,Domestic,
Eduard,Atuesta,12/31/2025,2026,Orlando City,6/18/1997,Midfielder,Senior,Colombia,International,
David,Brekalo,12/31/2027,2028,Orlando City,12/3/1998,Defender,Senior,Slovenia,Domestic,
Ramiro,Enrique,12/31/2025,2026 and 2027,Orlando City,5/4/2001,Forward,U22 Initiative,Argentina,Domestic,
Alex,Freeman,12/31/2025,2026,Orlando City,8/9/2004,Defender,Senior,USA,Domestic,
Pedro,Gallese,12/31/2025,None,Orlando City,2/23/1990,Goalkeeper,Senior,Peru,Domestic,
Joran,Gerbet,12/31/2026,2027 and 2028,Orlando City,6/30/2001,Midfielder,Supplemental,France,International,
Colin,Guske,12/31/2027,2028,Orlando City,1/29/2007,Midfielder,Off-Roster Homegrown,USA,Domestic,
Robin,Jansson,12/31/2025,2026,Orlando City,11/15/1991,Defender,Senior,Sweden,Domestic,
Favian,Loyola,12/31/2025,2026 and 2027,Orlando City,5/18/2005,Midfielder,Supplemental,USA,Domestic,
Duncan,McGuire,12/31/2027,2028,Orlando City,2/5/2001,Forward,Senior,USA,Domestic,
Carlos,Mercado,12/31/2025,2026 and 2027,Orlando City,9/27/1999,Goalkeeper,Senior,USA,Domestic,
Gustavo,Caraballo,12/31/2027,2028,Orlando City,8/29/2008,Midfielder,Homegrown,Venezuela,Domestic,
Shakur,Mohammed,12/31/2025,2026 and 2027,Orlando City,8/27/2003,Midfielder,Supplemental (GA),Ghana,Domestic,
Luis,Muriel,12/31/2026,None,Orlando City,4/16/1991,Forward,Designated Player,Colombia,International,
Martín,Ojeda,12/31/2025,2026 and 2027,Orlando City,11/27/1998,Midfielder,Designated Player,Argentina,Domestic,
Javier,Otero,12/31/2025,2026,Orlando City,11/18/2002,Goalkeeper,Homegrown,Venezuela,Domestic,
Marco,Pašalić,12/31/2027,2028,Orlando City,9/14/2000,Forward,Designated Player,Germany,International,
Tahir,Brown,12/31/2027,2028,Orlando City,7/2/2006,Defender,Off-Roster Homegrown,USA,Domestic,
Nicolás,Rodríguez,12/31/2027,2028,Orlando City,4/24/2004,Midfielder,U22 Intiative,Colombia,International,
Rafael,Santos,12/31/2025,2026,Orlando City,2/5/1998,Defender,Senior,Brazil,Domestic,
Rodrigo,Schlegel,12/31/2026,2027,Orlando City,4/3/1997,Defender,Senior,Argentina,Domestic,
Kyle,Smith,12/31/2025,None,Orlando City,1/9/1992,Defender,Senior,USA,Domestic,
Dagur,Thorhallsson,12/31/2026,2027,Orlando City,5/2/2000,Midfielder,Senior,Iceland,Domestic,
Thomas,Williams,12/31/2026,2027,Orlando City,8/15/2004,Defender,Supplemental,USA,Domestic,
Markus,Anderson,12/31/2026,2027 and 2028,Philadelphia Union,12/11/2003,Midfielder,Senior,USA,Domestic,
Tai,Baribo,12/31/2025,2026,Philadelphia Union,1/15/1998,Forward,Senior,Israel,International,
Alejandro,Bedoya,12/31/2025,None,Philadelphia Union,4/29/1987,Midfielder,Senior,USA,Domestic,
Andre,Blake,12/31/2026,2027,Philadelphia Union,11/21/1990,Goalkeeper,Senior,Jamaica,Domestic,
Jesús,Bueno,12/31/2026,2027,Philadelphia Union,4/15/1999,Midfielder,Senior,Venezuela,Senior,
Bruno,Damiani,12/31/2028,2029,Philadelphia Union,4/18/2002,Forward,Young Designated Player,Uruguay,International,
Edward,Davis,12/31/2027,2028 and 2029,Philadelphia Union,6/17/2006,Forward,Off-Roster Homegrown,USA,Domestic,
Chris,Donovan,12/31/2025,2026 and 2027,Philadelphia Union,8/8/2000,Forward,Senior,USA,Domestic,
Dániel,Gazdag,12/31/2025,2026,Philadelphia Union,3/2/1996,Midfielder,Designated Player,Hungary,Domestic,
Ian,Glavinovich,12/31/2025 (LOAN),Option to BUY,Philadelphia Union,10/27/2001,Defender,Senior,Argentina,International,
Jakob,Glesnes,12/31/2025,2026,Philadelphia Union,3/25/1994,Defender,Senior,Norway,Domestic,
Nathan,Harriel,12/31/2025,2026 and 2027,Philadelphia Union,4/23/2001,Defender,Senior,USA,Domestic,
Danley,Jacques,12/31/2026,2027 and 2028,Philadelphia Union,5/20/2000,Midfielder,Senior,Haiti,International,
Isaiah,LeFlore,12/31/2025,2026 and 2027,Philadelphia Union,12/11/2002,Defender,Supplemental,USA,Domestic,
Jovan,Lukic,12/31/2026,2027 and 2028,Philadelphia Union,1/20/2002,Midfielder,Senior,Yugoslavia,International,
Olwethu,Makhanya,12/31/2025,2026 and 2027,Philadelphia Union,4/30/2004,Defender,U22 Initiative,South Africa,International,
Olivier,Mbaizo,12/31/2026,2027 and 2028,Philadelphia Union,8/15/1997,Defender,Senior,Cameroon,Domestic,
Sal,Olivas,12/31/2028,2029,Philadelphia Union,7/11/2006,Midfielder,Off-Roster Homegrown,USA,Domestic,
Christopher,Olney Jr,12/31/2028,2029,Philadelphia Union,12/16/2006,Midfielder,Homegrown,USA,Domestic,
Neil,Pierre,12/31/2028,2029,Philadelphia Union,10/9/2007,Midfielder,Off-Roster Homegrown,USA,Domestic,
Jeremy,Rafanello,12/31/2026,2027 and 2028,Philadelphia Union,4/14/2000,Midfielder,Homegrown,USA,Domestic,
Andrew,Rick,12/31/2028,2029,Philadelphia Union,1/30/2006,Goalkeeper,Homegrown,USA,Domestic,
Oliver,Semmle,12/31/2025,2026,Philadelphia Union,3/28/1998,Goalkeeper,Senior,Germany,International,
Cavan,Sullivan,12/31/2028,None,Philadelphia Union,9/28/2009,Midfielder,Homegrown,USA,Domestic,
Quinn,Sullivan,12/31/2027,2028,Philadelphia Union,3/27/2004,Midfielder,U22 Initiative,USA,Domestic,
Mikael,Uhre,12/31/2025,None,Philadelphia Union,9/30/1994,Forward,Designated Player,Denmark,Domestic,
Indiana,Vassilev,12/31/2025,2026,Philadelphia Union,2/16/2001,Midfielder,Senior,USA,Domestic,
David,Vazquez,12/31/2027,2028,Philadelphia Union,2/22/2006,Midfielder,Homegrown,USA,Domestic,
Kai,Wagner,12/31/2026,2027,Philadelphia Union,2/15/1997,Defender,Senior,Germany,Domestic,
Francis,Westfield,12/31/2028,2029,Philadelphia Union,12/9/2005,Midfielder,Off-Roster Homegrown,USA,Domestic,
Antony,Santos,12/31/2026,2027,Portland Timbers,9/8/2001,Forward,U22 Initiative,Brazil,Domestic,
Miguel,Araujo,12/31/2025,2026,Portland Timbers,10/24/1994,Defender,Senior,Peru,International,
David,Ayala,12/31/2025,2026,Portland Timbers,7/26/2002,Midfielder,U22 Initiative,Argentina,Domestic,
Claudio,Bravo,12/31/2026,2027,Portland Timbers,3/13/1997,Defender,Senior,Argentina,Domestic,
Diego,Chara,12/31/2025,2026,Portland Timbers,4/5/1986,Midfielder,Senior,Colombia,Domestic,
Maxime,Crépeau,12/31/2025,2026,Portland Timbers,5/11/1994,Goalkeeper,Senior,Canada,Domestic,
David,Da Costa,12/31/2028,2029,Portland Timbers,1/5/2001,Midfielder,Designated Player,Portugal,International,
Jimer,Fory,12/31/2028,2029,Portland Timbers,5/24/2002,Defender,Senior,Colombia,International,
Kevin,Kelsy,12/31/2028,2029,Portland Timbers,7/27/2004,Forward,U22 Initiative,Venezuela,International,
Ariel,Lassiter,12/31/2026,2027,Portland Timbers,9/27/1994,Midfielder,Senior,Costa Rica,Domestic,
Zac,McGraw,12/31/2026,2027,Portland Timbers,6/8/1997,Defender,Senior,USA,Domestic,
Kamal,Miller,12/31/2026,2027,Portland Timbers,5/16/1997,Defender,Senior,Canada,Domestic,
Eric,Miller,12/31/2025,None,Portland Timbers,1/15/1993,Defender,Supplemental,USA,Domestic,
Felipe,Mora,12/31/2025,2026,Portland Timbers,8/2/1993,Forward,Senior,Chile,Domestic,
Santiago,Moreno,12/31/2026,2027,Portland Timbers,4/21/2000,Forward,U22 Initiative,Colombia,Domestic,
Juan,Mosquera,12/31/2027,2028,Portland Timbers,9/5/2002,Defender,Senior,Colombia,Domestic,
Trey,Muse,12/31/2025,2026,Portland Timbers,7/26/1999,Goalkeeper,Supplemental,USA,Domestic,
Joao,Ortiz,12/31/2027,2028,Portland Timbers,5/1/1996,Midfielder,Senior,Ecuador,International,
James,Pantemis,12/31/2025,2026,Portland Timbers,2/21/1997,Goalkeeper,Supplemental,Canada,International,
Cristhian,Paredes,12/31/2025,2026,Portland Timbers,5/18/1998,Midfielder,Senior,Paraguay,Domestic,
Jonathan,Rodríguez,12/31/2026,2027,Portland Timbers,7/6/1993,Forward,Designated Player,Uruguay,International,
Ian,Smith,12/31/2025,2026 and 2027 and 2028,Portland Timbers,7/16/2002,Defender,Supplemental,USA,Domestic,
Finn,Surman,12/31/2026,2027,Portland Timbers,9/23/2003,Defender,Senior,New Zealand,Domestic,
Dario,Zuparic,12/31/2025,None,Portland Timbers,5/3/1992,Defender,Senior,Croatia,Domestic,
Forster,Ajago,12/31/2025,2026 and 2027,RSL,8/16/2001,Forward,Supplemental,Ghana,International,
Owen,Anderson,12/31/2028,2029,RSL,6/6/2007,Midfielder,Off-Roster Homegrown,USA,Domestic,
Lachlan,Brook,12/31/2025,2026 and 2027,RSL,2/8/2001,Midfielder,Senior,Australia,International,
Javain,Brown,12/31/2025,None,RSL,3/9/1999,Defender,Senior,Jamaica,International,
Rafael,Cabral,12/31/2026,2027,RSL,5/20/1990,Goalkeeper,Senior,Brazil,International,
Emeka,Eneli,12/31/2028,2029,RSL,10/18/1999,Midfielder,Senior,USA,Domestic,
Zackery,Farnsworth,12/31/2025,2026 and 2027 and 2028,RSL,7/13/2002,Defender,Homegrown,USA,Domestic,
Justen,Glad,12/31/2026,2027,RSL,2/28/1997,Defender,Senior,USA,Domestic,
Diogo,Gonçalves,12/31/2026,2027 and 2028,RSL,2/6/1997,Midfielder,Designated Player,Portugal,International,
Zavier,Gozo,12/31/2027,2028 and 2029,RSL,3/22/2007,Midfielder,Homegrown,USA,Domestic,
Kobi,Henry,12/31/2025 (LOAN),Option to BUY,RSL,4/26/2004,Defender,Supplemental,USA,Domestic,
Aiden,Hezarkhani,12/31/2028,2029,RSL,6/28/2007,Forward,Off-Roster Homegrown,USA,Domestic,
Matthew,Bell,12/31/2025,2026 and 2027,RSL,8/27/2002,Forward,Supplemental,Jamaica,Internnational,
Bode,Hidalgo,12/31/2027,2028 and 2029,RSL,2/22/2002,Midfielder,Senior,USA,Domestic,
Sam,Junqua,12/31/2025,None,RSL,11/9/1996,Defender,Senior,USA,Domestic,
Alexandros,Katranis,12/31/2025,2026 and 2027,RSL,5/4/1998,Defender,Senior,Greece,International,
Axel,Kei,12/31/2025,2026,RSL,12/30/2007,Forward,Off-Roster Homegrown,Côte d'Ivoire,Domestic,
Max,Kerkvliet,12/31/2026,2027 and 2028,RSL,10/1/2005,Goalkeeper,Supplemental,USA,Domestic,
Diego,Luna,12/31/2026,2027 and 2028,RSL,9/7/2003,Midfielder,U22 Initiative,USA,Domestic,
Zac,MacMath,12/31/2025,None,RSL,8/7/1991,Goalkeeper,Senior,USA,Domestic,
Dominik,Marczuk,12/31/2027,2028,RSL,11/1/2003,Midfielder,U22 Initiative,Poland,International,
Omar,Marquez,12/31/2028,2029 and 2030,RSL,2/21/2008,Midfielder,Off-Roster Homegrown,USA,Domestic,
Luca,Moisa,12/31/2027,2028,RSL,4/20/2008,Midfielder,Off-Roster Homegrown,USA,Domestic,
Braian,Ojeda,12/31/2025,2026 and 2027,RSL,6/27/2000,Midfielder,Senior,Paraguay,International,
Nelson,Palacio,12/31/2026,2027 and 2028,RSL,6/16/2001,Midfielder,U22 Initiative,Colombia,International,
Ariath,Piol,12/31/2027,2028 and 2029,RSL,10/11/2004,Forward,U22 Initiative,Australia,International,
Philip,Quinton,12/31/2025,2026,RSL,11/16/1999,Defender,Supplemental,USA,Domestic,
Luis,Rivera,12/31/2026,2027,RSL,12/1/2007,Defender,Off-Roster Homegrown,USA,Domestic,
Pablo,Ruiz,12/31/2026,2027 and 2028,RSL,12/20/1998,Midfielder,Senior,Argentina,Domestic,
Tommy,Silva,12/31/2025,2026 and 2027,RSL,2/21/2002,Defender,Homegrown,USA,Domestic,
Mason,Stajduhar,12/31/2025,2026,RSL,12/2/1997,Goalkeeper,Supplemental,USA,Domestic,
Brayan,Vera,12/31/2025,2026 and 2027,RSL,1/15/1999,Defender,Senior,Colombia,Domestic,
Gio,Villa,12/31/2028,2029 and 2030,RSL,1/3/2008,Defender,Off-Roster Homegrown,USA,Domestic,
Tyler,Wolff,12/31/2026,2027 and 2028,RSL,2/13/2003,Midfielder,Supplemental,USA,Domestic,
Jude,Wellings,12/31/2025,2026,RSL,4/26/2006,Midfielder,Off-Roster Homegrown,USA,Domestic,
Cristian,Arango,12/31/2026,2027,SJ Earthquakes,3/9/1995,Forward,Designated Player,Colombia,Domestic,
Ousseni,Bouda,12/31/2025,None,SJ Earthquakes,4/28/2000,Forward,Supplemental,Burkina Faso,Domestic,
Vítor,Costa,12/31/2025,2026,SJ Earthquakes,7/1/1994,Defender,Senior,Brazil,International,
Beau,Leroux,12/31/2025,2026 and 2027 and 2028,SJ Earthquakes,8/31/2003,Midfielder,Supplemental,USA,Domestic,
Chance,Cowell,12/31/2027,2028,SJ Earthquakes,7/5/2008,Forward,Off-Roster Homegrown,USA,Domestic,
Daniel,Britto,12/31/2026,2027 and 2028,SJ Earthquakes,5/6/1994,Goalkeeper,Senior,Brazil,International,
Cruz,Medina,12/31/2026,2027,SJ Earthquakes,9/24/2006,Midfielder,Off-Roster Homegrown,USA,Domestic,
Edwyn,Mendoza,12/31/2027,2028,SJ Earthquakes,5/3/2006,Midfielder,Off-Roster Homegrown,USA,Domestic,
Kaedren,Spivey,12/31/2028,2029,SJ Earthquakes,5/28/2009,Midfielder,Off-Roster Homegrown,USA,Domestic,
Earl,Edwards Jr.,12/31/2025,2026,SJ Earthquakes,1/24/1992,Goalkeeper,Senior,USA,Domestic,
Wilson,Eisner,12/31/2025,2026 and 2027 and 2028,SJ Earthquakes,5/3/2002,Defender,Off-Roster Homegrown,USA,Domestic,
Cristian,Espinoza,12/31/2025,2026,SJ Earthquakes,4/3/1995,Midfielder,Designated Player,Argentina,Domestic,
Nick,Fernandez,12/31/2025,2026 and 2027 and 2028,SJ Earthquakes,12/22/2001,Midfielder,Supplemental,USA,Domestic,
Ian,Harkes,12/31/2026,2027,SJ Earthquakes,3/30/1995,Midfielder,Senior,USA,Domestic,
Preston,Judd,12/31/2026,2027,SJ Earthquakes,5/28/1999,Forward,Supplemental,USA,Domestic,
Mark,Anthony-Kaye,12/31/2025,2026,SJ Earthquakes,12/2/1994,Midfielder,Senior,Canada,Domestic,
Benji,Kikanović,12/31/2025,2026,SJ Earthquakes,1/6/2000,Forward,Senior,USA,Domestic,
Nick,Lima,12/31/2026,2027,SJ Earthquakes,11/17/1994,Defender,Senior,USA,Domestic,
Hernán,López,12/31/2026,2027 and 2028,SJ Earthquakes,9/7/2000,Midfielder,Designated Player,Argentina,International,
Paul,Marie,12/31/2026,None,SJ Earthquakes,3/24/1995,Defender,Senior,France,Domestic,
Josef,Martínez,12/31/2025,2026,SJ Earthquakes,5/19/1993,Forward,Senior,Venezuela,Domesitc,
Max,Floriani,12/31/2025,2026 and 2027 and 2028,SJ Earthquakes,2/6/2003,Defender,Supplemental,USA,Domestic,
Francesco,Montali,12/31/2025,2026 and 2027,SJ Earthquakes,9/6/2000,Goalkeeper,Supplemental,USA,Domestic,
Daniel,Munie,12/31/2025,2026,SJ Earthquakes,2/10/2000,Defender,Senior,USA,Domestic,
Amahl,Pellegrino,12/31/2025,None,SJ Earthquakes,6/18/1990,Forward,Senior,Norway,International,
Jamar,Ricketts,12/31/2025,2026 and 2027,SJ Earthquakes,10/24/2001,Defender,Supplemental,USA,Domestic,
Rodrigues,,12/31/2025,2026,SJ Earthquakes,10/10/1997,Defender,Senior,Brazil,International,
Dave,Romney,12/31/2026,2027,SJ Earthquakes,6/12/1993,Defender,Senior,USA,Domestic,
Jack,Skahan,12/31/2025,2026,SJ Earthquakes,2/7/1998,Midfielder,Senior,USA,Domestic,
Niko,Tsakiris,12/31/2025,2026,SJ Earthquakes,6/19/2005,Midfielder,Homegrown,USA,Domestic,
Oscar,Verhoeven,12/31/2025,2026 and 2027,SJ Earthquakes,5/31/2006,Defender,Homegrown,USA,Domestic,
Reid,Roberts,12/31/2025,2026 and 2027 and 2028,SJ Earthquakes,12/9/2003,Defender,Spplemental,USA,Domestic,
Bruno,Wilson,12/31/2025,2026,SJ Earthquakes,12/27/1996,Defender,Senior,Portugal,International,
Cody,Baker,12/31/2026,2027 and 2028,Seattle Sounders,1/7/2004,Defender,Homegrown,USA,Domestic,
Reed,Whiting,12/31/2025,None,Seattle Sounders,3/31/2005,Midfielder,Homegrown,USA,Domestic,
Jonathan,Bell,12/31/2025,None,Seattle Sounders,8/26/1997,Defender,Senior,USA,Domestic,
Jacob,Castro,12/31/2025,2026,Seattle Sounders,12/18/1999,Goalkeeper,Homegrown,USA,Domestic,
Jesús,Ferreira,12/31/2027,2028 and 2029,Seattle Sounders,12/24/2000,Forward,Senior,USA,Domestic,
Stefan,Frei,12/31/2025,None,Seattle Sounders,4/20/1986,Goalkeeper,Senior,Switzerland,Domestic,
Yéimar,Andrade,12/31/2025,2026,Seattle Sounders,6/30/1992,Defender,Senior,Colombia,Domestic,
Stuart,Hawkins,12/31/2026,2027 and 2028,Seattle Sounders,9/18/2006,Defender,Homegrown,USA,Domestic,
Kim,Kee-hee,12/31/2025,2026,Seattle Sounders,7/13/1989,Defender,Senior,South Korea,International,
Danny,Leyva,12/31/2026,2027,Seattle Sounders,5/5/2003,Midfielder,Senior,USA,Domestic,
Georgi,Minoungou,12/31/2028,2029,Seattle Sounders,7/25/2002,Forward,Senior,Côte d'Ivoire,International,
João,Paulo,12/31/2025,2026,Seattle Sounders,3/8/1991,Midfielder,Senior,Brazil,Domestic,
Jordan,Morris,12/31/2027,None,Seattle Sounders,10/26/1994,Forward,Designated Player,USA,Domestic,
Danny,Musovski,12/31/2025,2026,Seattle Sounders,11/30/1995,Forward,Senior,USA,Domestic,
Kalani,Kossa-Rienzi,12/31/2025,2026 and 2027,Seattle Sounders,6/27/2002,Defender,Supplemental,USA,Domestic,
Jackson,Ragen,12/31/2027,2028,Seattle Sounders,9/24/1998,Defender,Senior,USA,Domestic,
Cristian,Roldan,12/31/2027,None,Seattle Sounders,6/3/1995,Midfielder,Senior,USA,Domestic,
Alex,Roldan,12/31/2026,2027,Seattle Sounders,7/28/1996,Defender,Senior,USA,Domestic,
Paul,Rothrock,12/31/2025,None,Seattle Sounders,1/9/1999,Forward,Supplemental,USA,Domestic,
Albert,Rusnák,12/31/2026,2027,Seattle Sounders,7/7/1994,Midfielder,Designated Player,Slovakia,Domestic,
Travian,Sousa,12/31/2025,None,Seattle Sounders,9/19/2001,Defender,Supplemental,USA,Domestic,
Andrew,Thomas,12/31/2027,2028 and 2029,Seattle Sounders,9/1/1998,Goalkeeper,Senior,Russia,Domestic,
Nouhou,Tolo,12/31/2025,2026,Seattle Sounders,6/23/1997,Defender,Senior,Cameroon,Domestic,
Obed,Vargas,12/31/2025,2026,Seattle Sounders,8/5/2005,Midfielder,Homegrown,USA,Domestic,
Pedro,Vega,12/31/2027,2028,Seattle Sounders,2/7/2001,Forward,Designated Player,Argentina,International,
John,Pulskamp,12/31/2025,2026,Sporting KC,4/19/2001,Goalkeeper,Senior,USA,Domestic,
Ian,James,12/31/2027,2028 and 2029,Sporting KC,6/6/2008,Defender,Homegrown,USA,Domestic,
Andrew,Brody,12/31/2025,None,Sporting KC,5/3/1995,Defender,Supplemental,USA,Domestic,
Robert,Voloder,12/31/2025,None,Sporting KC,5/9/2001,Defender,U22 Initiative,Germany,Domestic,
Dany,Rosero,12/31/2025,2026,Sporting KC,10/6/1993,Defender,Senior,Colombia,Domestic,
Nemanja,Radoja,12/31/2025,2026,Sporting KC,2/6/1993,Midfielder,Senior,Serbia,Domestic,
Memo,Rodríguez,12/31/2025,None,Sporting KC,12/27/1995,Midfielder,Senior,USA,Domestic,
Dejan,Joveljic,12/31/2027,2028,Sporting KC,8/7/1999,Forward,Designated Player,Bosnia and Herzegovina,International,
Dániel,Sallói,12/31/2026,None,Sporting KC,7/19/1996,Forward,Senior,Hungary,Domestic,
Khiry,Shelton,12/31/2025,2026,Sporting KC,6/26/1993,Forward,Senior,USA,Domestic,
Jack,Kortkamp,12/31/2027,2028 and 2029,Sporting KC,1/28/2008,Goalkeeper,Homegrown,Canada,Domestic,
Mason,Toye,12/31/2025,2026,Sporting KC,10/16/1998,Forward,Senior,USA,Domestic,
Tim,Leibold,12/31/2025,2026,Sporting KC,11/30/1993,Defender,Senior,Germany,Domestic,
Jansen,Miller,12/31/2025,2026 and 2027 and 2028,Sporting KC,2/10/2002,Defender,Supplemental,USA,Domestic,
Jacob,Bartlett,12/31/2027,2028 and 2029,Sporting KC,10/7/2005,Midfielder,Homegrown,USA,Domestic,
Jake,Davis,12/31/2027,2028,Sporting KC,1/3/2002,Midfielder,Senior,USA,Domestic,
Logan,Ndenbe,12/31/2025,None,Sporting KC,2/9/2000,Defender,U22 Initiative,Belgium,Domestic,
Manu,García,12/31/2027,2028,Sporting KC,1/2/1998,Midfielder,Designated Player,Spain,International,
Zorhan,Bassong,12/31/2025,2026,Sporting KC,5/7/1999,Defender,Senior,Canada,International,
William,Agada,12/31/2025,None,Sporting KC,9/17/1999,Forward,Senior,Nigeria,International,
Joaquín,Fernández,12/31/2025,None,Sporting KC,5/31/1996,Defender,Senior,Spain,International,
Erik,Thommy,12/31/2025,None,Sporting KC,8/20/1994,Midfielder,Senior,Germany,Domestic,
Stephen,Afrifa,12/31/2025,2026,Sporting KC,2/19/2001,Forward,Senior,Canada,Domestic,
Ryan,Schewe,12/31/2025,2026 and 2027,Sporting KC,3/8/2002,Goalkeeper,Supplemental,USA,Domestic,
Shapi,Suleymanov,12/31/2026,2027 and 2028,Sporting KC,12/16/1999,Forward,Senior,Russia,International,
Rasmus,Alm,12/31/2025,2026,St Louis City SC,8/17/1995,Midfielder,Senior,Sweden,International,
Timo,Baumgartl,12/31/2026,2027,St Louis City SC,3/4/1996,Defender,Senior,Germany,International,
Simon,Becher,6/2025 (LOAN),Option to BUY,St Louis City SC,7/20/1999,Forward,Senior,USA,Domestic,
Roman,Bürki,12/31/2025,None,St Louis City SC,11/14/1990,Goalkeeper,Senior,Switzerland,International,
Chris,Durkin,12/31/2025,2026,St Louis City SC,2/8/2000,Midfielder,U22 Initiative,USA,Domestic,
Tyson,Pearce,12/31/2027,2028,St Louis City SC,8/12/2007,Midfielder,Off-Roster Homegrown,USA,Domestic,
Jake,Reich,12/31/2027,2028,St Louis City SC,5/26/2004,Midfielder,U22 Initiative,Australia,Domestic,
Caden,Glover,12/31/2027,None,St Louis City SC,3/8/2007,Forward,Homegrown,USA,Domestic,
Marcel,Hartel,6/2028,2028,St Louis City SC,1/19/1996,Midfielder,Designated Player,Germany,International,
Kyle,Hiebert,12/31/2026,2027,St Louis City SC,7/30/1997,Defender,Senior,Canada,Domestic,
Jannes,Horn,6/2025 (Loan),Option to BUY,St Louis City SC,2/6/1997,Defender,Senior,Germany,International,
Mykhi,Joyner,12/31/2028,2029,St Louis City SC,8/30/2006,Midfielder,Off-Roster Homegrown,USA,Domestic,
Henry,Kessler,12/31/2025,2026,St Louis City SC,6/25/1998,Defender,Senior,USA,Domestic,
João,Klauss,12/31/2025,2026,St Louis City SC,3/1/1997,Forward,Designated Player,Brazil,International,
Ben,Lundt,12/31/2025,None,St Louis City SC,9/24/1995,Goalkeeper,Supplemental,Germany,Domestic,
Eduard,Löwen,12/31/2026,2027,St Louis City SC,1/28/1997,Midfielder,Senior,Germany,Domestic,
Alfredo,Morales,12/31/2025,2026,St Louis City SC,5/12/1990,Midfielder,Senior,Germany,Domestic,
Joakim,Nilsson,12/31/2026,2027,St Louis City SC,2/6/1994,Defender,Senior,Sweden,Domestic,
Christian,Olivares,12/31/2025,2026 and 2027,St Louis City SC,2/4/2002,Goalkeeper,Supplemental,USA,Domestic,
Tomas,Ostrak,12/31/2026,2027,St Louis City SC,2/5/2000,Midfielder,Senior,Czech Republic,Domestic,
Célio,Pompeu,12/31/2026,2027,St Louis City SC,12/10/1999,Midfielder,Senior,Brazil,Domestic,
Jayden,Reid,12/31/2025,2026,St Louis City SC,8/29/2001,Defender,Supplemental,USA,Domestic,
Cedric,Teuchert,6/31/2026,2026,St Louis City SC,1/14/1997,Forward,Senior,Germany,Domestic,
Tomas,Totland,12/31/2026,2027,St Louis City SC,9/28/1999,Defender,Senior,Norway,Domestic,
Conrad,Wallem,12/31/2025(LOAN),Option to BUY,St Louis City SC,6/9/2000,Midfielder,Senior,Norway,International,
Miguel,Perez,12/31/2025,2026 and 2027,St Louis City SC,4/28/2005,Midfielder,Homegrown,USA,Domestic,
Akil,Watts,12/31/2025,2026,St Louis City SC,2/4/2000,Midfielder,Supplemental,USA,Domestic,
Michael,Wentzel,12/31/2025,2026,St Louis City SC,4/10/2002,Defender,Supplemental,USA,Domestic,
Josh,Yaro,12/31/2025,2026,St Louis City SC,11/18/1994,Defender,Supplemental,Ghana,Domestic,
Joey,Zalinsky,12/31/2025,2026 and 2027 and 2028,St Louis City SC,1/3/2003,Defender,Supplemental,USA,Domestic,
Federico,Bernardeschi,12/31/2026,2027 and 2028,Toronto FC,2/16/1994,Midfielder,Designated Player,Italy,International,
Lorenzo,Insigne,6/1/2026,2026,Toronto FC,6/4/1991,Forward,Designated Player,Italy,International,
Ola,Brynhildsen,12/31/2025(LOAN),Option to BUY,Toronto FC,4/27/1999,Forward,Senior,Norway,International,
Deybi,Flores,12/31/2025,2026,Toronto FC,6/16/1996,Midfielder,Senior,Honduras,International,
Sean,Johnson,12/31/2025,2026,Toronto FC,5/31/1989,Goalkeeper,Senior,USA,Domestic,
Richie,Laryea,12/31/2026,2027,Toronto FC,1/7/1995,Midfielder,Senior,Canada,Domestic,
Jonathan,Osorio,12/31/2026,None,Toronto FC,6/12/1992,Midfielder,Senior,Canada,Domestic,
Raoul,Petretta,12/31/2025,2026,Toronto FC,3/24/1997,Defender,Senior,Turkey,International,
Sigurd,Rosted,12/31/2025,2026,Toronto FC,6/22/1994,Defender,Senior,Norway,International,
Alonso,Coello,12/31/2027,2028,Toronto FC,10/12/1999,Midfielder,Senior,Spain,International,
Theo,Corbeanu,12/31/2025(LOAN),Option to BUY,Toronto FC,5/17/2002,Forward,Senior,Canada,Domestic,
Derrick,Etienne Jr,12/31/2025,2026 and 2027,Toronto FC,11/25/1996,Forward,Senior,USA,Domestic,
Luka,Gavran,12/31/2027,2028,Toronto FC,5/9/2000,Goalkeeper,Senior,Canada,Domestic,
Kevin,Long,12/31/2025,None,Toronto FC,8/18/1990,Defender,Senior,Ireland,International,
Matty,Longstaff,12/31/2025,2026,Toronto FC,3/21/2000,Midfielder,Senior,England,International,
Zane,Monlouis,12/31/2026,2027 and 2028,Toronto FC,10/16/2003,Defender,Senior,England,International,
Henry,Wingo,12/31/2026,2027,Toronto FC,10/4/1995,Midfielder,Senior,USA,Domestic,
Markus,Cimermancic,12/31/2026,2027 and 2028,Toronto FC,10/1/2004,Midfielder,Homegrown,Canada,Domestic,
Nathaniel,Edwards,12/31/2025,2026 and 2027,Toronto FC,10/18/2002,Defender,Supplemental,Canada,Domestic,
Kobe,Franklin,12/31/2025,2026,Toronto FC,5/10/2003,Defender,Homegrown,Canada,Domestic,
Nicksoen,Gomis,12/31/2025,2026 and 2027,Toronto FC,3/15/2002,Defender,Supplemental,France,International,
Deandre,Kerr,12/31/2025,2026,Toronto FC,11/29/2002,Forward,Homegrown,Canada,Domestic,
Hugo,Mbongue,12/31/2025,2026,Toronto FC,6/27/2004,Forward,Homegrown,Canada,Domestic,
Charlie,Sharp,12/31/2025,2026 and 2027,Toronto FC,6/23/2001,Forward,Supplemental,Canada,Domestic,
Tyrese,Spicer,12/31/2025,2026 and 2027,Toronto FC,12/4/2000,Midfielder,Supplemental,Trinidad & Tobago,International,
Kosi,Thompson,12/31/2025,2026,Toronto FC,1/27/2003,Midfielder,Homegrown,Canada,Domestic,
Adisa,De Rosario,12/31/2026,2027 and 2028,Toronto FC,10/27/2004,Goalkeeper,Off-Roster Homegrown,USA,Domestic,
Lazar,Stefanovic,12/31/2028,2029,Toronto FC,8/10/2006,Defender,Off-Roster Homegrown,USA,Domestic,
Andres,Cubas,12/31/2026,2027,Vancouver Whitecaps,5/11/1996,Midfielder,Designated Player,Argentina,International,
Ryan,Gauld,12/31/2027,None,Vancouver Whitecaps,12/16/1995,Midfielder,Designated Player,Scotland,International,
Edier,Ocampo,12/31/2027,2028,Vancouver Whitecaps,10/3/2003,Defender,U22 Initiative,Colombia,International,
Pedro,Vite,12/31/2025,None,Vancouver Whitecaps,3/9/2002,Midfielder,U22 Initiative,Ecuador,International,
Sam,Adekugbe,12/31/2026,2027,Vancouver Whitecaps,1/16/1995,Defender,Senior,Canada,Domestic,
Tristan,Blackmon,12/31/2027,None,Vancouver Whitecaps,8/12/1996,Defender,Senior,USA,Domestic,
Mathias,Laborda,12/31/2025,2026,Vancouver Whitecaps,9/15/1999,Defender,Senior,Uruguay,International,
Emmanuel,Sabbi,12/31/2027,2028,Vancouver Whitecaps,12/24/1997,Forward,Senior,USA,Domestic,
Yohei,Takaoka,12/31/2025,None,Vancouver Whitecaps,3/16/1996,Goalkeeper,Senior,Japan,International,
Brian,White,12/31/2027,None,Vancouver Whitecaps,2/3/1996,Forward,Senior,USA,Domestic,
Sebastian,Berhalter,12/31/2025,2026,Vancouver Whitecaps,5/10/2001,Midfielder,Senior,USA,Domestic,
Bjorn,Inge Utvik,12/31/2025,2026,Vancouver Whitecaps,2/28/1996,Defender,Senior,Norway,International,
Damir,Kreilach,12/31/2025,None,Vancouver Whitecaps,4/16/1989,Midfielder,Senior,Croatia,Domestic,
Jayden,Nelson,12/31/2028,2029,Vancouver Whitecaps,9/26/2002,Forward,Senior,Canada,Domestic,
Daniel,Rios,12/31/2025(LOAN),Option to BUY,Vancouver Whitecaps,2/22/1995,Forward,Senior,Mexico,Domestic,
Ranko,Veselinovic,12/31/2026,2027,Vancouver Whitecaps,3/24/1999,Defender,Senior,Serbia,International,
Adrian,Zendejas,12/31/2025,2026,Vancouver Whitecaps,8/30/1995,Goalkeeper,Senior,USA,Domestic,
Ali,Ahmed,12/31/2025,2026,Vancouver Whitecaps,10/10/2000,Midfielder,Supplemental,Canada,Domestic,
Jeevan,Badwal,12/31/2027,2028 and 2029,Vancouver Whitecaps,3/11/2006,Midfielder,Homegrown,Canada,Domestic,
Isaac,Boehmer,12/31/2025,None,Vancouver Whitecaps,11/20/2001,Goalkeeper,Homegrown,Canada,Domestic,
Giuseppe,Bovaliana,12/31/2026,2027 and 2028,Vancouver Whitecaps,11/11/2004,Defender,Supplemental,Australia,International,
Nicolas,Fleuriau Chateau,12/31/2025,2026 and 2027,Vancouver Whitecaps,5/21/2002,Forward,Supplemental,Canada,Domestic,
Belal,Halbouni,12/31/2025,2026,Vancouver Whitecaps,12/29/1999,Defender,Supplemental,Canada,Domestic,
Tate,Johnson,12/31/2027,2028 and 2029,Vancouver Whitecaps,7/10/2005,Defender,Supplemental (GA),USA,Domestic,
JC,Ngando,12/31/2025,2026 and 2027,Vancouver Whitecaps,11/20/1999,Midfielder,Supplemental,Cameroon,International,
Ralph,Priso,12/31/2025,2026 and 2027,Vancouver Whitecaps,8/2/2002,Midfielder,Homegrown,Canada,Domestic,
Anders,Dreyer,12/31/2027,None,San Diego SC,5/2/1998,Forward,Designated Player,Denmark,International,
Hirving,Lozano,12/31/2028,2029 and 2030,San Diego SC,6/30/1995,Forward,Designated Player,Mexico,Domestic,
Tomas,Angel,12/31/2026,2027,San Diego SC,2/20/2003,Forward,U22 Initiative,Colombia,International,
Heine,Gikling Bruseth,12/31/2026,2027 and 2028,San Diego SC,4/6/2004,Midfielder,U22 Initiative,Norway,International,
Luca,de la Torre,12/31/2025 (LOAN),Option to BUY,San Diego SC,5/23/1998,Midfielder,Senior,USA,Domestic,
Marcus,Ingvartsen,12/31/2027,2028 and 2029,San Diego SC,1/4/1996,Forward,Senior,Denmark,Domestic,
Paddy,McNair,12/31/2027,2028,San Diego SC,4/27/1995,Defender,Senior,Northern Ireland,International,
Andres,Reyes,12/31/2026,2027,San Diego SC,9/8/1999,Defender,Senior,Colombia,Domestic,
Onni,Valakari,12/31/2025(LOAN),Option to BUY,San Diego SC,8/18/1999,Midfielder,Senior,Finland,International,
Emmanuel,Boateng,12/31/2025,None,San Diego SC,1/17/1994,Midfielder,Senior,Ghana,Domestic,
CJ,dos Santos,112/31/2025,2026,San Diego SC,8/24/2000,Goalkeeper,Senior,USA,Domestic,
Anibal,Godoy,12/31/2025,2026 and 2027,San Diego SC,2/10/1990,Midfielder,Senior,Panama,Domestic,
Willy,Kumado,12/31/2026,2027 and 2028,San Diego SC,8/16/2002,Defender,Senior,Ghana,International,
Jasper,Loffelsend,12/31/2025,2026,San Diego SC,9/10/1997,Midfielder,Senior,Germany,Domestic,
Christopher,McVey,12/31/2026,2027,San Diego SC,4/12/1997,Defender,Senior,Sweden,Domestic,
Alex,Mighten,12/31/2026,2027,San Diego SC,4/11/2002,Forward,Senior,USA,Domestic,
Franco,Negri,12/31/2025,2026,San Diego SC,2/20/1995,Defender,Senior,Argentina,Domestic,
Jeppe,Tverskov,12/31/2026,None,San Diego SC,3/12/1993,Midfielder,Senior,Denmark,International,
Alejandro,Alvarado Jr,12/31/2026,2027 and 2028,San Diego SC,7/29/2003,Midfielder,Supplemental,USA,Domestic,
Luca,Bombino,12/31/2025(LOAN),Option to BUY,San Diego SC,7/10/2006,Defender,Supplemental,USA,Domestic,
Hamady,Diop,12/31/2025,2026,San Diego SC,6/6/2002,Defender,Supplemental (GA),Senegal,International,
Manu,Duah,12/31/2027,2028 and 2029,San Diego SC,6/5/2005,Midfielder,Supplemental,Ghana,International,
Jacob,Jackson,12/31/2025,None,San Diego SC,4/25/2000,Goalkeeper,Supplemental,USA,Domestic,
Ian,Pilcher,12/31/2025,2026 and 2027 and 2028,San Diego SC,3/21/2003,Defender,Supplemental,USA,Domestic,
Pablo,Sisniega,12/31/2025,2026 and 2027,San Diego SC,7/6/1995,Goalkeeper,Supplemental,Mexico,Domestic,
Anisse,Saidi,12/31/2028,2029,San Diego SC,6/20/2008,Forward,Off-Roster Homegrown,USA,Domestic,