,,,,,,,,
Player,Position,Age,Base Salary,Guaranteed Compensation,Nationality,Contract End,Club,
Aleksey Miranchuk,Attacking Midfield,10/17/1995,"$2,400,000.00","$3,685,441.00",Russia,12/31/2027,Atlanta United,
Matthew Edwards,Center Back,2/16/2003,"$71,401.00","$71,401.00",USA,12/31/2025,Atlanta United,
Pedro Amador,Left Back,12/18/1998,"$207,000.00","$242,612.00",Portugal,12/31/2026,Atlanta United,
Daniel Rios,Center Forward,2/22/1995,"$89,716.00","$126,383.00",Mexico,12/31/2024,Atlanta United,
Stian Gregersen,Center Back,5/17/1995,"$1,000,000.00","$1,120,000",Norway,12/31/2027,Atlanta United,
Dax McCarty,Center Midfield,4/30/1987,"$225,000.00","$256,250.00",USA,,Atlanta United,
Bartosz Slisz,Defensive Midfield,3/29/1999,"$630,000.00","$830,000.00",Poland,12/31/2028,Atlanta United,
Derrick Williams,Center Back,1/17/1993,"$400,000.00","$447,500.00",Ireland,12/31/2025,Atlanta United,
Quentin Westberg,Goalkeeper,4/25/1986,"$89,716.00","$109,716.00",French and USA,12/31/2025,Atlanta United,
Josh Cohen,Goalkeeper,8/18/1992,"$265,000.00","$303,500.00",USA,12/31/2025,Atlanta United,
Efrain Morales,Center Back,3/4/2004,"$89,716.00","$97,375.00",USA & Bolivia,12/31/2024,Atlanta United,
Luke Brennan,Left Wing,2/24/2005,"$71,401.00","$71,401.00",USA,12/31/2027,Atlanta United,
Nick Firmino,Center Midfield,1/30/2001,"$71,401.00","$71,401.00",Brasil & USA,12/31/2024,Atlanta United,
Saba Lobjanidze,Left Wing,12/18/1994,"$900,000.00","$998,750.00",Georgia,12/31/2026,Atlanta United,
Xande Silva,Left Wing,3/16/1997,"$560,000.00","$604,250.00",Portugal,12/31/2025,Atlanta United,
Jamal Thiare,Center Forward,3/31/1993,"$500,000.00","$595,000.00",Senegal,12/31/2024,Atlanta United,
Tristan Muyumba,Defensie Midfield,3/7/1997,"$525,000.00","$566,600.00",France,12/31/2026,Atlanta United,
Adyn Torres,Central Midfield,11/13/2007,"$71,401.00","$71,401.00",USA,12/31/2027,Atlanta United,
Brad Guzan,Goalkeeper,9/9/1984,"$600,000.00","$612,500.00",USA,12/31/2024,Atlanta United,
Noah Cobb,Center Back,7/20/2005,"$89,716.00","$89,716.00",USA,12/31/2026,Atlanta United,
Ajani Fortune,Center Midfield,12/30/2002,"$71,401.00","$71,401.00",USA and T&T,12/31/2024,Atlanta United,
Luis Abram,Center Back,2/27/1996,"$732,275.00","$871,888.00",Peru,12/31/2025,Atlanta United,
Edwin Mosquera,Left Wing,6/27/2001,"$400,000.00","$437,000.00",Colombia,12/31/2026,Atlanta United,
Brooks Lennon,Right Back,9/22/1997,"$740,000.00","$740,000.00",USA,12/31/2025,Atlanta United,
Ronald Hernandez,Right Back,9/21/1997,"$450,000.00","$450,000.00",Venezuela,12/31/2024,Atlanta United,
Erik Centeno,Right Back,6/29/2002,"$89,716.00","$96,492.00",USA,,Atlanta United,
Franco Ibarra,Defensive Midfield,4/28/2001,"$600,000.00","$660,000.00",Argentina,,Atlanta United,
Santiago Sosa,Defensive Midfield,5/3/1999,"$685,000.00","$778,100.00",Argentina,,Atlanta United,
Jader Obrian,Right Wing,5/18/1995,"$495,000.00","$550,401.00",Colombia,12/31/2026,Austin FC,
Brendan Hines-Ike,Center Back,11/30/1994,"$199,992.00","$199,992.00",USA,12/31/2025,Austin FC,
Osman Bukari,Right Wing,12/31/1998,"$1,000,000","$1,000,000",Ghana,12/31/2027,Austin FC,
Jimmy Farkarlun,Right Wing,7/14/2001,"$71,401.00","$71,401.00",Liberia,12/31/2025,Austin FC,
Owen Wolff,Central Midfield,12/30/2004,"$110,000.00","$123,600.00",USA,12/31/2027,Austin FC,
Rught Back,Center Back,9/27/1994,"$300,000.00","$300,000.00",Ukraine,12/31/2027,Austin FC,
Mikkel Desler,Right Back,2/19/1995,"$500,000.00","$500,000.00",Denmark,12/31/2027,Austin FC,
Guilherme da Trindade Dubas,Left Back,5/1/2000,"$200,000.00","$200,000.00",Brasil,12/31/2026,Austin FC,
Diego Rubio,Center Forward,5/15/1993,"$350,000","$390,000.00",Chile,12/31/2025,Austin FC,
Stefan Clevland,Goalkeeper,5/25/1994,"$200,000.00","$224,167.00",USA,12/31/2025,Austin FC,
Ethan Finlay,Right Wing,8/6/1990,"$262,500.00","$306,250.00",USA,12/31/2024,Austin FC,
Julio Cascante,Center Back,10/3/1993,"$700,000.00","$773,750.00",Costa Rica,12/31/2025,Austin FC,
Gyasi Zardes,Center Forward,9/2/1991,"$1,000,000","$1,000,000.00",USA,12/31/2025,Austin FC,
CJ Fodrey,Left Wing,2/10/2004,"$89,716.00","$93,716.00",USA,12/31/2024,Austin FC,
Brad Stuver,Goalkeeper,4/16/1991,"$459,000.00","$481,813.00",USA,12/31/2025,Austin FC,
Daniel Pereira,Central Midfield,7/14/2000,"$125,000.00","$138,414.00",Venezuela,12/31/2025,Austin FC,
Alexander Ring,Central Midfield,4/9/1991,"$1,525,000.00","$1,665,000.00",Finland,12/31/2024,Austin FC,
Jhojan Valencia,Defensive Midfield,7/27/1996,"$450,000.00","$495,125.00",Colombia,12/31/2024,Austin FC,
Sebastian Driussi,Attacking Midfield,2/9/1996,"$4,500,000.00","$6,722,500.00",Argentina,12/31/2025,Austin FC,
Leo Vaisanen,Center Back,7/23/1997,"$600,000.00","$654,500.00",Finland,12/31/2026,Austin FC,
Hector Jimenez,Right Back,11/3/1998,"$89,716.00","$89,716.00",USA,12/31/2024,Austin FC,
Jon Gallagher,Left Back,2/23/1996,"$375,000.00","$375,000.00",Ireland,12/31/2026,Austin FC,
Matt Hedges,Center Back,4/1/1990,"$428,313.00","$560,922.00",USA,12/31/2024,Austin FC,
Matt Bersano,Goalkeeper,9/10/1992,"150,000.00","$157,500.00",USA,12/31/2024,Austin FC,
Zan Kolmanic,Left Back,3/3/2000,"$350,000.00","$350,000.00",Slovenia,12/31/2025,Austin FC,
Micah Burton,Attacking Midfield,3/26/2006,"$71,401.00","$82,401.00",USA,,Austin FC,
Damian Las,Goalkeeper,4/11/2002,"$89,716.00","$89,716.00",USA,,Austin FC,
Ilias Iliadis,Defensive Midfield,3/21/2001,"$89,716.00","$96,591.00",Canada,,CF Montreal,
Rida Zouhir,Central Midfield,11/23/2003,"$89,716.00","$100,452.00",Canada,,CF Montreal,
Dawid Bugaj,Right Back,7/9/2004,"$240,000.00","$267,600.00",Poland,,CF Montreal,
Tom Pearce,Left Back,4/12/1998,"$450,000.00","$507,625.00",England,,CF Montreal,
Josef Martinez,Center Forward,5/19/1993,"$1,309,091.00","$1,309,091.00",Venezuela,,CF Montreal,
Alessandro Biello,Center Midfield,4/7/2006,"$71,401.00","$71,401.00",Canada,,CF Montreal,
Joaquin Sosa,Center Back,1/10/2002,"$251,500.00","$251,500.00",Uruguay,,CF Montreal,
Matias Coccaro,Center Forward,11/15/1997,"$800,000.00","$888,000.00",Uruguay,,CF Montreal,
Dominik Yankov,Attacking Midfield,7/28/2000,"$350,000.00","$385,000.00",Canada & Bulgaria,,CF Montreal,
Sebastian Breza,Goalkeeper,3/15/1998,"$89,716.00","$89,716.00",Canada,,CF Montreal,
Nathan-Dylan Saliba,Central Midfield,2/7/2002,"$130,000.00","$142,434.00",Canada,,CF Montreal,
Sunusi Ibrahim,Center Forward,10/1/2002,"$350,000.00","$410,000.00",Nigeria,,CF Montreal,
Caden Clark,Attacking Midfield,5/27/2003,"$350,000.00","$382,000.00",USA,,CF Montreal,
Jonathan Sirois,Goalkeeper,6/27/2001,"$135,000.00","$152,156.00",Canada,,CF Montreal,
Fernando Alvarez,Center Back,8/24/2003,"$225,000.00","$257,000.00",Colombia & USA,,CF Montreal,
Kwadwo Opoku,Right Wing,7/13/2001,"$344,828.00","485,055.00",Ghana,,CF Montreal,
Joel Waterman,Center Back,1/24/1996,"$336,000.00","384,333.00",Canada,,CF Montreal,
Gabriele Corbo,Center Back,1/11/2001,"$216,350.00","$216,350.00",Italian,,CF Montreal,
Bryce Duke,Attacking Midfield,2/28/2001,"$325,000.00","$406,875.00",USA,,CF Montreal,
Samuel Piette,Defensive Midfield,11/12/1994,"$397,375.00","$434,500.00",Canada,,CF Montreal,
Jules-Anthony Vilsaint,Center Forward,1/6/2003,"$89,716.00","$96,591.00",Canada,,CF Montreal,
Raheem Edwards,Left Back,7/17/1995,"$335,000.00","$367,500.00",Canada,,CF Montreal,
Victor Wanyama,Center Midfield,6/25/1991,"$1,440,000.00","$1,800,000.00",Kenya,,CF Montreal,
Jahkeele Marshall-Rutty,Right Back,6/16/2004,"$175,000.00","$181,813.00",Canada,,CF Montreal,
George Campbell,Center Back,6/22/2001,"$400,000.00","$441,250.00",USA,,CF Montreal,
Lassi Lappalainen,Left Wing,7/24/1998,"$720,000.00","$750,000.00",Finland,,CF Montreal,
Logan Ketterer,Goalkeeper,11/9/1993,"$92,610","$92,610",USA,,CF Montreal,
Matteo Schiavoni,Right Midfield,4/5/2005,"$71,401.00","$77,383.00",Canada,,CF Montreal,
Robert Orri Thorkelsson,Center Back,4/3/2002,"$225,000.00","$248,500.00",Iceland,,CF Montreal,
Grayson Doody,Right Back,3/20/2002,"$71,401.00","$77,383.00",USA,,CF Montreal,
Osman Jabang,Defensive Midfield,3/29/2001,"$71,401.00","$71,401.00",USA,,CF Montreal,
Idan Toklomati,Center Forward,8/9/2004,"$390,000.00","$427,700.00",Israel,12/31/2027,Charlotte FC,
Jamie Paterson,Attacking Midfield,12/20/1991,"$500,000.00","$534,444.00",England,12/31/2024,Charlotte FC,
Pep Biel,Attacking Midfield,9/5/1996,"$1,960,000.00","$2,214,147.00",Spain,12/31/2024,Charlotte FC,
Tim Ream,Center Back,10/5/1987,"$500,000.00","$534,444.00",USA,12/31/2026,Charlotte FC,
Dijbril Diani,Defensive Midfield,2/11/1998,"$260,000.00","$297,944.00",France,12/31/2025,Charlotte FC,
Nikola Petkovic,Defensive Midfield,2/23/2003,"$360,000.00","$406,250.00",Serbia,12/31/2026,Charlotte FC,
Joao Pedro Reginaldo,Center Back,3/14/2003,"$89,716.00","$101,311.00",Brazil,12/31/2026,Charlotte FC,
Iuri Tavares,Left Wing,3/8/2001,"89,716.00","$101,769.00",Portugal,12/31/2026,Charlotte FC,
Tyger Smalls,Left Wing ,9/18/2002,"71,401.00","$71,401.00",England,12/31/2025,Charlotte FC,
Liel Abada,Right Wing,10/3/2001,"$2,300,000.00","$2,448,500.00",Israel,12/31/2026,Charlotte FC,
Jahlene Forbes,Left Back,2/5/2002,"$71,401.00","$71,401.00",USA,12/31/2025,Charlotte FC,
Ocimar de Almedia Junior,Central Midfield,3/10/1989,"$250,000.00","$292,500.00",Brasil,12/31/2024,Charlotte FC,
David Bingham,Goalkeeper,10/19/1989,"$89,716.00","$89,716.00",USA,12/31/2025,Charlotte FC,
Chituru Odense,Goalkeeper,10/14/2002,"$71,401.00","$84,909.00",USA,12/31/2027,Charlotte FC,
Jere Uronen,Left Back,6/13/1994,"$525,000","$572,815.00",Finland,12/31/2025,Charlotte FC,
Jack Neeley,Center Back,3/11/2005,"$71,401.00","$71,401.00",USA,12/31/2026,Charlotte FC,
Bill Tuiloma,Center Back,3/27/1995,"$460,000.00","$484,938.00",New Zealand,12/31/2025,Charlotte FC,
Nick Scardina,Right Back,6/22/2001,"$71,401.00","$71,401.00",USA,12/31/2025,Charlotte FC,
Andrew Privett,Center Back,8/2/2000,"$71,401.00","$71,401.00",USA,12/31/2028,Charlotte FC,
Ashley Westwood,Defensive Midfield,4/1/1990,"$750,000.00","$850,000.00",England,12/31/2026,Charlotte FC,
Kerwin Vargas,Center Forward,1/2/2002,"$400,000.00","$437,125.00",Colombia,12/31/2027,Charlotte FC,
Brian Romero,Right Wing,5/11/2006,"$100,000.00","$110,833.00",USA,12/31/2026,Charlotte FC,
Patrick Agyemang,Center Forward,11/7/2000,"$71,401.00","$71,401.00",USA,12/31/2025,Charlotte FC,
Nimfasha Berchimas,Left Wing,2/22/2008,"89,716.00","$104,650.00",USA,12/31/2026,Charlotte FC,
Brandon Cambridge,Right Wing,2/9/2002,"$89,716.00","$97,742.00",USA,12/31/2025,Charlotte FC,
Jaylin Lindsey,Right Back,3/27/2000,"$275,000","$311,875.00",USA,12/31/2024,Charlotte FC,
Karol Swiderski,Center Forward,1/23/1997,"$2,200,000.00","$2,258,000.00",Poland,12/31/2025,Charlotte FC,
Brandt Bronico,Central Midfield,6/20/1995,"$350,000.00","$389,000.00",USA,12/31/2025,Charlotte FC,
Nathan Byrne,Right Back,6/5/1992,"$560,000.00","$607,833.00",England,12/31/2026,Charlotte FC,
Adilson Malanda,Center Back,10/29/2001,"$325,000.00","$353,083.00",France,12/31/2026,Charlotte FC,
Kristijan Kahlina,Goalkeeper,7/24/1992,"$550,000.00","$576,875.00",Croatia,12/31/2026,Charlotte FC,
Hamady Diop,Left Back,6/6/2002,"$89,716.00","$92,216.00",Senegal,,Charlotte FC,
George Marks,Goalkeeper,11/10/1999,"$89,716.00","$89,716.00",USA,12/31/2025,Charlotte FC,
Ben Bender,Center Midfield ,3/7/2001,"$115,000.00","$125,000.00",,,Charlotte FC,
Allan Arigoni,Right Back,11/4/1998,"$462,000.00","$472,000.00",Switzerland,12/31/2024,Chicago Fire,
Tobias Salquist,Center Back,5/18/1995,"$400,000.00","$454,167.00",Denmark,12/31/2025,Chicago Fire,
Kellyn Acosta,Defensive Midfield,7/24/1995,"$1,392,188.00","$1,558,869.00",USA,12/31/2006,Chicago Fire,
Hugo Cuypers,Center Forward,2/7/1997,"$3,238,000.00","$3,528,044.00",Belgium,12/31/2026,Chicago Fire,
Andrew Gutman,Left Back,10/2/1996,"$600,000.00","$600,000.00",USA,12/31/2024,Chicago Fire,
Tom Barlow,Center Forward ,7/8/1995,"$250,000.00","$280,000.00",USA,12/31/2025,Chicago Fire,
Javier Casas,Center Midfield,5/14/2003,"$89,716.00","$94,383.00",USA,12/31/2024,Chicago Fire,
Brian Gutierrez,Attacking Midfield,6/17/2003,"$803,409.00","$895,879.00",USA,12/31/2028,Chicago Fire,
Mauricio Pineda,Center Back,10/17/1997,"$345,000.00","$376,220.00",USA,12/31/2026,Chicago Fire,
Carlos Teran,Center Back,9/24/2000,"$529,000.00","$619,000.00",Colombia,12/31/2026,Chicago Fire,
Georgios Koutsias,Center Forward,2/8/2004,"$470,800.00","$470,800.00",Greece,12/31/2026,Chicago Fire,
Maren Haile-Selassie,Left Midfield,3/13/1999,"$344,000.00","$383,500.00",Switzerland,12/31/2024,Chicago Fire,
Wyatt Omsberg,Center Back,9/21/1995,"$200,000.00","$217,000.00",USA,12/31/2024,Chicago Fire,
Spencer Richey,Goalkeeper,5/30/1992,"$165,000","$165,000",USA,12/31/2024,Chicago Fire,
Sergio Oregel,Central Midfield,5/16/2005,"$89,716.00","$89,716.00",USA,12/31/2025,Chicago Fire,
Federico Navarro,Defensive Midfield,3/9/2000,"$500,000.00","$557,500.00",Argentina,12/31/2025,Chicago Fire,
Fabian Herbers,Right Wing,8/17/1993,"$400,000.00","$421,250.00",Germany,12/31/2024,Chicago Fire,
Jonathan Dean,Right Back,5/15/1997,"$115,000.00","$123,167.00",USA,12/31/2025,Chicago Fire,
Chase Gasper,Left Back,1/25/1996,"$500,000.00","$525,000.00",USA,12/31/2025,Chicago Fire,
Arnaud Soquet,Right Back,2/12/1992,"$620,012.00","$699,679.00",France,12/31/2025,Chicago Fire,
Jeff Gal,Goalkeeper,4/6/1993,"$89,716.00","$89,716.00",USA,12/31/2025,Chicago Fire,
Justin Reynolds,Right Back,8/4/2004,"$71,401.00","$71,401.00",USA,12/31/2026,Chicago Fire,
Gaston Gimenez,Defensive Midfield,7/27/1991,"$1,600,000.00","$1,633,333.00",Argentina,12/31/2025,Chicago Fire,
Rafael Czichos,Center Back,5/14/1990,"$1,300,000","$1,336,667.00",Germany,12/31/2024,Chicago Fire,
Chris Mueller,Right Wing,8/29/1996,"$650,004.00","$712,324.00",USA,12/31/2025,Chicago Fire,
Ariel Lassiter,Left Wing,9/27/1994,"$230,000.00","$250,280.00",Costa Rica,12/31/2024,Chicago Fire,
Chris Brady,Goalkeeper,3/3/2004,"$225,000.00","$248,250.00",USA,12/31/2026,Chicago Fire,
Victor Bezerra,Center Forward,2/5/2000,"$104,004.00","$116,465.00",USA,,Chicago Fire,
Bryan Dowd,Goalkeeper,3/8/2002,"$71,401.00","$71,401.00",USA,,Chicago Fire,
Laurence Wootton,Central Midfield,1/10/2000,"$71,401.00","$71,401.00",England,,Chicago Fire,
Missael Rodriguez,Center Forward,2/9/2003,"$89,716.00","$89,716.00",USA,,Chicago Fire,
Miguel Navarro,Left Back,2/26/1999,"$300,000.00","$339,000.00",Venezuela,,Chicago Fire,
Reggie Cannon,Right Back,6/11/1998,"$750,000.00","$841,500.00",USA,12/31/2027,Colorado Rapids,
Rafael Navarro Leal,Center Forward,4/14/2000,"$1,392,000.00","$1,449,600",Brasil,12/31/2027,Colorado Rapids,
Ethan Bandre,Goalkeeper,9/14/1998,"$89,716.00","$89,716.00",USA,12/31/2024,Colorado Rapids,
Jasper Loffelsend,Central Midfield,9/10/1997,"$230,000.00","$255,833.00",Germany,12/31/2025,Colorado Rapids,
Adam Beaudry,Goalkeeper,4/18/2006,"$71,401.00","$75,568.00",USA,12/3/2027,Colorado Rapids,
Nate Jones,Center Back,8/23/2001,"$71,401.00","$71,401.00",USA,12/31/2024,Colorado Rapids,
Kimani Stewart-Baynes,Left Wing,1/17/2005,"$71,401.00","$72,401.00",Canada,12/31/2026,Colorado Rapids,
Sam Vines,Left Back,5/31/1999,"$850,000.00","$862,500.00",USA,12/31/2027,Colorado Rapids,
Zack Steffen,Goalkeeper,4/2/1995,"$900,000.00","$900,000.00",USA,12/31/2026,Colorado Rapids,
Cole Bassett,Attacking Midfield,7/28/2001,"$850,000.00","$850,000.00",USA,12/31/2027,Colorado Rapids,
Wayne Frederick,Central Midfield,6/13/2004,"$71,401.00","$71,401.00",USA,12/31/2026,Colorado Rapids,
Djordje Mihailovic,Attacking Midfield,11/10/1998,"$1,350,000.00","$1,675,000.00",USA,12/31/2027,Colorado Rapids,
Omir Fernandez,Right Wing,2/8/1999,"$575,000.00","$636,875.00",USA,12/31/2026,Colorado Rapids,
Sebastian Anderson,Right Back,8/8/2002,"$150,000.00","$150,000.00",USA,12/31/2024,Colorado Rapids,
Oliver Larraz,Central Midfield,9/16/2001,"$100,000.00","$105,375.00",USA,12/31/2024,Colorado Rapids,
Daniel Chacon,Center Back,4/11/2001,"$90,000.00","$97,750.00",Costa Rica,12/31/2025,Colorado Rapids,
Darren Yapi,Center Forward,11/19/2004,"$89,716.00","$100,549.00",USA,12/31/2025,Colorado Rapids,
Jackson Travis,Left Back,2/23/2004,"$89,716.00","$92,216.00",USA,12/31/2025,Colorado Rapids,
Lalas Abubakar,Center Back,12/25/1994,"$665,000.00","$702,125.00",Ghana,12/31/2024,Colorado Rapids,
Keegan Rosenberry,Right Back,12/11/1993,"$400,000.00","$400,000.00",USA,12/31/2024,Colorado Rapids,
Andreas Maxso,Center Back,3/18/1994,"$1,150,000.00","$1,342,500.00",Denmark,12/31/2025,Colorado Rapids,
Connor Ronan,Central Midfield,3/6/1998,"$470,000.00","$522,400.00",England,12/31/2026,Colorado Rapids,
Michael Edwards,Center Back,11/27/2000,"$130,000.00","$130,000.00",USA,12/31/2024,Colorado Rapids,
Jonathan Lewis,Left Wing,6/4/1997,"$410,000.00","$435,000.00",USA,12/31/2024,Colorado Rapids,
Calvin Harris,Left Wing,3/20/2000,"$125,000.00","$127,000.00",England,12/31/2024,Colorado Rapids,
Kevin Cabral,Left Wing,7/10/1999,"$1,950,000.00","$1,950,000.00",France,12/31/2026,Colorado Rapids,
Remi Cabral,Center Forward,7/10/1999,"$89,716.00","$89,716.00",France,,Colorado Rapids,
Marino Hinestroza,Left Wing,7/8/2002,"$500,000.00","$574,750.00",Colombia,,Columbus Crew,
Cole Mrowka,Attacking Midfield,4/6/2006,"$71,401.00","$91,409.00",USA,,Columbus Crew,
Andres Herrera,Right Back,11/3/1998,"$650,000.00","$737,158.00",Argentina,12/31/2025,Columbus Crew,
Malte Amundsen,Left Back,2/11/1998,"$360,000.00","$432,500.00",Denmark,12/31/2027,Columbus Crew,
Dylan Chambost,Attacking Midfield,8/19/1997,"$375,000.00","$482,219.00",France,12/31/2026,Columbus Crew,
Mohamed Farsi,Right Midfield,12/16/1999,"$350,000.00","$380,000.00",Canada,12/31/2027,Columbus Crew,
Derrick Jones,Central Midfield,3/3/1997,"$324,996.00","$362,496.00",Ghana,12/31/2025,Columbus Crew,
Sean Zawadzki,Central Midfield,4/21/2000,"$375,000.00","$421,875.00",USA,12/31/2027,Columbus Crew,
DeJuan Jones,Left Back,6/24/1997,"$786,996.00","$793,246.00",USA,12/31/2027,Columbus Crew,
Nicholas Hagen,Goalkeeper,8/2/1996,"$89,716.00","$100,340.00",Guatemala,12/31/2025,Columbus Crew,
Darlington Nagbe,Central Midfield,6/19/1990,"$1,400,000.00","$1,540,000.00",USA,12/31/2025,Columbus Crew,
Steven Moreira,Right Back,8/13/1994,"$800,000.00","$882,000.00",Cape Verde,12/31/2025,Columbus Crew,
Evan Bush,Goalkeeper,3/6/1986,"$89,716.00","$89,716.00",USA,12/31/2024,Columbus Crew,
Diego Rossi,Attacking Midfield,3/5/1998,"$2,675,000.00","$3,376,827.00",Uruguay,12/31/2026,Columbus Crew,
Rudy Camacho,Center Back,3/5/1991,"$475,000.00","$551,000.00",France,12/31/2025,Columbus Crew,
Taha Habroune,Central Midfield,2/5/2006,"$71,401.00","$83,401.00",USA,12/31/2027,Columbus Crew,
Yevgen Cheberko,Center Back,1/23/1998,"$505,000.00","$553,250.00",Ukraine,12/31/2026,Columbus Crew,
Max Arfsten,Right Wing,4/19/2001,"$89,716.00","$91,561.00",USA,12/31/2027,Columbus Crew,
Aziel Jackson,Attacking Midfield,10/25/2001,"$98,261.00","$102,243.00",USA,12/31/2025,Columbus Crew,
Patrick Schulte,Goalkeeper,3/13/2001,"$125,000.00","$134,978.00",USA,12/31/2025,Columbus Crew,
Christian Ramirez,Center Forward,4/4/1991,"$450,000.00","$495,833.00",USA,12/31/2025,Columbus Crew,
Yaw Yeboah,Right Wing,3/28/1997,"$600,000.00","$663,750.00",Ghana,12/31/2024,Columbus Crew,
Jacen Russel-Rowe,Center Forward,9/13/2002,"$89,716.00","$97,105.00",Canada,12/31/2025,Columbus Crew,
Abraham Romero,Goalkeeper,2/18/1998,"$89,716.00","$89,716.00",USA ,12/31/2025,Columbus Crew,
Cucho Hernandez,Center Forward,4/20/1999,"$2,600,000.00","$2,886,000.00",Colombia,12/31/2025,Columbus Crew,
Alxandru Matan,Attacking Midfield,8/29/1999,"$450,000.00","$483,250.00",Romania,12/31/2024,Columbus Crew,
Keegan Huges,Center Back,7/22/2000,"$89,716.00","$89,716.00",USA,,Columbus Crew,
Christian Benteke,Center Forward,12/3/1990,"$4,250,000.00","$4,687,500.00",Belgium,12/31/2025,DC United,
Teddy Ku-DiPietro,Attacking Midfield,1/28/2002,"$300,000.00","$356,000.00",USA,12/31/2027,DC United,
Boris Enow,Central Midfield,3/30/2000,"$585,895.00","$699,795.00",Cameroon,12/31/2027,DC United,
Dominique Badji,Center Forward,10/16/1992,"$89,716.00","$124,716.00",Senegal,12/31/2026,DC United,
David Schnegg,Left Back,9/29/1998,"$400,000.00","$506,250.00",Austria,12/31/2026,DC United,
Conner Antley,Right Back,3/22/1995,"$89,716.00","$91,383.00",USA,12/31/2025,DC United,
Matti Peltola,Defensive Midfield,7/3/2002,"$681,818.00","$757,818.00",Finland,12/31/2027,DC United,
Jacob Murrel,Center Forward,3/28/2004,"$71,401.00","$71,401.00",USA,12/31/2026,DC United,
Jared Stroud,Left Wing,7/10/1996,"$230,000.00","$272,500.00",USA,12/31/2024,DC United,
Nate Crockford,Goalkeeper,9/6/2002,"$71,401.00","$71,401.00",USA,12/31/2024,DC United,
Garrison Tubbs,Center Back,2/17/2002,"$71,401.00","$71,401.00",USA,12/31/2025,DC United,
Gabriel Cordeiro Pirani,Attacking Midfield,4/12/2002,"$665,000.00","$731,700.00",Brasil,12/31/2025,DC United,
Lucas Bartlett,Center Back,7/26/1997,"$89,716.00","$89,716.00",USA,12/31/2027,DC United,
Luis Zamudio,Goalkeeper,6/24/1998,"$89,716.00","$89,716.00",USA,12/31/2024,DC United,
Hayden Sargis,Center Back,5/2/2002,"$89,716.00","$89,716.00",USA,12/31/2024,DC United,
Pedro Santos,Right Wing,4/22/1988,"$450,000.00","$490,000.00",Portugal,12/31/2024,DC United,
Jackson Hopkins,Center Forward,7/1/2004,"$89,716.00","$90,002.00",USA,12/31/2025,DC United,
Mattai Akinmboni,Center Back,10/17/2006,"$89,716.00","$99,216.00",USA,12/31/2025,DC United,
Mateusz Klich,Central Midfield,6/13/1990,"$1,900,000.00","$2,093,588.00",Poland,12/31/2024,DC United,
Aaron Herrera,Right Back,6/6/1997,"$750,000.00","$845,220.00",USA & Guatemala,12/311/2025,DC United,
Martin Rodriguez,Left Wing,8/5/1994,"$1,100,000.00","$1,366,200.00",Chile,12/31/2024,DC United,
Tyler Miller,Goalkeeper,3/12/1993,"$425,000.00","$450,000.00",USA,12/31/2024,DC United,
Cristian Dajome,Left Wing,1/3/1994,"$900,000.00","$965,625",Colombia,12/31/2024,DC United,
Christopher McVey,Center Back,4/12/1997,"$252,000.00","$276,300.00",USA,12/31/2024,DC United,
Hosei Kijima ,Central Midfield,7/1/2002,,,Japan,,DC United,
Russell Canouse,Central Midfield,6/11/1995,"$650,000.00","$650,000.00",USA,12/31/2024,DC United,
Kristian Fletcher,Left Wing,8/6/2005,"$120,000.00","$139,509.00",USA,,DC United,
Alvaro Barreal,Left Midfield,8/17/2000,"$690,000.00","$909,297.00",Argentina,,FC Cincinnati,
Teenage Hadebe,Center Back,9/17/1995,"$704,952.00","$909,297.00",Zimbabwe,12/31/2024,FC Cincinnati,
Nicholas Gioacchini,Center Forward,7/25/2000,"$2,000,004","$2,206,115.00",USA,12/31/2024,FC Cincinnati,
Ian Murphy,Center Back,1/16/2000,"$89,716.00","$137,216.00",USA,,FC Cincinnati,
Chidoizie Awaziem,Center Back,1/1/1997,"$1,080,000.00","$1,205,675.00",Nigeria,,FC Cincinnati,
Kevin Kelsy,Center Forward,7/27/2004,"$489,000.00","$485,533.00",Venezuela,12/31/2024,FC Cincinnati,
Yuya Kubo,Attacking Midfield,12/24/1993,"$650,000.00","$721,667.00",Japan,12/31/2024,FC Cincinnati,
Luca Orellano,Right Wing,3/22/2000,"$89,716.00","$89,716.00",Argentina,,FC Cincinnati,
Yamil Asad,Left Wing,7/27/1994,"$89,716.00","$89,716.00",Argentina,12/31/2024,FC Cincinnati,
Pavel Bucha,Central Midfield,3/11/1998,"$450,000.00","$498,782.00",Czech,12/31/2026,FC Cincinnati,
Corey Baird,Center Forward,1/30/1996,"$644,319.00","$712,026.00",USA,12/31/2024,FC Cincinnati,
Miles Robinson,Center Back,3/14/1997,"$1,431,820.00","$1,578,580.00",USA,12/31/2024,FC Cincinnati,
Evan Louro,Goalkeeper,1/19/1996,"$89,716.00","$94,716.00",USA,12/31/2024,FC Cincinnati,
Luciano Acosta,Attacking Midfield,5/31/1994,"$2,960,000.00","$4,216,413.00",Argentina,12/31/2026,FC Cincinnati,
Roman Celentano,Goalkeeper,9/14/2000,"$400,000.00","$449,000.00",USA,12/31/2027,FC Cincinnati,
Nick Hagglund,Center Back,9/14/1992,"$89,716.00","$103,237.00",USA,12/31/2024,FC Cincinnati,
Alvas Powell,Right Back,7/18/1994,"$250,000.00","$294,500.00",Jamaica,12/31/2024,FC Cincinnati,
Bret Halsey,Right Back,7/1/2000,"$89,716.00","$98,466.00",USA,12/31/2024,FC Cincinnati,
London Aghedo,Center Back,5/31/2000,"$71,401.00","$71,401.00",USA,12/31/2024,FC Cincinnati,
Gerardo Valenzuela ,Attacking Midfield,9/28/2004,"$71,401.00","$88,943.00",USA,12/31/2026,FC Cincinnati,
Obinna Nwobodo,Defensive Midfield,11/29/1996,"$1,310,000.00","$1,444,400.00",Nigeria,12/31/2024,FC Cincinnati,
Stiven Jimenez,Central Midfield,6/24/2007,"$89,716.00","$89,716.00",USA,12/31/2024,FC Cincinnati,
Malik Pinto,Defensive Midfield,8/9/2002,"$71,401.00","$71,401.00",USA,12/31/2024,FC Cincinnati,
Isaiah Foster,Left Back,8/12/2003,"$89,716.00","$94,095.00",USA,12/31/2024,FC Cincinnati,
Sergio Santos,Center Forward,9/4/1994,"$800,000.00","$915,625.00",Brasil,12/31/2024,FC Cincinnati,
Deandre Yedlin,Right Back,7/9/1993,"$850,000.00","$898,750.00",USA,12/31/2024,FC Cincinnati,
Paul Walters,Goalkeeper,4/11/2004,"$71,401.00","$79,368.00",USA,12/31/2026,FC Cincinnati,
Matt Miazga,Center Back,7/19/1995,"$1,525,000.00","$1,525,000.00",USA,12/31/2025,FC Cincinnati,
Alec Kann,Goalkeeper,8/8/1990,"$250,000.00","$270,833.00",USA,12/31/2024,FC Cincinnati,
Joey Akpunonu,Center Back,12/21/2001,"$71,401.00","$73,901.00",USA ,,FC Cincinnati,
Arquimides Ordonez,Center Forward,8/5/2003,"$89,716.00","$93,253.00",USA & Guatemala,,FC Cincinnati,
Alan Velasco,Left Wing,7/27/2002,"$1,250,000.00","$1,591,667.00",Argentina,12/1/2028,FC Dallas,
Manuel Luis Da Silva Cafumana,Defensive Midfield,3/6/1999,"$462,000.00","$504,350.00",Angola,12/31/2025,FC Dallas,
Maarten Paes,Goalkeeper,5/14/1998,"$325,000.00","$397,000.00",Indonesia,12/31/2025,FC Dallas,
Patrickson Delgado,Defensive Midfield,8/17/2003,"$150,000.00","$176,280.00",Ecuador,12/31/2024,FC Dallas,
Amen Korca,Center Back,9/16/2000,"$71,401.00","$71,401.00",USA,12/31/2024,FC Dallas,
Enes Sali,Left Wing,2/23/2006,"$300,000.00","$345,000.00",Romania & Canada,12/31/2027,FC Dallas,
Carl Sainte,Defensive Midfield,8/9/2002,"$71,401.00","$71,401.00",Haiti,12/31/2025,FC Dallas,
Jimmy Maurer,Goalkeeper,8/14/1988,"$89,716.00","$113,716.00",USA,,FC Dallas,
Petar Musa,Center Forward,3/4/1998,"$1,800,000.00","$2,230,000.00",Croatia,12/31/2027,FC Dallas,
Omar Gonzalez,Center Back,8/11/1988,"$89,716.00","$114,716.00",USA,12/31/2024,FC Dallas,
Logan Farrington,Center Forward,12/14/2001,"$71,401.00","$71,401.00",USA,12/31/2025,FC Dallas,
Malik Henry Scott,Center Forward,11/28/2001,"$71,401.00","$71,401.00",USA,12/31/2024,FC Dallas,
Thomas Pondeca,Central Midfield,12/10/2001,"$71,401.00","$71,401.00",USA,12/31/2025,FC Dallas,
Asier Illarramendi ,Defensive Midfield,3/8/1990,"$500,000.00","$500,000.00",Spain,12/31/2024,FC Dallas,
Liam Fraser,Defensive Midfield,12/13/1998,"$200,000.00","$227,750.00",Canada,12/31/2024,FC Dallas,
Eugene Ansah,Left Wing,12/16/1994,"$600,000.00","$702,833.00",Ghana,12/31/2024,FC Dallas,
Nkosi Tafari Burgess,Center Back,3/23/1997,"$347,750.00","$347,750.00",USA,12/31/2025,FC Dallas,
Alejandro Urzua,Central Midfield,4/3/2006,"$71,401.00","$71,401.00",USA,12/31/2025,FC Dallas,
Geovane de Jesus Rocha,Right Back,7/31/2001,"$300,000.00","$347,000.00",Brasil,12/31/2026,FC Dallas,
Isaiah Parker,Left Back,9/1/2002,"$100,000.00","$101,000.00",USA,12/31/2024,FC Dallas,
Herbert Endeley,Right Back,8/9/2001,"$71,401.00","$71,401.00",USA,12/31/2025,FC Dallas,
Dante Sealy,Left Wing,4/17/2003,"$275,000.00","$297,750.00",USA,12/31/2024,FC Dallas,
Tsiki Ntsabeleng,Attacking Midfield,2/9/1998,"$89,716.00","$89,716.00",South Africa,12/31/2025,FC Dallas,
Ema Twumasi,Right Back,5/18/1997,"$370,000.00","$389,300.00",Ghana,12/31/2024,FC Dallas,
Jesus Ferreira,Center Forward,12/24/2000,"$2,000,000.00","$220,400,000",USA,12/31/2025,FC Dallas,
Bernard Kamungo,Right Wing,1/1/2002,"$89,716.00","$89,716.00",Tanzinia,12/31/2025,FC Dallas,
Ruan Gregorio Teixeira,Right Back,5/29/1995,"$440,000.00","$440,000.00",Brasil,,FC Dallas,
Sebastien Ibeagha,Center Back,1/21/1992,"$620,000.00","$683,625.00",Nigeria,12/31/2025,FC Dallas,
Nolan Norris,Left Back,2/17/2005,"$89,716.00","$108,358.00",USA,12/31/2025,FC Dallas,
Paul Arriola,Right Wing,2/5/1995,"$1,550,000.00","$1,729,400.00",USA,12/31/2025,FC Dallas,
Tarik Scott,Left Wing,4/23/2005,"$89,716.00","$105,658.00",Jamaica,12/31/2025,FC Dallas,
Sebastian Lletget,Central Midfield,9/3/1992,"$750,000.00","$841,250.00",USA,12/31/2026,FC Dallas,
Paxton Pomykal,Attacking Midfield,12/17/1999,"$950,000.00","$1,058,000.00",USA,12/31/2024,FC Dallas,
Marco Farfan,Left Back,11/12/1998,"$512,000.00","$544,813.00",USA,12/31/2025,FC Dallas,
Antonio Carrera,Goalkeeper,3/15/2006,"$125,000.00","$144,519.00",USA,12/31/2025,FC Dallas,
Anderson Julio,Right Wing,5/31/1996,"$750,000.00","$820,000.00",USA,12/31/2025,FC Dallas,
Junior Moreno,Defensive Midfield,7/20/1993,"$89,716.00","$114,716.00",Venezuela,12/31/2024,Houston Dynamo,
Exon Arzu,Right Wing,5/19/2004,"$89,716.00","$94,414.00",Honduras,12/31/2026,Houston Dynamo,
Lawrence Ennali,Left Wing,3/7/2002,"$450,000.00","$524,250.00",Germany,12/31/2026,Houston Dynamo,
Ezequiel Ponce,Center Forward,3/29/1997,"$2,560,000.00","$2,822,200.00",Argentina,12/31/2027,Houston Dynamo,
Jefferson Valverde,Defensive Midfield,5/4/1999,"$159,996.00","$201,657.00",Ecuador,12/31/2025,Houston Dynamo,
Adalberto Carrasquilla,Central Midfield,11/28/1998,"$550,000.00","$658,750.00",Panama,12/31/2025,Houston Dynamo,
Kieran Sargeant,Midfielder,5/15/2003,"$71,401.00","$73,594.00",USA,12/31/2025,Houston Dynamo,
Ousmane Sylla,Midfielder,8/7/2001,"$71,401.00","$71,401.00",Senegal,12/31/2024,Houston Dynamo,
Jan Gregus,Central Midfield,1/29/1991,"$150,000.00","$170,313.00",Slovakia,12/31/2024,Houston Dynamo,
Stephen Annor Gyamfi,Center Forward,5/19/2003,"$71,401.00","$85,151.00",Ghana,12/31/2025,Houston Dynamo,
Griffin Dorsey,Right Back,3/5/1999,"$475,000.00","$529,667.00",USA,12/31/2025,Houston Dynamo,
Jose Artur de Lima Junior,Defensive Midfield,3/11/1996,"$700,000.00","$783,375.00",Brasil,12/31/2025,Houston Dynamo,
Ethan Bartlow,Center Back,2/2/2000,"$250,000.00","$250,000.00",USA,12/31/2025,Houston Dynamo,
Sebastian Kowalczyk,Attacking Midfield,8/22/1998,"$461,000.00","$530,618.00",Poland,12/31/2025,Houston Dynamo,
Ibrahim Aliyu,Center Forward,1/16/2002,"$450,000.00","$501,379.00",Nigeria,12/31/2025,Houston Dynamo,
Erik Sviatchenko,Center Back,8/4/1991,"$774,996.00","$824,996.00",Denmark,12/31/2024,Houston Dynamo,
Brooklyn Raines,Central Midfield,3/11/2005,"$100,000.00","$118,063.00",Liberia,12/31/2025,Houston Dynamo,
Franco Escobar,Right Back,2/21/1995,"$475,000.00","$524,167.00",Argentina,12/31/2025,Houston Dynamo,
Xavier Valdez,Goalkeeper,11/23/2003,"$89,716.00","$99,427.00",USA,12/31/2024,Houston Dynamo,
Tate Schmitt,Left Back,5/28/1997,"$150,000.00","$150,000.00",USA,12/31/2024,Houston Dynamo,
Andrew Tarbell ,Goalkeeper,8/7/1993,"$250,000.00","$280,000.00",USA,12/31/2025,Houston Dynamo,
Micael dos Santos Silva,Center Back,8/12/2000,"$135,000.00","$149,250.00",Brasil,12/31/2025,Houston Dynamo,
Brad Smith,Left Back,4/9/1994,"$424,999.00","$471,249.00",Australia,12/31/2024,Houston Dynamo,
McKinze Gaines,Right Wing,3/2/1998,"$120,000.00","$122,750.00",USA,12/31/2024,Houston Dynamo,
Nelson Quinones,Left Wing,8/20/2002,"$231,996.00","$252,890.00",Colombia,12/31/2025,Houston Dynamo,
Sebastian Ferreira,Center Forward,2/13/1998,"$1,920,000.00","$2,290,200.00",Paraguay,12/31/2025,Houston Dynamo,
Gabriel Segal,Center Forward,5/17/2001,"$71,401.00","$71,401.00",USA,12/31/2025,Houston Dynamo,
Amine Bassi,Attacking Midfield,11/27/1997,"$605,000.00","$605,000.00",Morocco,12/31/2024,Houston Dynamo,
Latif Blessing,Attacking Midfield,12/30/1996,"$650,000.00","$715,000.00",Ghana,12/31/2024,Houston Dynamo,
Daniel Steres,Center Back,11/11/1990,"$450,000.00","$498,425.00",USA,12/31/2024,Houston Dynamo,
Steve Clark,Goalkeeper,4/14/1986,"$625,000.00","$684,281.00",USA,12/31/2024,Houston Dynamo,
Emerson Rodriguez,Right Wing,8/25/2000,"$345,000.00","$380,700.00",,,Inter Miami,
Oscar Ustari,Goalkeeper,7/3/1986,"$89,716.00","$89,716.00",Argentina & Italy,12/31/2024,Inter Miami,
Benja Cemaschi,Central Midfield,3/2/2005,"$99,716","$202,216.00",USA & Argentina,12/31/2027,Inter Miami,
David Martinez,Center Back,1/21/1998,"$150,000.00","$289,839.00",,,Inter Miami,
Leo Alfonso ,Left Wing,7/13/2001,"$71,401.00","$71,401.00",Brasil,12/31/2025,Inter Miami,
Matias Rojas,Attacking Midfield,9/3/1995,"$150,000.00","$516,667.00",Paraguay,12/31/2024,Inter Miami,
Marcelo Weigandt,Right Back,1/11/2000,"$150,000.00","$384,708.00",Argentina,12/31/2025,Inter Miami,
Yannick Bright,Defensive Midfield,9/3/2001,"$71,401.00","$74,427.00",Italy,12/31/2025,Inter Miami,
Federico Redondo,Defensive Midfield,1/18/2003,"$150,000.00","$255,000.00",Argentina & Spain,12/31/2027,Inter Miami,
Nicolas Freire,Center Back,2/18/1994,"$400,000.00","$1,000,000.00",Argentina & Spain,12/31/2024,Inter Miami,
Luis Suarez,Center Forward,1/24/1987,"$1,500,000.00","$1,500,000.00",Uruguay,12/31/2025,Inter Miami,
Julian Gressel,Right Midfield,12/16/1993,"$1,092,069.00","$1,092,069.00",USA & Germany,12/31/2026,Inter Miami,
Tyler Hall,Center Back,2/5/2006,"$71,401.00","$71,401.00",USA & Guyana,12/31/2027,Inter Miami,
Lawson Sunderland,Central Midfield,11/7/2001,"$71,401.00","$71,401.00",USA & Germany,12/31/2024,Inter Miami,
Santiago Morales,Central Midfield,2/9/2007,"$71,401.00","$79,734.00",Argentina & USA,12/31/2027,Inter Miami,
Facundo Farias,Attacking Midfield,8/28/2002,"$650,000.00","$675,000.00",Argentina ,12/31/2026,Inter Miami,
Tomas Aviles,Center Back,2/3/2004,"$384,996.00","$412,496.00",Argentina & Chile,12/31/2026,Inter Miami,
Jordi Alba,Left Back,3/21/1989,"$1,250,000.00","$1,500,000.00",Spain,12/31/2025,Inter Miami,
Lionel Messi,Right Wing,6/24/1987,"$12,000,000.00","$20,446,667.00",Argentina,12/31/2025,Inter Miami,
Sergio Busquets,Defensive Midfield,6/16/1988,"$8,499,996.00","$8,774,996.00",Spain,12/31/2025,Inter Miami,
Israel Boatwright,Right Back,5/2/2005,"$71,401.00","$71,401.00",Haiti & USA,12/31/2026,Inter Miami,
David Ruiz,Defensive Midfield,2/8/2004,"$71,401.00","$73,401.00",USA & Honduras,12/31/2025,Inter Miami,
Franco Negri,Left Back,2/20/1995,"$250,000.00","$342,500.00",Argentina & Italy,12/31/2024,Inter Miami,
Cole Jensen,Goalkeeper,1/22/2001,"$71,401.00","$71,401.00",USA,12/31/2024,Inter Miami,
Drake Callender,Goalkeeper,10/7/1997,"$349,992.00","$405,909.00",USA,12/31/2025,Inter Miami,
Felipe Valencia,Right Wing,3/1/2005,"$89,716.00","$89,716.00",USA & Colombia,,Inter Miami,
Sergio Kryvtsov,Center Back,3/15/1991,"$750,000.00","$809,000.00",Ukraine,12/31/2024,Inter Miami,
Ryan Sailor,Center Back,11/27/1998,"$89,716.00","$89,716.00",USA,12/31/2025,Inter Miami,
Noah Allen,Left Back,4/28/2004,"$89,716.00","$91,383.00",USA & Greece,12/31/2024,Inter Miami,
Ian Fray,Center Back,8/31/2002,"$125,000.00","$125,000.00",Jamaica & USA,12/31/2025,Inter Miami,
CJ dos Santos,Goalkeeper,8/24/2000,"$89,716.00","$95,016.00",,,Inter Miami,
Robert Taylor,Left Wing,10/21/1994,"$300,000","$326,900.00",Scotland & England,12/31/2026,Inter Miami,
Gino Vivi,Left Wing,12/20/2000,"$71,401.00","$71,401.00",,,LA Galaxy,
Aaron Bibout,Center Forward,9/9/2004,"$71,401.00","$71,401.00",Senegal,12/31/2025,LA Galaxy,
Marco Reus,Attacking Midfield,5/31/1989,"$960,000.00","$1,217,667.00",Germany,12/31/2026,LA Galaxy,
Isaiah Parente,Central Midfield,3/16/2000,"$71,401.00","$71,401.00",USA & Italy,12/31/2024,LA Galaxy,
Ricard Puig,Central Midfield,8/13/1999,"$4,000,000.00","$4,642,188.00",Spain,12/31/2027,LA Galaxy,
Carlos Garces,Center Back,8/11/2001,"$200,000.00","$238,000.00",Colombia,12/31/2028,LA Galaxy,
Brady Scott,Goalkeeper,6/30/1999,"$89,716.00","$111,383.00",USA,12/31/2024,LA Galaxy,
Joseph Painstil,Right Wing,2/1/1998,"$3,136,000.00","$4,182,000.00",Ghana,12/31/2027,LA Galaxy,
Tucker Lepley,Right Wing,1/17/2002,"$71,401.00","$73,087.00",USA,12/31/2024,LA Galaxy,
John McCarthy,Goalkeeper,7/4/1992,"$275,000.00","$290,000.00",USA,12/31/2025,LA Galaxy,
Gabriel Fortes Chaves,Right Wing,2/11/2001,"$1,680,000.00","$2,459,000.00",Brasil & Portugal,12/31/2028,LA Galaxy,
Miguel Berry,Center Forward,9/16/1997,"$175,000.00","$181,675.00",USA & Spain,,LA Galaxy,
John Nelson,Left Back,7/11/1998,"$275,000.00","$291,667.00",USA,12/31/2025,LA Galaxy,
Miki Yamane,Right Back,12/22/1993,"$550,000.00","$616,667.00",Japan,12/31/2026,LA Galaxy,
Edwin Cerrillo,Defensive Midfield,8/3/2000,"$400,000.00","$412,500.00",USA & Mexico,12/31/2026,LA Galaxy,
Maya Yoshida,Center Back,8/24/1988,"$800,000.00","$893,334.00",Japan,12/31/2024,LA Galaxy,
Julian Aude,Left Back,3/24/2003,"$325,000.00","$335,000.00",Argentina & Italy,12/31/2007,LA Galaxy,
Mauricio Cuevas,Right Back,2/10/2003,"$125,000.00","$143,500.00",USA & Mexico,12/31/2025,LA Galaxy,
Novak Micovic,Goalkeeper,10/25/2001,"$150,000.00","$150,000.00",Serbia,12/31/2026,LA Galaxy,
Diego Fagundez,Left Wing,2/14/1995,"$1,250,000.00","$1,310,000.00",USA & Uruguay,,LA Galaxy,
Eriq Zavaleta,Center Back,8/2/1992,"$89,716.00","$89,716.00",El Salvador & USA,,LA Galaxy,
Dejan Joveljic,Center Forward,8/7/1999,"$683,750.00","$683,750.00",Serbia & Bosnia,,LA Galaxy,
Jalen Neal,Center Back,8/24/2003,"$165,000.00","$178,625.00",USA,12/31/2024,LA Galaxy,
Martin Caceres,Center Back,4/7/1987,"$600,000.00","$656,667.00",Uruguay,12/31/2024,LA Galaxy,
Mark Delgado,Central Midfield,5/16/1995,"$800,000.00","$876,250.00",USA & Mexico,12/31/2024,LA Galaxy,
Ruben Ramos Jr,Attacking Midfield,1/22/2007,,,USA,,LA Galaxy,
Mario Gonzalez,Center Forward,2/25/1996,"$800,000.00","$800,000.00",,,LAFC,
Adrian Wibowo,Right Wing,1/17/2006,"$71,401.00","$71,401.00",12/31/2025,,LAFC,
Diego Rosales,Right Back,9/1/2005,"$71,401.00","$71,401.00",USA & Mexico,12/31/2024,LAFC,
Carlos Vela,Right Wing,3/1/1989,"$325,00.00","$325,00.00",Mexico,12/31/2024,LAFC,
David Ochoa,Goalkeeper,1/16/2001,"$89,716.00","$98,049.00",USA & Mexico,12/31/2025,LAFC,
Luca Bombino,Left Back,7/10/2006,"$71,401.00","$71,401.00",Italy & USA,12/31/2025,LAFC,
Marlon Santos,Center Back,9/7/1995,"$1,350,000.00","$1,350,000.00",Brasil,12/31/2024,LAFC,
Lewis O'Brien,Central Midfield,10/14/1998,"$1,600,000.00","$1,825,500.00",,,LAFC,
Tommy Musto,Midfielder,9/10/2003,"$71,401.00","$71,401.00",USA,12/31/2024,LAFC,
Thomas Hasal,Goalkeeper,7/9/1999,"$89,716.00","$99,849.00",Canada and Czech,,LAFC,
Oliver Giroud,Center Forward,9/30/1986,"$2,800,000.00","$3,675,000.00",France,12/31/2025,LAFC,
Luis Muller,Center Forward,2/12/2001,"$71,401.00","$71,401.00",Germany,12/31/2025,LAFC,
Kei Kamara,Center Forward,9/1/1984,"$89,716.00","$89,716.00",USA & Sierra Leon,12/31/2024,LAFC,
Eduard Atuesta,Central Midfield,6/18/1997,"$689,700.00","$689,700.00",Colombia,12/31/2024,LAFC,
Maxime Chanot,Center Back,11/21/1989,"$220,000.00","$220,000.00",Netherlands & France,12/31/2025,LAFC,
Denis Bouanga,Left Wing,11/11/1994,"$2,920,000.00","$3,609,500.00",France & Gabon,12/31/2027,LAFC,
Omar Campos,Left Back,7/20/2002,"$675,000.00","$675,000.00",Mexico,12/31/2027,LAFC,
David Martinez,Right Wing,2/7/2006,"$500,000.00","$500,000.00",Venezuela,12/31/2027,LAFC,
Hugo Lloris,Goalkeeper,12/26/1986,"$350,000.00","$350,000.00",France,12/31/2025,LAFC,
Lorenzo Dellavalle,Center Back,4/4/2004,"$71,401.00","$75,151.00",Italy,12/31/2026,LAFC,
Cristian Olivera,Right Wing,4/17/2002,"$680,000.00","$680,000.00",Uruguay,12/31/2026,LAFC,
Eddie Segura,Center Back,2/2/1997,"$250,000.00","$250,000.00",Colombia,12/31/2025,LAFC,
Bajung Darboe,Left Wing,11/7/2006,"$71,401.00","$83,781.00",USA & Finland,12/31/2026,LAFC,
Mateusz Bogusz,Attacking Midfield,8/22/2001,"$675,000.00","$675,000.00",Poland,12/31/2026,LAFC,
Timothy Tillman,Central Midfield,1/4/1999,"$600,000.00","$637,500.00",USA & Germany,12/31/2025,LAFC,
Nathan Ordaz,Center Forward,1/12/2004,"$128,500.00","$131,000.00",El Salvador & USA,12/31/2025,LAFC,
Illie Sanchez,Defensive Midfield,9/21/1990,"$1,267,875.00","$1,267,875.00",Spain & USA,12/31/2024,LAFC,
Sergi Palencia,Right Back,3/23/1996,"$350,004.00","$557,504.00",Spain,12/31/2025,LAFC,
Aaron Long,Center Back,8/12/1992,"$1,259,760.00","$1,303,044.00",USA,12/31/2027,LAFC,
Ryan Hollingshead,Left Back,4/16/1991,"$645,000.00","$645,000.00",USA,12/31/2025,LAFC,
Erik Duenas,Central Midfield,10/18/2004,"$185,500.00","$187,500.00",USA & Mexico,12/31/2024,LAFC,
Jesus Murillo,Center Back,2/18/1994,"$500,000.00","$559,500.00",Colombia,12/31/2024,LAFC,
Tomas Angel,Center Forward,2/20/2003,"$250,000.00","$368,750.00",,,LAFC,
Derek Dodson,Right Back,11/3/1998,"$89,716.00","$89,716.00",USA,12/31/2024,Minnesota United,
Alejandro Bran,Defensive Midfield,3/5/2001,"$125,000.00","$125,000.00",Costa Rica,,Minnesota United,
Patrick Weah,Center Forward,12/15/2003,"$89,716.00","$103,008.00",Liberia,,Minnesota United,
Loic Mesanvi,Left Wing,10/6/2003,"$71,401.00","$71,401.00",Togo,,Minnesota United,
Joaquin Pereyra,Central Midfield,12/1/1998,"$610,000.00","$699,800.00",Argentina,12/31/2027,Minnesota United,
Matus Kmet,Right Back,6/27/2000,"$165,000.00","$182,469.00",Slovakia,12/31/2026,Minnesota United,
Kelvin Yeboah,Center Forward,5/6/2000,"$1,225,000.00","$1,427,200.00",Ghana,12/31/2027,Minnesota United,
Joseph Rosales,Left Midfield,11/6/2000,"$93,988.00","$138,690.00",Honduras,12/31/2027,Minnesota United,
Jefferson Diaz,Center Back,12/5/2000,"$350,000.00","$350,000.00",Colombia,12/31/2027,Minnesota United,
Alec Smir,Goalkeeper ,4/13/1999,"$89,716.00","$89,716.00",USA,12/31/2025,Minnesota United,
Samuel Shashoua,Left Wing,5/13/1999,"$89,716.00","$90,549.00",England,12/31/2025,Minnesota United,
Hugo Bacharach,Center Back,6/27/2001,"$71,401.00","$73,285.00",Spain,12/31/2024,Minnesota United,
Carlos Harvey,Defensive Midfield,2/3/2000,"$71,401.00","$81,028.00",Panama,12/31/2025,Minnesota United,
Jordan Adebayo-Smith,Center Forward,1/11/2001,"$71,401.00","$88,621.00",USA,12/31/2026,Minnesota United,
Will Trapp,Defensive Midfield,1/15/1993,"$400,000.00","$445,000.00",USA,12/31/2024,Minnesota United,
DJ Taylor,Right Back,8/26/1997,"$160,000.00","$190,117.00",USA,12/31/2025,Minnesota United,
Devin Padelford,Left Back,1/3/2003,"$89,716.00","$96,716.00",USA,12/31/2025,Minnesota United,
Ethan Bristow,Left Back,11/27/2001,"$89,716.00","$140,902.00",England,,Minnesota United,
Teemu Pukki,Center Forward,3/29/1990,"$3,200,000.00","$3,550,000.00",Finland,12/31/2025,Minnesota United,
Sang-bin Jeong,Center Forward,4/1/2002,"$575,750.00","$682,458.00",South Korea,12/31/2025,Minnesota United,
Tani Oluwaseyi,Center Forward,5/15/2000,"$89,716.00","$89,716.00",Canada & Nigeria,12/31/2027,Minnesota United,
Moses Nyeman,Defensive Midfield,11/5/2003,"$150,000.00","$168,822.00",USA & Liberia,12/31/2024,Minnesota United,
Miguel Tapias,Center Back,1/9/1997,"$725,000.00","$811,875.00",Mexico,12/31/2025,Minnesota United,
Bongokuhle Hlongwane,Right Wing,6/20/2000,"$605,000.00","$655,000.00",South Africa,12/31/2025,Minnesota United,
Zarek Valentin,Right Back,8/6/1991,"$93,988.00","$93,988.00",Puerto Rico & USA,,Minnesota United,
Franco Fragapane,Left Wing,2/6/1993,"$310,000.00","$317,500.00",Argentina,12/31/2024,Minnesota United,
Anthony Markanich,Left Back,12/26/1999,"$89,716.00","$89,716.00",USA,12/31/2025,Minnesota United,
Robin Lod,Left Midfield,4/17/1993,"$1,500,000.00","$1,639,375.00",Finland,12/31/2025,Minnesota United,
Clint Irwin,Goalkeeper,4/1/1989,"$190,000.00","$203,533.00",USA,12/31/2024,Minnesota United,
Hassani Dotson,Central Midfield,8/6/1997,"$500,000.00","$557,500.00",USA,12/31/2025,Minnesota United,
Dayne St. Clair,Goalkeeper,5/9/1997,"$460,000.00","$481,875.00",Canada,12/31/2025,Minnesota United,
Michael Boxall,Center Back,8/18/1988,"$675,000.00","$728,097.00",New Zealand,12/31/2025,Minnesota United,
Morris Duggan,Center Back,8/24/2000,"$71,401.00","$71,401.00",Germany,12/31/2025,Minnesota United,
Mikael Marques,Center Back,9/8/2001,"$125,000.00","$141,250.00",Sweden,,Minnesota United,
Kipp Keller,Center Back,7/14/2000,"$89,716.00","$89,716.00",USA,12/31/2025,Minnesota United,
Patrick Yazbek,Central Midfield,4/5/2002,"$375,000.00","$491,013.00",Australia,,Nashville SC,
Hany Mukhtar,Attacking Midfield,3/21/1995,"$3,800,000.00","$5,211,667.00",Sudan & Germany,12/31/2026,Minnesota United,
Amar Sejdic,Defensive Midfield,11/29/1996,"$89,716.00","$89,716.00",USA,12/31/2024,Minnesota United,
Brent Kallman,Center Back,8/4/1990,"$89,716.00","$89,716.00",USA,12/31/2024,Minnesota United,
Isaiah Jones,Central Midfield,4/8/2006,"$71,401","$75,401.00",Sierra Leon,12/31/2027,Minnesota United,
Julian Gaines,Right Back,11/5/2002,"$71,401.00","$71,401.00",USA,12/31/2025,Minnesota United,
Tyler Boyd,Left Wing,11/15/1994,"$770,000.00","$775,000.00",USA,12/31/2026,Minnesota United,
Woobens Pacius,Center Forward,5/11/2001,"$71,401.00","$71,401.00",Canada,12/31/2025,Minnesota United,
 Taylor Washington,Left Back,8/16/1993,"$89,716.00","$89,716.00",USA,12/31/2025,Minnesota United,
Elliot Panicco,Goalkeeper,11/18/1996,"$114,000.00","$114,000.00",USA,12/31/2024,Minnesota United,
Teal Bunbury,Center Forward,2/27/1990,"$250,000.00","$285,000.00",Canada,12/31/2025,Minnesota United,
Daniel Lovitz,Left Back,8/27/1991,"$556,244.00","$573,744.00",USA,12/31/2024,Minnesota United,
Joe Willis,Goalkeeper,8/10/1988,"$600,000.00","$658,333.00",USA,12/31/2024,Minnesota United,
Sam Surridge,Center Forward,7/28/1998,"$2,500,000.00","$2,907,639.00",England,12/31/2026,Minnesota United,
Adem Sipic ,Center Forward,4/5/2006,"$71,401.00","$100,227.00",USA,12/31/2027,Minnesota United,
Jack Maher,Center Back,8/28/1999,"$700,000.00","$795,467.00",USA,12/31/2024,Minnesota United,
Jacob Shaffelburg,Left Wing,11/26/1999,"$350,000.00","$395,000.00",Canada,12/31/2026,Minnesota United,
Shaq Moore ,Right Back,11/2/1996,"$800,000.00","$881,500.00",USA,12/31/2025,Minnesota United,
Walker Zimmerman,Center Back,5/19/1993,"$3,200,000.00","$3,456,979.00",USA,12/31/2025,Minnesota United,
Dru Yearwood,Central Midfield,2/17/2000,"$550,000.00","$597,250.00",England,12/31/2024,Minnesota United,
Tah Anunga,Central Midfield,8/10/1996,"$275,000.00","$295,000.00",Cameroon,12/31/2024,Minnesota United,
Anibal Godoy,Defensive Midfield,2/10/1990,"$650,000.00","$721,250.00",Panama,,Minnesota United,
Joey Skinner,Left Back,3/30/2003,"$71,401.00","$76,401.00",USA,12/31/2024,Minnesota United,
Lukas MacNaughton,Center Back,3/8/1995,"$100,000.00","$102,100.00",Canada & Belgium,,Minnesota United,
Ben Martino,Goalkeeper,9/13/2002,"$89,716.00","$109,966.00",USA,12/31/2024,Minnesota United,
Alex Muyl,Right Wing,9/30/1995,"$525,000.00","$525,000.00",USA,12/31/2024,Minnesota United,
Sean Davis,Central Midfield,2/8/1993,"$910,000.00","$1,024,000.00",England,,Minnesota United,
Josh Bauer,Center Back,7/22/1998,"$94,202.00","$94,202.00",USA,12/31/2024,Minnesota United,
Randall Leal,Left Wing,1/14/1997,"$1,000,000.00","$1,115,000.00",Costa Rica,12/31/2025,Minnesota United,
Gaston Brugman,Defensive Midfield,9/7/1992,"$1,200,000.00","$1,409,000.00",Uruguay,12/31/2025,Minnesota United,
Jonathan Perez,Left Wing,1/18/2003,"$275,000.00","$308,000.00",USA & Mexico,12/31/2025,Minnesota United,
Alhassan Yusuf,Central Midfield,7/18/2000,"$800,000.00","$895,311.00",Nigeria,12/31/2027,New England Revolution,
Luca Langoni,Right Wing,2/9/2002,"$610,000.00","$682,283.00",Argentina,12/31/2027,New England Revolution,
Carles Gil,Attacking Midfield,11/22/1992,"$4,000,000.00","$4,452,083.00",Spain,12/31/2026,New England Revolution,
Emmanuel Boateng,Left Midfield,1/17/1994,"$155,000.00","$186,500.00",Ghana,12/31/2025,New England Revolution,
Jonathan Mensah,Center Back,7/13/1990,"$450,000.00","$512,500.00",Ghana,,New England Revolution,
Tomas Chancalay,Left Wing,1/1/1999,"$950,000.00","$1,010,000.00",Argentina,12/31/2026,New England Revolution,
Earl Edwards Jr,Goalkeeper,1/24/1992,"$155,000.00","$155,000.00",USA,12/31/2025,New England Revolution,
Jackson Yueill,Central Midfield,3/19/1997,,,USA,,New England Revolution,
Peyton Miller,Left Back,11/8/2007,"$71,401.00","$73,401.00",USA,12/31/2027,New England Revolution,
Aljaz Ivacic,Goalkeeper,12/29/1993,"$385,000.00","$470,000.00",Slovenia,12/31/2025,New England Revolution,
Santiago Suarez,Center Back,4/23/2005,"$89,716.00","$102,938.00",USA,12/31/2026,New England Revolution,
Tim Parker,Center Back,2/23/1993,"$1,000,000.00","$1,037,500.00",USA,12/31/2024,New England Revolution,
Matt Polster,Defensive Midfield,6/8/1993,"$550,000.00","$591,667.00",USA,12/31/2024,New England Revolution,
Will Sands,Left Back,7/6/2000,"$125,000.00","$131,250.00",USA,12/31/2025,New England Revolution,
Giacomo Vrioni,Center Forward,8/15/1998,"$1,700,000.00","$1,947,500.00",Albania & Italy,12/31/2025,New England Revolution,
Esmir Bajraktarevic,Right Wing,3/10/2005,"$115,000.00","$120,923.00",USA & Bosnia,12/31/2025,New England Revolution,
Xavier Arreaga,Center Back,9/28/1994,"$775,000.00","$775,000.00",Ecuador,12/31/2024,New England Revolution,
Andrew Farrell,Center Back,4/2/1992,"$683,750.00","$683,750.00",USA,12/31/2025,New England Revolution,
Tommy McNamara,Left Wing,2/6/1991,"$435,000.00","$435,000.00",USA,12/31/2024,New England Revolution,
Nacho Gil,Left Wing,9/9/1995,"$400,000.00","$421,250.00",Spain,12/31/2024,New England Revolution,
Josh Bolma,Central Midfield,4/10/2002,"$89,716.00","$96,383.00",Ghana,,New England Revolution,
Ryan Spaulding ,Left Back,9/10/1998,"$89,716.00","$89,716.00",USA,12/31/2024,New England Revolution,
Dylan Borrero,Left Wing,1/5/2002,"$600,000.00","$663,962.00",Colombia,12/31/2024,New England Revolution,
Bobby Wood,Center Forward,11/15/1992,"$450,000.00","$471,250.00",USA,12/31/2024,New England Revolution,
Brandon Bye,Right Back,11/29/1995,"$375,000.00","$393,813.00",USA,12/31/2025,New England Revolution,
Malcolm Fry,Right Wing,5/15/2005,"$71,401.00","$76,961.00",USA,12/31/2026,New England Revolution,
Jack Panayotou,Attacking Midfield,6/5/2004,"$89,716.00","$91,716.00",USA,12/31/2026,New England Revolution,
Noel Buck,Central Midfield,4/5/2005,"$89,716.00","$89,716.00",USA & England,,New England Revolution,
Damian Rivera,Left Wing,12/8/2002,"$92,610.00","$92,610.00",USA,,New England Revolution,
Tanner Beason,Center Back,3/23/1997,"$300,000.00","$300,000.00",USA,12/31/2026,New England Revolution,
Alex Bono,Goalkeeper,4/25/1994,,,USA,12/31/2026,New England Revolution,
Leonardo Campana,Center Forward,7/24/2000,,,USA & Ecuador,12/31/2027,New England Revolution,
Nicolas Acevedo,Defensive Midfield,4/14/1999,"$300,000.00","$344,800.00",Uruguay,,NYCFC,
Kevin O'Toole,Left Back,12/14/1998,"$175,000.00","$195,833.00",USA,12/31/2025,NYCFC,
Alex Rando,Goalkeeper,4/15/2001,"$71,401.00","$71,401.00",USA,12/31/2025,NYCFC,
Agustin Ojeda,Left Wing,7/19/2004,"$480,000.00","$547,833.00",Argentina,12/31/2028,NYCFC,
Hannes Wolf,Left Wing,4/16/1999,"$1,400,000.00","$1,510,000.00",Austria,12/31/2027,NYCFC,
Tomas Romero,Goalkeeper,12/19/2000,"$71,401.00","$71,401.00",El Salvador & USA,12/31/2025,NYCFC,
Jovan Mijatovic,Center Forward,7/11/2005,"$650,000.00","$686,500.00",Serbia,12/31/2028,NYCFC,
Malachi Jones,Left Wing,9/23/2003,"$71,401.00","$71,401.00",Sierra Leon,12/31/2025,NYCFC,
Rio Hope-Gund,Center Back,8/20/1999,"$89,716.00","$89,716.00",USA,12/31/2024,NYCFC,
Strahinja Tanasijevic,Center Back,7/12/1997,"$240,000.00","$308,750.00",Yugoslavia,12/31/2025,NYCFC,
Keaton Parks,Defensive Midfield,8/6/1997,"$900,000.00","$1,030,000.00",USA,12/31/2026,NYCFC,
Zidane Yanez,Center Forward,1/26/2008,"$71,401.00","$75,568.00",USA & Chile,12/31/2028,NYCFC,
Matt Freese,Goalkeeper,9/2/1998,"$250,000.00","$270,000.00",USA,12/31/2026,NYCFC,
Maxi Moralez,Attacking Midfield,2/27/1987,"$480,000.00","$500,000.00",Argentina,12/31/2024,NYCFC,
Alonso Martinez,Right Wing,8/15/1998,"$300,000.00","$328,483.00",Costa Rica,12/31/2025,NYCFC,
Julian Fernandez,Right Wing,1/30/2004,"$564,000.00","$628,300.00",Argentina,12/31/2027,NYCFC,
Birk Risa,Center Back,2/13/1998,"$660,000.00","$749,750.00",Norway,12/31/2025,NYCFC,
Monsef Bakrar,Center Forward,1/13/2001,"$360,000.00","$456,720.00",Algeria,12/31/2026,NYCFC,
Drew Baiera,Right Back,2/28/2007,"$71,401.00","$77,337.00",USA & Italy,12/31/2027,NYCFC,
Tayvon Gray,Right Back,8/19/2002,"$350,000.00","$461,500.00",USA & Jamaica,12/31/2025,NYCFC,
James Sands,Defensive Midfield,7/6/2000,"$1,000,000.00","$1,058,333.00",USA,12/31/2027,NYCFC,
Santiago Rodriguez,Attacking Midfield,1/8/2000,"$1,200,000.00","$1,331,333.00",Uruguay,12/31/2027,NYCFC,
Jonathan Shore,Central Midfield,4/13/2007,"$71,401.00","$89,901.00",USA,12/31/2026,NYCFC,
Mitja Ilenic,Right Back,12/26/2004,"$240,000.00","$331,700.00",Slovenia,12/31/2026,NYCFC,
Christian McFarlane,Left Back,1/25/2007,"$89,716.00","$112,972.00",England,12/31/2026,NYCFC,
Andres Perea,Defensive Midfield,11/14/2000,"$575,000.00","$641,500.00",USA,12/31/2025,NYCFC,
Thiago Martins,Center Back,8/19/1988,"$2,000,000.00","$2,462,000.00",Brasil,12/31/2025,NYCFC,
Justin Haak,Central Midfield,9/12/2001,"$150,000.00","$165,000.00",USA,12/31/2025,NYCFC,
Luis Barranza,Goalkeeper,11/8/1996,"$165,000.00","$172,688.00",USA,,NYCFC,
Maximo Carrizo,Central Midfield,2/28/2008,"$89,716.00","$123,239.00",USA,12/31/2027,NYCFC,
Thiago Eduardo de Andrade,Left Wing,8/31/2000,"$200,000.00","$219,600.00",Brasil,,NYCFC,
Talles Magno Bacelar Martins,Left Wing,6/26/2002,"$950,000.00","$1,065,000.00",Brasil,,NYCFC,
Juan Mina,Right Back,7/27/2004,"$150,000.00","$165,432.00",,,NY Red Bulls,
AJ Marucci ,Goalkeeper,7/31/1999,"$110,000.00","$127,425.00",USA,,NY Red Bulls,
Mohammed Sofo,Center Forward,8/31/2004,"$120,000.00","$178,000.00",Ghana,12/31/2026,NY Red Bulls,
Felipe Carballo,Central Midfield,10/4/1996,"$1,020,000.00","$1,169,777.00",Uruguay,12/31/2025,NY Red Bulls,
Wikelman Carmona,Attacking Midfield,2/24/2003,"$165,000.00","$170,000.00",Venezuela,12/31/2027,NY Red Bulls,
John Tolkin,Left Back,7/31/2002,"$640,000.00","$720,800.00",USA,12/31/2027,NY Red Bulls,
Dennis Gjengaar,Right Wing,2/24/2004,"$340,000.00","$398,769.00",Norway,12/31/2027,NY Red Bulls,
Aiden O'Connor,Center Back,8/7/2001,"$71,401.00","$71,401.00",USA,12/31/2024,NY Red Bulls,
Noah Eile ,Center Back,3/2/2002,"$420,000.00","$47,200.00",Sweden,12/31/2027,NY Red Bulls,
Ronald Mitchell,Center Forward,1/13/2003,"$420,000.00","$473,200.00",USA,12/31/2026,NY Red Bulls,
Emil Forsberg,Left Wing,10/23/1991,"$5,405,000.00","$6,035,625.00",Sweden,12/31/2026,NY Red Bulls,
Daniel Edelman,Defensive Midfield,4/28/2003,"$385,000.00","$385,000.00",USA,12/31/2027,NY Red Bulls,
Dylan Nealis,Right Back,7/30/1998,"$247,500.00","$272,500.00",USA,12/31/2027,NY Red Bulls,
Andres Reyes,Center Back,9/8/1999,"$642,000.00","$717,000.00",Colombia,,NY Red Bulls,
Julian Hall,Center Forward,3/24/2008,"$100,000.00","$182,241.00",USA,12/31/2026,NY Red Bulls,
Davi Alexandre,Center Back,2/3/2007,"$71,401.00","$86,111.00",USA,12/31/2026,NY Red Bulls,
Ronald Donkor,Central Midfield,11/20/2004,"$130,000.00","$155,400.00",Ghana,12/31/2026,NY Red Bulls,
Aidan Stokes,Goalkeeper,1/14/2008,"$71,401.00","$88,169.00",England & Wales,12/31/2027,NY Red Bulls,
Elias Manoel Alves,Center Forward,11/2/2001,"$480,000.00","$557,250.00",Brasil,,NY Red Bulls,
Dante Vanzeir,Center Forward,4/16/1998,"$1,350,000.00","$1,489,767.00",Belgium,12/31/2026,NY Red Bulls,
Serge Ngoma Jr,Right Wing,7/9/2005,"$89,716.00","$109,668.00",USA,12/31/2027,NY Red Bulls,
Sean Nealis,Center Back,1/13/1997,"$450,000.00","$526,250.00",USA,12/31/2026,NY Red Bulls,
Kyle Duncan,Right Back,8/8/1997,"$500,000.00","$555,750.00",USA & Haiti,12/31/2025,NY Red Bulls,
Curtis Ofori,Left Back,11/20/2005,"$89,716.00","$98,466.00",USA,12/31/2025,NY Red Bulls,
Peter Stroud,Central Midfield,4/23/2002,"$89,716.00","$109,719.00",USA,12/31/2025,NY Red Bulls,
Ryan Meara,Central Midfield,11/15/1990,"$89,716.00","$109,719.00",USA & Ireland,12/31/2026,NY Red Bulls,
Lewis Morgan,Left Wing,9/30/1996,"$1,250,000.00","$1,381,250.00",Scotland,12/31/2025,NY Red Bulls,
Carlos Coronel,Goalkeeper ,12/29/1996,"$500,000.00","$549,649.00",Brasil & Paraguay ,12/31/2024,NY Red Bulls,
Cory Burke,Center Forward ,12/28/1991,"$500,000.00","$571,871.00",Jamaica,12/31/2024,NY Red Bulls,
Cameron Harper,Right Wing,11/19/2001,"$300,000.00","$351,250.00",USA & Scotland,12/31/2027,NY Red Bulls,
Omar Valencia,Left Back,6/9/2004,,,Panama,12/31/2027,NY Red Bulls,
Gaston Gonzalez,Left Wing,6/27/2001,"$360,000.00","$362,000.00",Argentina,,Orlando City,
Abdi Salim,Center Back,4/5/2000,"$71,401.00","$71,401.00",USA,12/31/2024,Orlando City,
Carlos Mercado,Goalkeeper,9/27/1999,"$71,401.00","$71,401.00",USA,12/31/2024,Orlando City,
Duncan McGuire,Center Forward,2/5/2001,"$825,000.00","$1,146,000.00",USA,12/31/2027,Orlando City,
Heine Gikling Bruseth,Central Midfield,4/6/2004,"$175,000.00","$217,471.00",Norway,,Orlando City,
Yutaro Tsukada,Left Wing,7/28/2001,"$71,401.00","$71,401.00",Japan,12/31/2025,Orlando City,
Dagur Dan Thorhallsson,Right Back,5/2/2000,"$300,000.00","$345,125.00",Iceland,12/31/2025,Orlando City,
Facundo Torres,Right Wing,4/13/2000,"$1,560,000.00","$1,812,400.00",Uruguay,12/31/2026,Orlando City,
Jeorgio Kocevski,Central Midfield,8/19/2002,"$71,401.00","$71,401.00",USA,12/31/2024,Orlando City,
Michael Halliday,Right Back,1/22/2003,"$200,000.00","$227,500.00",USA,12/31/2025,Orlando City,
Luis Muriel,Center Forward,4/16/1991,"$2,832,817.00","$4,336,150.00",Colombia,12/31/2026,Orlando City,
David Brekalo,Center Back,12/3/1998,"$600,000.00","$683,000.00",Slovenia,12/31/2027,Orlando City,
Nicolas Lodeiro,Attacking Midfield,3/21/1989,"$800,000.00","$800,000.00",Uruguay,12/31/2025,Orlando City,
Robin Jansson,Center Back,11/15/1991,"$850,000.00","$946,667.00",Sweden,12/31/2025,Orlando City,
Tahir Reid-Brown,Left Back,7/2/2006,"$71,401.00","$85,909.00",USA,12/31/2027,Orlando City,
Javier Otero,Goalkeeper,11/18/2002,"$71,401.00","$71,401.00",Venezuela,12/31/2025,Orlando City,
Pedro Gallese,Goalkeeper,2/23/1990,"$800,000.00","$1,089,333.00",Peru,12/31/2025,Orlando City,
Felipe Martins,Central Midfield ,9/30/1990,"$150,000.00","$150,000.00",Brasil,12/31/2024,Orlando City,
Cesar Araujo,Defensive Midfield ,4/2/2001,"$675,000.00","$714,000.00",Uruguay,12/31/2025,Orlando City,
Kyle Smith,Right Back,1/9/1992,"$290,000.00","$305,900.00",USA,12/31/2025,Orlando City,
Luca Petrasso,Left Back,6/16/2000,"$95,000.00","$104,024.00",Canada,12/31/2024,Orlando City,
Ivan Angulo,Left Wing,3/22/1999,"$500,004.00","$532,664.00",Colombia,12/31/2025,Orlando City,
Martin Ojeda,Left Wing,11/27/1998,"$900,000.00","$972,600.00",Argentina,12/31/2025,Orlando City,
Wilder Cartagena,Defensive Midfield,9/23/1994,"$480,000.00","$520,250.00",Peru,12/31/2025,Orlando City,
Rodrigo Schlegel,Center Back,4/3/1997,"$350,000.00","$399,250.00",Argentina,12/31/2025,Orlando City,
Alex Freeman,Right Back,8/9/2004,"$89,716.00","$93,716.00",USA,12/31/2025,Orlando City,
Thomas Williams,Center Back,8/15/2004,"$120,000.00","$126,530.00",USA,12/31/2025,Orlando City,
Mason Stajduhar,Goalkeeper,12/2/1997,"$142,000.00","$157,650.00",USA,12/31/2025,Orlando City,
Ramiro Enrique,Center Forward,5/4/2001,"$340,909.00","$398,636.00",Argentina,12/31/2024,Orlando City,
Jack Lynn,Center Forward,1/12/2000,"$89,716.00","$89,716.00",USA,12/31/2025,Orlando City,
Rafael Lucas Cardoso dos Santos,Left Back,2/5/1998,"$324,996.00","$351,184.00",Brasil,12/31/2025,Orlando City,
Favian Loyola,Right Wing,5/18/2005,"$71,401.00","$73,536.00",USA,12/31/2025,Orlando City,
Shark Mohammed,Right Wing,8/27/2003,"$89,716.00","$95,716.00",,12/31/2025,Orlando City,
Joaquin Torres,Right Wing,1/28/1997,"$300,000.00","$349,800.00",Argentina,,Philadelphia Union,
Nelson Pierre,Center Forward,3/22/2005,"$71,401.00","$85,517.00",USA,12/31/2026,Philadelphia Union,
Matt Real,Left Back,7/10/1999,"$155,000.00","$171,500.00",USA,12/31/2024,Philadelphia Union,
Brandan Craig,Center Back,4/7/2004,"$160,000.00","$172,825.00",USA,,Philadelphia Union,
Danley Jean Jacques,Defensive Midfield,5/20/2000,"$550,000.00","$602,100.00",Haiti,12/31/2026,Philadelphia Union,
CJ Olney Jr,Left Midfield,12/16/2006,"$71,401.00","$85,066.00",USA,12/31/2028,Philadelphia Union,
Andre Blake,Goalkeeper,11/21/1990,"$800,000.00","$981,250.00",Jamaica,12/31/2026,Philadelphia Union,
Cavan Sullivan,Attacking Midfield,9/28/2009,"$200,000.00","$364,000.00",USA,12/31/2028,Philadelphia Union,
Andrew Rick,Goalkeeper,1/30/2006,"$71,401.00","$81,316.00",USA,12/31/2028,Philadelphia Union,
David Vasquez,Left Wing,2/22/2006,"$71,401.00","$87,281.00",USA,12/31/2027,Philadelphia Union,
Oliver Semmle,Goalkeeper,9/18/1998,"$89,716.00","$106,040.00",Germany,12/31/2025,Philadelphia Union,
Jamir Berdecio,Right Back,8/12/2002,"$89,716.00","$97,910.00",Bolivia,12/31/2024,Philadelphia Union,
Nick Pariano,Attacking Midfield,3/16/2003,"$71,401.00","$76,594.00",USA,12/31/2025,Philadelphia Union,
Markus Anderson,Left Wing,12/11/2003,"$100,000.00","$102,000.00",USA,12/31/2026,Philadelphia Union,
Alejandro Bedoya,Central Midfield,4/29/1987,"$324,996.00","$389,996.00",USA,12/31/2025,Philadelphia Union,
Kai Wagner,Left Back,2/15/1997,"$875,000.00","$1,032,500.00",Germany,12/31/2026,Philadelphia Union,
Chris Donovan,Center Forward,8/8/2000,"$89,716.00","$109,872.00",USA,12/31/2025,Philadelphia Union,
Isaiah LeFlore,Left Back,12/11/2002,"$71,401.00","$80,764.00",USA,12/31/2025,Philadelphia Union,
Jesus Bueno,Defensive Midifled,4/15/1999,"$280,000.00","$312,625.00",Venezuela,12/31/2026,Philadelphia Union,
Tai Baribo,Center Forward,1/15/1998,"$650,000.00","$760,000.00",Israel,12/31/2025,Philadelphia Union,
Olwethu Makhanya,Center Back,4/30/2004,"$225,000.00","$263,875.00",South Africa,12/31/2025,Philadelphia Union,
Daniel Gazdag,Attacking Midfield,3/2/1996,"$1,600,000.00","$1,757,500.00",Hungary,12/31/2025,Philadelphia Union,
Nathan Harriel ,Right Back,4/23/2001,"$240,000.00","$262,050.00",USA,12/31/2025,Philadelphia Union,
Jakob Glesnes,Center Back,3/25/1994,"$1,000,000.00","$1,138,125.00",Norway,12/31/2025,Philadelphia Union,
Mikael Uhre,Center Forward,9/30/1994,"$1,800,000.00","$2,040,000.00",Denmark,12/31/2025,Philadelphia Union,
Leon Flach,Central Midfield,2/28/2001,"$300,000.00","$314,500.00",USA & Germany,12/31/2024,Philadelphia Union,
Jack McGlynn,Central Midfield,7/7/2003,"$200,000.00","$226,533.00",USA,12/31/2025,Philadelphia Union,
Oliver Mbaizo,Right Back,8/15/1997,"$350,000.00","$423,589.00",Cameroon,12/31/2026,Philadelphia Union,
Samuel Adeniran,Center Forward,9/30/1998,"$93,988.00","$93,988.00",USA,,Philadelphia Union,
Jack Elliot,Center Back,8/25/1995,"$800,000.00","$893,750.00",England,,Philadelphia Union,
Jeremy Rafanello,Attacking Midfield,4/14/2000,"$100,000.00","$107,636.00",USA,12/31/2026,Philadelphia Union,
Quinn Sullivan,Center Forward,3/27/2004,"$150,000.00","$153,500.00",USA,12/31/2027,Philadelphia Union,
Hunter Sulte,Goalkeeper,4/25/2002,"$89,716.00","$93,519.00",USA,12/31/2025,Portland Timbers,
Zac McGraw,Center Back,6/8/1997,"$150,000.00","$196,750.00",USA,12/31/2025,Portland Timbers,
Finn Surman,Center Back,2/12/2004,"$175,200","$202,183.00",New Zealand,12/31/2026,Portland Timbers,
Jonathan Rodriguez,Center Forward,7/9/1999,"$1,775,000.00","$2,627,500.00",Uruguay,12/31/2026,Portland Timbers,
Juan Mosquera,Right Back,9/5/2002,"$225,000.00","$291,650.00",Colombia,12/31/2027,Portland Timbers,
Trey Muse,Goalkeeper,7/26/1999,"$89,716.00","$89,716.00",USA,12/31/2025,Portland Timbers,
Maxine Crepeau,Goalkeeper,5/11/1994,"$555,000.00","$618,333.00",Canada,12/31/2025,Portland Timbers,
Santiago Moreno,Right Wing,4/21/2000,"$550,000.00","$607,500.00",Colombia,12/31/2026,Portland Timbers,
Eric Miller,Right Back,1/15/1993,"$89,716.00","$89,716.00",USA,12/31/2025,Portland Timbers,
James Pantemis,Goalkeeper,2/21/1997,"$125,000.00","$145,833.00",Canada ,12/31/2025,Portland Timbers,
Kamal Miller,Center Back,5/16/1997,"$742,500.00","$767,500.00",Canada,12/31/2026,Portland Timbers,
Antony Alves Santos,Left Wing,3/5/2004,"$425,000.00","$490,042.00",Brasil,12/31/2026,Portland Timbers,
Miguel Araujo,Center Back,10/24/1994,"$550,000.00","$705,313.00",Peru,12/31/2025,Portland Timbers,
Felipe Mora,Center Forward,8/2/1993,"$1,275,000.00","$1,472,750.00",Chile,12/31/2025,Portland Timbers,
Cristhian Paredes,Central Midfield,5/18/1998,"$580,000.00","$678,000.00",Paraguay,12/31/2025,Portland Timbers,
Claudio Bravo,Left Back,3/13/1997,"$325,000.00","$381,654.00",Argentina,12/31/2026,Portland Timbers,
Dario Zuparic,Center Back,5/3/1992,"$735,000.00","$907,950.00",Croatia,12/31/2025,Portland Timbers,
Mason Toye,Center Forward,10/16/1998,"$600,000.00","$658,000.00",USA,12/31/2024,Portland Timbers,
Eryk Williamson,Central Midfield,6/11/1997,"$675,000.00","$675,000.00",USA,12/31/2025,Portland Timbers,
Tega Ikoba,Center Forward,10/25/2003,"$104,000.00","$104,000.00",USA,12/31/2024,Portland Timbers,
David Ayala,Defensive Midfield,7/26/2002,"$400,000.00","$452,000.00",Argentina,12/31/2025,Portland Timbers,
Marvin Loria,Right Wing,4/24/1997,"$250,000.00","$289,375.00",Costa Rica,12/31/2024,Portland Timbers,
Diego Chara,Central Midfield,4/5/1986,"$500,000.00","$508,333.00",Colombia,12/31/2025,Portland Timbers,
Evander da Silva,Attacking Midfield,6/9/1998,"$1,930,000.00","$2,355,000.00",Brasil,12/31/2026,Portland Timbers,
Ariel Lassiter,Left Wing,9/27/1994,,,USA & Costa Rica,12/31/2026,Portland Timbers,
Delentz Pierre,Center Back,10/28/2002,"$71,401.00","$76,836.00",Haiti,12/31/2024,RSL,
Jude Wellings ,Central Midfield,4/26/2006,"$110,000.00","$130,000.00",USA,,RSL,
Matthew Bell,Left Wing,8/7/2002,"$71,401.00","$71,847.00",USA,12/31/2024,RSL,
Ilijah Paul,Center Forward,7/26/2002,"$89,716.00","$97,229.00",USA,,RSL,
Tomas Gomez,Goalkeeper,5/20/1993,"$89,716.00","$89,716.00",USA,12/31/2024,RSL,
Bertin Jacquesson,Right Wing,11/30/2001,"$89,716.00","$96,042.00",France,12/31/2024,RSL,
Rubio Rubin,Center Forward,3/1/1996,"$626,400.00","$699,247.00",USA & Guatemala,,RSL,
Dominik Marczuk,Right Wing,11/1/2003,"$600,000.00","$675,000.00",Poland,12/31/2027,RSL,
Diego Goncalves,Central Midfield,2/6/1997,"$1,650,000.00","$1,797,108.00",Portugal,12/31/2026,RSL,
Benji Michel,Left Wing,10/23/1997,"$185,000.00","$209,667.00",USA & Haiti,12/31/2024,RSL,
Lachlan Brook,Right Wing,2/8/2001,"$252,000.00","$274,883.00",Australia,12/31/2025,RSL,
Noel Caliskan ,Central Midfield,8/29/2000,"$89,716.00","$89,716.00",Germany,12/31/2025,RSL,
Pablo Ruiz,Central Midfield,12/20/1998,"$825,000.00","$911,500.00",Argentina,12/31/2026,RSL,
Diego Luna,Left Midfiled,9/3/2003,"$400,000.00","$448,833.00",USA,12/31/2026,RSL,
Matt Crooks,Attacking Midfiled,1/20/1994,"$1,000,000.00","$1,000,000.00",England,12/31/2026,RSL,
Alexandros Katranis,Left Back,5/4/1998,"$400,000.00","$469,875.00",Greece,12/31/2025,RSL,
Tommy SIlva,Left Back,2/21/2002,"$71,401.00","$77,383.00",USA,12/31/2025,RSL,
Kevin Bonilla,Right Back,9/20/2001,"$71,401.00","$71,401.00",USA,12/31/2024,RSL,
Justen Glad,Center Back,2/28/1997,"$1,150,000.00","$1,330,000.00",USA,12/31/2026,RSL,
Nelson Palacio,Central Midfield,6/16/2001,"$330,000.00","$373,167.00",Colombia,12/31/2026,RSL,
Cristian Arango,Center Forward,3/9/1995,"$1,899,996.00","$2,088,746.00",Colombia,12/31/2025,RSL,
Emeka Eneli,Defensive Midfield,10/18/1999,"$89,716.00","$89,716.00",Nigeria,12/31/2028,RSL,
Luca Moisa ,Central Midfield,4/20/2008,"$71,401.00","$71,401",USA,12/31/2027,RSL,
Zavier Gozo,Center Forward,3/27/2007,"$71,401.00","$84,124.00",USA,12/31/2027,RSL,
Luis Rivera,Left Back,12/1/2007,"$89,716.00","$100,816.00",USA,12/31/2026,RSL,
Jaziel Orozco,Defensive Midfield,7/2/2004,"$89,716.00","$89,716.01",USA & Mexico,12/31/2024,RSL,
Brayan Vera,Center Back,1/15/1999,"$475,000.00","$532,000.00",Colombia,12/31/2025,RSL,
Philip Quinton,Center Back,11/16/1999,"$89,716.00","$89,716.00",USA,12/31/2025,RSL,
Zac MacMath,Goalkeeper,8/7/1991,"$350,000.00","$350,000.00",USA,12/31/2024,RSL,
Erik Holt,Center Back,9/6/1996,"$225,000.00","$243,750.00",USA,12/31/2024,RSL,
Braian Ojeda,Central Midfield,6/27/2000,"$600,000.00","$658,653.00",Paraguay,12/31/2025,RSL,
Zack Farnsworth,Left Back,7/13/2002,"$125,000.00","$139,750.00",USA,12/31/2024,RSL,
Bode Hidalgo,Right Back ,2/22/2002,"$125,000.00","$129,294.00",USA,12/31/2027,RSL,
Marcelo Silva,Center Back,3/21/1989,"$400,000.00","$400,000.00",Uruguay ,12/31/2024,RSL,
Maikel Chang,Right Wing,4/18/1991,"$195,000.00","$218,688.00",Cuba,12/31/2024,RSL,
Gavin Beavers,Goalkeeper,4/29/2005,"$120,000.00","$125,583.00",USA,12/31/2025,RSL,
Javain Brown,Right Back ,3/9/1999,"$205,000.00","$218,688.00",Jamaica,12/31/2025,RSL,
Andrew Brody,Left Back,5/3/1995,"$275,000.00","$300,678.00",USA,12/31/2024,RSL,
Axel Kei,Center Forward,12/30/2007,"$110,000.00","$126,000.00",USA & Ivory Coast,12/31/2025,RSL,
Kevon Lambert,Defensive Midfield,3/22/1997,"$189,000.00","$198,150.00",Jamaica,12/31/0202,RSL,
Elias Manoel,Center Forward,11/30/2001,,,Brasil,12/31/2025,RSL,
Sam Junqua,Left Back,11/9/1996,,,USA,12/31/2025,RSL,
Forster Ajago,Center Forward,8/16/2001,,,Ghana,12/31/2025,RSL,
Tyler Wolff,Right Wing,2/13/2003,,,USA,12/31/2026,RSL,
Hernan Lopez,Attacking Midfield,9/7/2000,"$850,000.00","$1,020,000.00",Argentina,12/31/2026,San Jose Earthquakes,
Jamar Ricketts,Left Back,5/20/2003,"$71,401.00","$72,988.00",Canada,12/31/2025,San Jose Earthquakes,
Amahl Pellegrino,Left Wing,6/18/1990,"$850,000.00","$912,500.00",Norway,12/31/2025,San Jose Earthquakes,
Bruno Wilson,Center Back,12/27/1996,"$1,000,000.00","$1,118,333.00",Portugal,12/31/2025,San Jose Earthquakes,
Alfredo Morales,Central Midfield,5/12/1990,"$300,000.00","$335,500.00",USA,12/31/2024,San Jose Earthquakes,
Jack Skahan,Central Midfield,2/7/1998,"$150,000.00","$150,000.00",USA,12/31/2025,San Jose Earthquakes,
Vitor Costa,Left Back,9/1/1994,"$350,000.00","$388,333.00",Brasil,12/31/2025,San Jose Earthquakes,
William Yarbrough,Goalkeeper,3/20/1989,"$385,000.00","$385,000.00",USA & Mexico,12/31/2024,San Jose Earthquakes,
Tommy Thompson,Right Back,8/15/1995,"$89,716.00","$89,716.00",USA,12/31/2024,San Jose Earthquakes,
Benjamin Kikanovic,Left Wing,1/6/2000,"$292,000.00","$328,700.00",USA,12/31/2026,San Jose Earthquakes,
Chance Cowell,Left Wing,5/14/2008,"$71,401.00","$71,401.00",USA,12/31/2027,San Jose Earthquakes,
Paul Marie,Right Back,3/24/1995,"$300,000.00","$332,500.00",France,12/31/2026,San Jose Earthquakes,
Cristian Espinoza,Right Wing,4/3/1995,"$1,820,000.00","$2,002,000.00",Argentina,12/31/2025,San Jose Earthquakes,
Will Richmond,Center Back,12/3/1999,"$89,716.00","$89,716.00",USA,12/31/2024,San Jose Earthquakes,
Casey Walls,Center Back,1/10/2003,"$200,000.00","$203,000.00",USA,12/31/2024,San Jose Earthquakes,
Daniel Munie ,Center Back,3/21/2000,"$71,401.00","$71,401.00",USA,12/31/2025,San Jose Earthquakes,
Ousseni Bouda,Left Wing,4/28/2000,"$125,000.00","$127,500.00",Burkina Faso,12/31/2025,San Jose Earthquakes,
Carlos Gruezo,Defensive Midfield,4/19/1995,"$1,460,000.00","$1,681,086.00",Ecuador,12/31/2025,San Jose Earthquakes,
Niko Tsakiris,Central Midfield,6/19/2005,"$110,000.00","$114,167.00",USA,12/31/2025,San Jose Earthquakes,
Jacob Jackson,Goalkeeper,5/19/1999,"$89,716.00","$89,716.00",USA,,San Jose Earthquakes,
Antonio Josenildo Rodrigues ,Center Back,1/27/1998,"$650,000.00","$708,000.00",Brasil,12/31/2024,San Jose Earthquakes,
Carlos Akapo,Right Back,3/12/1993,"$550,000.00","$595,111.00",Equatorial Guinea,12/31/2024,San Jose Earthquakes,
JT Marcinkowski,Goalkeeper,5/9/1997,"$400,000.00","$400,000.00",USA,12/31/2024,San Jose Earthquakes,
Preston Judd,Center Forward,5/28/1999,"$89,716.00","$89,716.00",USA,12/31/2026,San Jose Earthquakes,
Daniel de Sousa Britto ,Goalkeeper,5/24/1995,"$425,000.00","$425,000.00",Brasil,12/31/2025,San Jose Earthquakes,
Jeremy Ebobisse,Center Forward,2/14/1997,"$859,478.00","$1,005,361.00",USA & Senegal,12/31/2027,San Jose Earthquakes,
Michael Baldisimo,Defensive Midfield,4/13/2000,"$105,000.00","$105,000.00",Canada,12/31/2024,San Jose Earthquakes,
Oscar Verhoeven,Right Back,1/29/2007,"$89,716.00","$103,111.00",USA,12/31/2024,San Jose Earthquakes,
Edwyn Mendoza,Defensive Midfield,2/26/2005,"$71,401.00","$83,841.00",USA,12/31/2024,San Jose Earthquakes,
Emmanuel Ochoa,Goalkeeper,5/5/2005,"$160,000.00","$170,071.00",USA,12/31/2024,San Jose Earthquakes,
Cruz Medina,Central Midfield,5/18/2006,"$110,000.00","$128,394.00",USA,,San Jose Earthquakes,
Mark-Anthony Kaye,Central Midfield,12/2/1994,,,Canada,12/31/2025,San Jose Earthquakes,
Dave Romney,Center Back,6/12/1993,,,USA,12/31/2025,San Jose Earthquakes,
Ian Harkes,Central Midfield,3/30/1995,,,USA,12/31/2025,San Jose Earthquakes,
Max Floriani,Center Back,2/6/2003,,,USA,12/31/2025,San Jose Earthquakes,
Nick Lima,Right Back,11/17/1994,,,USA,12/31/2026,San Jose Earthquakes,
Jackson Ragen ,Center Back,9/24/1998,"$98,261.00","$108,261.00",USA,12/31/2027,Seattle Sounders,
Georgi Minoungou,Right Midfield,7/25/2002,"$89,716.00","$89,716.00",Ivory Coast,12/31/2002,Seattle Sounders,
Andrew Thomas,Goalkeeper,9/1/1998,"$150,000.00","$150,000.00",Russia,12/31/2027,Seattle Sounders,
Braudilio Rodrigues,Left Wing,11/15/1999,"$89,716.00","$89,716.00",Guinea-Bissau,12/31/2025,Seattle Sounders,
Danny Musovski,Center Forward,11/30/1995,"$359,091.00","$389,394.00",USA,12/31/2025,Seattle Sounders,
Yeimar Gomez,Center Back,6/30/1992,"$750,000.00","$832,500.00",Colombia,12/31/2024,Seattle Sounders,
Pedro de la Vega,Right Wing,2/7/2001,"$785,000.00","$1,164,000.00",Argentina,12/31/2027,Seattle Sounders,
Jon Bell,Center Back,8/26/1997,"$100,444.00","$100,444.00",USA & Jamaica,12/31/2025,Seattle Sounders,
Josh Atencio,Defensive Midfield,1/31/2002,"$350,000.00","$350,000.00",USA,12/31/2027,Seattle Sounders,
Alex Roldan,Right Back,7/28/1996,"$465,000.00","$465,000.00",USA & El Salvador,12/31/2026,Seattle Sounders,
Stefan Frei,Goalkeeper,4/20/1986,"$600,000.00","$600,000.00",Switzerland,12/31/2025,Seattle Sounders,
Stuart Hawkins,Center Back,9/18/2006,"$71,401.00","$83,422.00",USA,12/31/2026,Seattle Sounders,
Paul Rothrock,Center Forward,1/9/1999,"$89,716.00","$89,716.00",USA,12/31/2025,Seattle Sounders,
Cody Baker ,Right Back,1/7/2004,"$89,716.00","$95,420.00",USA,12/31/2026,Seattle Sounders,
Nouhou Tolo,Left Back,6/23/1997,"$550,000.00","$571,875.00",Cameroon,12/31/2025,Seattle Sounders,
Joao Paulo Mior,Central Midfield,3/8/1991,"$1,400,000.00","$1,483,333.00",Brasil,12/31/2024,Seattle Sounders,
Obed Vargas,Central Midfield,8/5/2005,"$89,716.00","$98,748.00",USA & Mexico,12/31/2025,Seattle Sounders,
Cristian Roldan,Central Midfield,6/3/1995,"$1,420,000.00","$1,541,000.00",USA,12/31/2027,Seattle Sounders,
Jordan Morris,Left Wing,10/26/1994,"$1,683,750.00","$1,683,750.00",USA,12/31/2027,Seattle Sounders,
Reed Baker-Whiting,Central Midfield,3/31/2005,"$100,000.00","$120,000.00",USA,12/31/2025,Seattle Sounders,
Albert Rusnak,Attacking Midfield,7/7/1994,"$2,150,000.00","$2,221,667.00",Slovakia,12/31/2024,Seattle Sounders,
Leo Burney,Center Back,11/2/2001,,,USA,12/31/2025,Seattle Sounders,
Danny Leyva,Defensive Midfield,5/5/2003,"$235,000.00","$259,900.00",USA,12/31/2026,Seattle Sounders,
Jacob Castro,Goalkeeper,12/18/1999,"$89,716.00","$89,716.00",USA,12/31/2025,Seattle Sounders,
Travian Sousa,Left Back,9/19/2001,,,USA & Portugal,12/31/2025,Seattle Sounders,
Leonardo Alves,Left Wing,4/6/2000,"$550,000.00","$550,000.00",Brasil,12/31/2025,Seattle Sounders,
Ozzie Cisneros,Central Midfiled ,12/13/2003,"$89,716.00","$92,716.00",USA,,Sporting KC,
Joaquin Fernandez,Center Back,6/19/1996,"$1,000,000.00","$1,000,000.00",Spain,12/31/2025,Sporting KC,
Ryan Schewe,Goalkeeper,1/15/2002,"$71,401.00","$71,401.00",USA,12/31/2025,Sporting KC,
Memo Rodriguez,Left Midfield,12/27/1995,"$89,716","$100,682.00",USA,,Sporting KC,
Alenis Vargas,Right Wing,1/21/2002,"$71,401.00","$71,401.00",Honduras,12/31/2026,Sporting KC,
Zorhan Bassong,Left Back,5/7/1999,"$89,716.00","$99,953.00",Canada,12/31/2025,Sporting KC,
Alan Pulido,Center Forward,3/8/1999,"$3,600,000.00","$3,866,667.00",Mexico,12/31/2026,Sporting KC,
Nemanja Radoja,Defensive Midfield,2/6/1993,"$1,440,000.00","$1,530,000.00",Serbia,12/31/2025,Sporting KC,
John Pulskamp,Goalkeeper,4/19/2001,"$200,000.00","$223,500.00",USA,12/31/2025,Sporting KC,
Khiry Shelton,Center Forward,6/26/1993,"$700,000.00","$750,000.00",USA,12/31/2025,Sporting KC,
Dany Rosero ,Center Back,10/6/1993,"$510,000.00","$510,000.00",Colombia,12/31/2025,Sporting KC,
Stephen Afrifa ,Center Forward,1/23/2000,"$71,401","$71,401.00",Canada,12/31/2025,Sporting KC,
Danny Flores,Central Midfield,2/14/2002,"$71,401.00","$71,401.00",USA,12/31/2024,Sporting KC,
Chris Rindov,Center Back ,10/8/2001,"$71,401.00","$71,401.00",USA,12/31/2024,Sporting KC,
Tim Leibold,Left Back,11/30/1993,"$600,000.00","$601,050.00",Germany,12/31/2025,Sporting KC,
Remi Walter,Central Midfield,4/26/1995,"$900,000.00","$900,000.00",France,12/31/2024,Sporting KC,
Robert Castellanos,Center Back,5/11/1998,"$115,000.00","$115,000.00",USA,12/31/2024,Sporting KC,
Robert Voloder,Center Back,5/9/2000,"$450,000.00","$477,860.00",Germany,12/31/2025,Sporting KC,
Logan Ndenbe,Left Back,2/9/2000,"$400,000.00","$405,000.00",Belgium,12/31/2025,Sporting KC,
Daniel Salloi ,Left Wing,7/19/1996,"$1,300,000.00","$1,300,000.00",Hungary,12/31/2026,Sporting KC,
Erik Thommy,Attacking Midfield,8/20/1994,"$1,000,000.00","$1,106,250.00",Germany,12/31/2024,Sporting KC,
Willy Agada,Center Forward,9/17/1999,"$475,000.00","$521,875.00",Nigeria,12/31/2025,Sporting KC,
Johnny Russell ,Right Wing,4/8/1990,"$1,000,000.00","$1,000,000.00",Scotland,12/31/2024,Sporting KC,
Tim Melia ,Goalkeeper,5/15/1986,"$625,000.00","$637,500.00",USA,12/31/2024,Sporting KC,
Jake Davis,Right Back,1/3/2002,"$120,000.00","$120,000.00",USA,12/31/2024,Sporting KC,
Andreu Fontas,Center Back,11/14/1989,"$450,000.00","$450,000.00",Spain,12/31/2024,Sporting KC,
Ian James,Center Back,2/22/2003,"$71,401.00","$75,999.00",USA,12/31/2027,Sporting KC,
Jack Kortkamp,Goalkeeper,1/26/2008,,,,12/31/2027,Sporting KC,
Miguel Perez,Central Midfield,4/28/2005,"$71,401.00","$71,401.00",USA,12/31/2025,Stl City,
Njabulo Blom,Defensive Midfield,12/11/1999,"$300,000.00","$392,250.00",South Africa,,Stl City,
Joshua Yaro,Center Back,11/18/1994,"$89,716.00","$109,216.00",Ghana,12/31/2025,Stl City,
Simon Becher,Center Forward,7/20/1999,"$138,000.00","$159,273.00",USA,12/31/2025,Stl City,
Jannes Horn,Center Back,2/6/1997,"$318,000.00","$324,667.00",Germany,12/31/2024,Stl City,
Jayden Reid ,Left Back,8/30/2001,"$71,401.00","$71,401.00",USA,12/31/2025,Stl City,
Michael Wentzel,Center Back,4/10/2002,"$71,401.00","$71,401.00",USA,12/31/2025,Stl City,
Marcel Hartel ,Central Midfield,1/19/1996,"$1,797,600.00","$2,183,113.00",Germany,12/31/2028,Stl City,
Johnny Klein,Right Midfield,11/7/1999,"$89,716.00","$89,716.00",USA,12/31/2024,Stl City,
Jake Girdwood-Reich,Defensive Midfield,5/26/2004,"$266,200.00","$304,977.00",Australia,12/31/2027,Stl City,
Cedric Teuchert,Center Forward,1/14/1997,"$950,000.00","$1,092,500.00",Germany,12/31/2026,Stl City,
Celio Antonio Pompeu ,Left Wing,12/10/1999,"$164,095.00","$198,989.00",Brasil,12/31/2026,Stl City,
Christian Olivares ,Goalkeeper,2/4/2002,"$71,401.00","$71,401.00",USA,12/31/2025,Stl City,
Tomas Totland,Right Back,9/28/1999,"$273,000.00","$314,763",Norway,12/31/2026,Stl City,
Henry Kessler,Center Back,6/25/1998,"$1,000,000.00","$1,033,333.00",USA,12/31/2025,Stl City,
Kyle Hiebert,Center Back,7/30/1997,"$159,996.00","$188,996.00",Canada,12/31/2026,Stl City,
Tyson Pearce,Right Back,8/12/2007,"$71,401.00","$71,401.00",USA,12/31/2027,Stl City,
Nokkvi Thorisson,Left Wing,8/13/1999,"$180,000.00","$202,438.00",Iceland,12/31/2025,Stl City,
Akil Watts,Right Back,2/4/2000,"$74,096.00","$74,096.00",USA,12/31/2025,Stl City,
Tomas Ostrak ,Attacking Midfield,2/5/2000,"$700,000.00","$801,000.00",Czech Republic,12/31/2025,Stl City,
Selmir Pidro ,Left Back,3/3/1998,"$325,000.00","$374,375.00",Bosnia,12/31/2025,Stl City,
Joakim Nilsson,Center Back,2/6/1994,"$1,135,000.00","$1,203,500.00",Sweden,12/31/2026,Stl City,
Ben Lundt,Goalkeeper,9/24/1995,"$125,000.00","$137,833.00",Germany,12/31/2025,Stl City,
Eduard Lowen,Central Midfield,1/28/1997,"$1,200,000.00","$1,344,250.00",Germany,12/31/2026,Stl City,
Caden Glover,Center Forward,3/8/2007,"$89,716.00","$94,716.00",USA,12/31/2027,Stl City,
Jake Nerwinski,Right Back,10/17/1994,"$250,000.00","$277,500.00",USA,12/31/2024,Stl City,
Indiana Vassilev,Attacking Midfield,2/16/2001,"$270,000.00","$301,750.00",Bulgaria & USA,12/31/2025,Stl City,
Rasmus Alm,Right Wing,8/17/1995,"$265,500.00","$329,925.00",Sweden,12/31/2025,Stl City,
Chris Durkin,Defensive Midfield,2/8/2000,"$450,000.00","$495,000.00",USA,12/31/2025,Stl City,
Roman Burki,Goalkeeper,11/14/1990,"$1,525,000.00","$1,657,469.00",Switzerland,12/31/2025,Stl City,
Joao Klauss de Mello,Center Forward,3/1/1997,"$1,230,000.00","$1,370,284.00",Brasil & Italy,12/31/2025,Stl City,
Luke Singh,Center Back,9/12/2000,"$140,000.00","$147,966.00",Canada,12/31/2024,Toronto FC,
Hugo Mbongue,Center Forward,7/27/2004,"$89,716.00","$101,143.00",Canada,12/31/2025,Toronto FC,
Charlie Sharp,Midifielder,6/23/2001,"$71,401.00","$71,401.00",USA,12/31/2025,Toronto FC,
Nathaniel Edwards,Midifielder,10/18/2002,"$71,401.00","$77,383.00",Canada,12/31/2025,Toronto FC,
Henry Wingo,Right Back,10/4/1995,"$450,000.00","$521,031.00",USA,12/31/2026,Toronto FC,
Jonathan Osorio,Central Midfield,6/12/1992,"$788,036.00","$836,369.00",Canada,12/31/2025,Toronto FC,
Matty Longstaff,Central Midfield,3/21/2000,"$197,000.00","$216,378.00",England,12/31/2025,Toronto FC,
Nicksoen Gomis,Center Back,3/15/2002,"$71,401.00","$71,401.00",France,12/31/2025,Toronto FC,
Kevin Long,Center Back,8/18/1990,"$250,000.00","$277,500.00",Ireland,12/31/2025,Toronto FC,
Adam Pearlman,Center Back,4/5/2005,"$71,401.00","$84,701.00",Canada & South Africa,12/31/2027,Toronto FC,
Richie Laryea,Right Back,1/7/1995,"$990,000.00","$1,329,438.00",Canada,12/31/2026,Toronto FC,
Deybi Flores,Defensive Midfield,6/16/1996,"$400,000.00","$456,667.00",Honduras,12/31/2025,Toronto FC,
Tyrese Spicer,Left Wing,12/4/2000,"$71,401.00","$73,901.00",Trinidad & Tobago,12/31/2025,Toronto FC,
Greg Ranjitsingh,Goalkeeper,7/18/1993,"$94,202.00","$94,202.00",Trinidad & Tobago,12/31/2024,Toronto FC,
Luke Gavran,Goalkeeper,5/9/2000,"$71,401.00","$74,868.00",USA,12/31/2025,Toronto FC,
Prince Osei Owusu,Center Forward,1/7/1997,"$700,000.00","$807,500.00",Ghana,12/31/2024,Toronto FC,
Alonso Coello,Defensive Midifeld,10/12/1999,"$89,716.00","$94,049.00",Spain,12/31/2025,Toronto FC,
Shane O'Neill,Center Back,9/2/1993,"$375,000.00","$413,000.00",USA,12/31/2024,Toronto FC,
Kobe Franklin,Right Back,5/10/2003,"$89,716.00","$100,518.00",Canasa,12/31/2025,Toronto FC,
Sigurd Rosted,Center Back,7/22/1994,"$750,000.00","$755,000.00",Norway,12/31/2025,Toronto FC,
Brandon Servania,Central Midfield,3/12/1999,"$550,000.00","$602,708.00",USA,12/31/2024,Toronto FC,
Raoul Petretta,Left Back,3/24/1997,"$675,000.00","$754,750.00",Italy,12/31/2025,Toronto FC,
Kosi Thompson,Right Midfield,1/27/2003,"$95,000.00","$100,260.00",Canada,12/31/2025,Toronto FC,
Federico Bernardeschi,Right Wing,2/16/1994,"$3,125,000.00","$6,295,381.00",Italy,12/31/2026,Toronto FC,
Lorenzo Insigne,Left Wing,6/4/1991,"$7,500,000.00","$15,400,000.00",Italy,12/31/2026,Toronto FC,
Derrick Etienne Jr,Left Wing,11/25/1996,"$710,062.00","$710,062.00",Haiti,12/31/2025,Toronto FC,
Aime Mabika,Center Back,10/16/1998,"$125,000.00","$133,125.00",Zambia,12/31/2024,Toronto FC,
Sean Johnson,Goalkeeper,5/31/1989,"$426,039.00","$703,301.00",USA,12/31/2025,Toronto FC,
Deandre Kerr,Right Wing,11/29/2002,"$100,000.00","$105,319.00",Canada,12/31/2025,Toronto FC,
Cassius Mailula,Right Wing,6/12/2001,"$300,000.00","$316,003.00",South Africa,7/31/2026,Toronto FC,
Lazar Stefanovic,Center Back,1/15/2005,"$71,401.00","$83,307.00",Canada,12/31/2024,Toronto FC,
JC Ngando,Defensive Midfield,11/20/1999,"$89,716.00","$107,715.00",USA,12/31/2025,Vanouver Whitecaps,
Nicolas Fleauriau Chateau,Midfielder,5/21/2002,"$71,401.00","$71,401.00",USA,12/31/2025,Vanouver Whitecaps,
Jeevan Badwal,Central Midfield,3/11/2006,"$71,401.00","$71,401.00",Canada and India,12/31/2027,Vanouver Whitecaps,
Stuart Armstrong,Central Midfield,3/30/1992,"$2,499,996.00","$2,977,774.00",Scotland,12/31/2026,Vanouver Whitecaps,
Edier Ocampo,Right Back,10/3/2003,"$325,000.00","$379,299.00",Colombia,12/31/2027,Vanouver Whitecaps,
Giuseppe Bovalina,Right Back,11/11/2004,"$71,401.00","$73,401.00",Australia,12/31/2026,Vanouver Whitecaps,
Damir Kreilach,Central Midfield,4/16/1989,"$440,000.00","$440,000.00",Croatia,12/31/2025,Vanouver Whitecaps,
Joe Bendik,Goalkeeper,4/29/1989,"$108,000.00","$116,673.00",USA,12/31/2024,Vanouver Whitecaps,
Belal Halbouni,Center Back,12/29/1999,"$110,000.00","$110,000.00",Germany,12/31/2025,Vanouver Whitecaps,
Bjorn Inge Utvik,Center Back,2/28/1996,"$450,000.00","$502,083.00",Norway,12/31/2025,Vanouver Whitecaps,
Tristan Blackmon,Center Back,8/12/1996,"$750,000.00","$750,000.00",USA,12/31/2027,Vanouver Whitecaps,
Fafa Picault,Left Wing,2/23/1991,"$650,000.00","$670,000.00",USA,12/31/2024,Vanouver Whitecaps,5/10
Sebastian Berhalter,Central Midfield,,"$330,000.00","$330,000.00",USA,12/31/2025,Vanouver Whitecaps,
Ranko Veselinovic,Center Back,3/24/1999,"$620,000.00","$687,125.00",Serbia,12/31/2026,Vanouver Whitecaps,
Sam Adekugbe,Left Back,1/16/1995,"$825,000.00","$913,000.00",Canada,12/31/2026,Vanouver Whitecaps,
Deiber Caicedo,Left Wing,3/25/2000,"$350,000.00","$381,125.00",Colombia,12/31/2025,Vanouver Whitecaps,
Levonte Johnson,Left Wing,3/15/1999,"$89,716.00","$89,716.00",USA,12/31/2024,Vanouver Whitecaps,
Andres Cubas,Defensive Midfield,5/22/1996,"$1,050,000.00","$1,146,375.00",Paraguay,12/31/2026,Vanouver Whitecaps,
Ralph Priso,Defensive Midfield,8/2/2002,"$125,000.00","$125,000.00",Canada,12/31/2025,Vanouver Whitecaps,
Ryan Raposo,Left Midfield,3/5/1999,"$150,000.00","$155,000.00",Canada,12/31/2024,Vanouver Whitecaps,
Pedro Vite,Attacking Midfield,3/9/2002,"$621,000.00","$674,997.00",Ecuador,12/31/2025,Vanouver Whitecaps,
Yohei Takaoka,Goalkeeper,3/16/1996,"$672,000.00","$789,713.00",Japan,12/31/2025,Vanouver Whitecaps,
Mathias Laborda,Center Back,9/15/1999,"$800,000.00","$943,625.00",Uruguay ,12/31/2025,Vanouver Whitecaps,
Brian White,Center Forward,2/3/1996,"$754,500.00","$754,500.00",USA,12/31/2025,Vanouver Whitecaps,
Alessandro Schopf,Attacking Midfield,2/7/1994,"$900,000.00","$992,500.00",Austria,12/31/2024,Vanouver Whitecaps,
Ryan Gauld ,Attacking Midfield,12/16/1995,"$2,880,000.00","$2,985,000.00",Scotland,12/31/2027,Vanouver Whitecaps,
Max Anchor,Goalkeeper,7/21/2004,"$71,401.00","$78,843.00",USA,12/31/2025,Vanouver Whitecaps,
Ali Ahmed,Goalkeeper,10/10/2000,"$100,000.00","$109,375.00",Canada,12/31/2025,Vanouver Whitecaps,
Isaac Boehmer,Goalkeeper,11/20/2001,"$89,716.00","$89,716.00",USA,12/31/2025,Vanouver Whitecaps,
Tate Johnson,Left Back,7/10/2005,,,USA,12/31/2025,Vanouver Whitecaps,