First Name,Last Name,Minutes Played,TEAM,Contract End,Option Years,Age,Position,Roster Designation,Nationality,Domestic or International,,,,,,,,,,,
Brad ,Guzan,"1,170",Atlanta United,12/31/2025,None,9/9/1984,Goalkeeper,Senior,USA,Domestic ,,,,,,,,,,,
Ronald,Hernandez,266,Atlanta United,12/31/2025,2026,9/21/1997,Defender,Senior,Venezuela,Domestic,,,,,,,,,,,
Derrick,Williams,704,Atlanta United,12/31/2025,2026,1/17/1993,Defender,Senior,Germany & USA,Domestic,,,,,,,,,,,
Luis,Abram,793,Atlanta United,12/31/2025,2026,2/27/1996,Defender,Senior,Peru,International,,,,,,,,,,,
Stian,Gregersen,615,Atlanta United,12/31/2027,2028,5/17/1995,Defender,Senior,Norway,Domestic,,,,,,,,,,,
Bartosz ,Slisz,849,Atlanta United,12/31/2028,None,3/29/1999,Midfielder ,Senior,Poland,Domestic,,,,,,,,,,,
Tristan,Muyumba,472,Atlanta United,12/31/2026,2027,3/7/1997,Midfielder ,Senior,France,International,,,,,,,,,,,
Saba,Lobzhanidze,810,Atlanta United,12/31/2026,None,12/18/1994,Winger,Senior,Georgia,International,,,,,,,,,,,
Brooks,Lennon,779,Atlanta United,12/31/2025,2026,9/22/1997,Defender,Senior,USA,Domestic,,,,,,,,,,,
Pedro,Amador,604,Atlanta United,12/31/2026,2027,12/18/1998,Defender,Senior,Portugal,International,,,,,,,,,,,
Edwin,Mosquera,101,Atlanta United,12/31/2025,2026,6/27/2001,Winger,U22 Initiative ,Colombia,International,,,,,,,,,,,
Dominik,Chong Qui,60,Atlanta United,12/31/2028,2029,12/29/2007,Defender,Homegrown,USA,Domestic,,,,,,,,,,,
Efrain,Morales,0,Atlanta United,12/31/2025,2026,3/4/2004,Defender,Homegrown,USA,Domestic,,,,,,,,,,,
Josh,Cohen,0,Atlanta United,12/31/2025,2026,8/18/1992,Goalkeeper,Senior ,USA,Domestic,,,,,,,,,,,
Adyn,Torres,0,Atlanta United,12/31/2027,2028,11/13/2007,Midfielder ,Supplemental ,USA,Domestic,,,,,,,,,,,
Noah,Cobb,347,Atlanta United,12/31/2026,2027,7/20/2005,Defender,Homegrown,USA,Domestic,,,,,,,,,,,
Luke,Brennan,3,Atlanta United,12/31/2027,2028,2/24/2005,Winger,Homegrown,USA,Domestic,,,,,,,,,,,
Jamal,Thiare,177,Atlanta United,12/31/2025,2026,3/31/1993,Forward,Senior ,Senegal,Domestic,,,,,,,,,,,
Ajani,Fortune,466,Atlanta United,12/31/2025,2026,12/30/2002,Midfielder ,Homegrown,USA,Domestic,,,,,,,,,,,
Matt,Edwards,615,Atlanta United,12/31/2025,2026 and 2027,2/16/2003,Defender,Homegrown,USA,Domestic,,,,,,,,,,,
Alexey,Miranchuk,1080,Atlanta United,12/31/2027,2028,10/17/1995,Midfielder ,Designated Player,Russia,International,,,,,,,,,,,
Ashton,Gordon,0,Atlanta United,2026,2027 and 2028,4/17/2007,Forward,Homegrown,USA,Domestic,,,,,,,,,,,
Will,Reilly,91,Atlanta United,12/31/2025,2026 and 2027 and 2028,12/3/2002,Midfielder ,Homegrown,USA ,Domestic,,,,,,,,,,,
Jayden,Hibbert,0,Atlanta United,12/31/2025,2026 and 2027 and 2028,8/5/2004,Goalkeeper,Supplemental ,USA & Jamaica,Domestic,,,,,,,,,,,
Mateusz,Klich,509,Atlanta United,12/31/2025,None,6/13/1990,Midfielder ,Senior,Poland,International,,,,,,,,,,,
Cayman,Togashi,63,Atlanta United,12/31/2025,2026,8/10/1993,Forward,Supplemental ,Japan & USA,Domestic,,,,,,,,,,,
Miguel,Almiron,1071,Atlanta United,12/31/2027,2028,2/10/1994,Midfielder ,Designated Player,Paraguay,International,,,,,,,,,,,
Emmanuel,Latte Lath,1001,Atlanta United,12/31/2028,2029,1/2/1999,Forward,Designated Player,Ivory Coast,International,,,,,,,,,,,
Brandon,Vasquez,1032,Austin FC,12/31/2027,2028,10/14/1998,Forward,Designated Player,USA,Domestic,,,,,,,,,,,
Jader,Obrian,408,Austin FC,12/31/2026,2027,5/18/1995,Forward,Senior,Colombia,International,,,,,,,,,,,
Robert,Taylor,29,Austin FC,12/31/2026,2027,10/21/1994,Midfielder,Senior,Finland,Domestic,,,,,,,,,,,
Brendan,Hines-Ike,989,Austin FC,12/31/2025,2026,11/30/1994,Defender,Senior,USA,Domestic,,,,,,,,,,,
Osman,Bukari,833,Austin FC,12/31/2028,2029,12/31/1998,Forward,Designated Player,Ghana,International,,,,,,,,,,,
Jimmy,Farkarlun,0,Austin FC,12/31/2025,2026,7/14/2001,Forward,Supplemental,Liberia,Domestic,,,,,,,,,,,
Owen,Wolff,1073,Austin FC,12/31/2027,2028,12/30/2004,Midfielder ,Homegrown,USA,Domestic,,,,,,,,,,,
Mikkel  ,Desler,239,Austin FC,12/31/2027,2028,2/19/1995,Defender,Senior,Denmark,Domestic,,,,,,,,,,,
Guilherme,Biro,1099,Austin FC,12/31/2027,2028,5/1/2000,Defender,Senior,Brazil,International,,,,,,,,,,,
Diego   ,Rubio,150,Austin FC,12/31/2025,2026,5/15/1993,Forward,Senior,Chile,Domestic,,,,,,,,,,,
Stefan  ,Cleveland,0,Austin FC,12/31/2025,2026,5/25/1994,Goalkeeper,Senior,USA,Domestic,,,,,,,,,,,
Julio,Cascante,402,Austin FC,12/31/2025,2026,10/3/1993,Defender,Senior,Costa Rica,Domestic,,,,,,,,,,,
CJ,Fodrey,78,Austin FC,12/31/2027,2028 and 2029,2/10/2004,Forward,Generation Adidas,USA,Domestic,,,,,,,,,,,
Brad,Stuver,1170,Austin FC,12/31/2025,2026,4/16/1991,Goalkeeper,Senior,USA,Domestic,,,,,,,,,,,
Daniel,Pereira,760,Austin FC,12/31/2025,2026,7/14/2000,Midfielder,Supplemental,Venezuela,Domestic,,,,,,,,,,,
Jon,Gallagher,937,Austin FC,12/31/2026,2027,2/23/1996,Defender,Senior,Ireland,Domestic,,,,,,,,,,,
Micah,Burton,0,Austin FC,12/31/2027,2028,3/26/2006,Midfielder,Homegrown,USA,Domestic,,,,,,,,,,,
Zan,Kolmanic,269,Austin FC,12/31/2026,2027,3/3/2000,Defender,Senior,Slovenia,Domestic,,,,,,,,,,,
Besard,Sabovic,823,Austin FC,12/31/2027,2028,1/5/1998,Midfielder,Senior,Sweden,International,,,,,,,,,,,
Oleksandr,Svatok,872,Austin FC,12/31/2027,2028,9/27/1994,Defender,Senior,Ukraine,International,,,,,,,,,,,
Ilie ,Sanchez,748,Austin FC,12/31/2025,2026,11/21/1990,Midfielder,Senior,Spain,Domestic,,,,,,,,,,,
Myrto,Uzuni,869,Austin FC,12/31/2027,2028,5/31/1995,Forward/Winger,Designated Player,Albania,International,,,,,,,,,,,
 Nicolás,Dubersarsky,89,Austin FC,12/31/2029,2030,12/21/2004,Midfielder,U22 Initiative,Argentina,International,,,,,,,,,,,
Owen,Graham-Roache,52,CF Montreal,12/31/2026,"2027,2028 and 2029",2/11/2008,Forward,Off-Roster Homegrown,Canada,Domestic,,,,,,,,,,,
Dawid,Bugaj,402,CF Montreal,12/31/2026,2027 and 2028,7/9/2004,Defender,Senior,Poland ,International,,,,,,,,,,,
Tom,Pearce,373,CF Montreal,12/31/2026,2027,4/12/1998,Defender,Senior,England,International,,,,,,,,,,,
Dominik,Iankov,29,CF Montreal,12/31/2026,2027 and 2028,7/28/2000,Midfielder,Senior,Canada,Domestic,,,,,,,,,,,
Sebastian,Breza,90,CF Montreal,12/31/2025,None,3/15/1998,Goalkeeper,Supplemental,Canada,Domestic,,,,,,,,,,,
Nathan,Saliba,1001,CF Montreal,12/31/2025,None,2/7/2004,Midfielder,Homegrown,Canada,Domestic,,,,,,,,,,,
Sunusi,Ibrahim,50,CF Montreal,12/31/2026,2027,10/1/2002,Forward,Senior,Nigeria,International,,,,,,,,,,,
Caden,Clark,803,CF Montreal,12/31/2025,2026 and 2027,5/27/2003,Midfielder,Senior,USA,Domestic,,,,,,,,,,,
Jonathan,Sirois,1080,CF Montreal,12/31/2026,2027,6/27/2001,Goalkeeper,Senior,Canada,Domestic,,,,,,,,,,,
Fernando,Alvarez,410,CF Montreal,12/31/2025,2026 and 2027,8/24/2003,Defender,Senior,USA,Domestic,,,,,,,,,,,
Kwadwo,Opoku,139,CF Montreal,12/31/2026,2027,7/13/2001,Forward,Senior,Ghana,International,,,,,,,,,,,
Joel,Waterman,940,CF Montreal,12/31/2027,2028,1/24/1996,Defender,Senior,Canada,Domestic,,,,,,,,,,,
Bryce,Duke,423,CF Montreal,12/31/2025,2026,2/28/2001,Midfielder,Senior,USA,Domestic,,,,,,,,,,,
Samuel,Piette,651,CF Montreal,12/31/2027,2028,11/12/1994,Midfielder,Senior,Canada,Domestic,,,,,,,,,,,
Jules-Anthony,Vilsaint,116,CF Montreal,12/31/2025,2026,1/6/2003,Forward,Supplemental,Canada,Domestic,,,,,,,,,,,
George,Campbell,804,CF Montreal,12/31/2025,2026,6/22/2001,Defender,U22 Initiative,USA,Domestic,,,,,,,,,,,
Prince,Owusu,1103,CF Montreal,12/31/2026,2027,1/7/1997,Forward,Senior,Germany,International,,,,,,,,,,,
Giacomo,Vrioni,138,CF Montreal,12/31/2025,2026,10/15/1998,Forward,Designated Player,Italy,Domestic,,,,,,,,,,,
Jalen,Neal,174,CF Montreal,12/31/2027,2028,8/24/2003,Defender,U22 Initiative,USA,Domestic,,,,,,,,,,,
Dante,Sealy,880,CF Montreal,12/31/2026,2027,4/17/2003,Winger,Supplemental,USA,Domestic,,,,,,,,,,,
Olger,Escobar,0,CF Montreal,12/31/2026,2027 and 2028 and 2029,9/11/2006,Midfielder,Supplemental,USA and Nicaragua,Domestic,,,,,,,,,,,
Luca,Petrasso,1073,CF Montreal,12/31/2025,2026 and 2027,6/16/2000,Defender,Supplemental,Canada,Domestic,,,,,,,,,,,
Brendan,Craig,135,CF Montreal,12/31/2027,"2028,2029 and 2030",4/7/2004,Defender,Supplemental,USA,Domestic,,,,,,,,,,,
Fabian,Herbers,385,CF Montreal,12/31/2026,None,8/17/1993,Midfielder,Senior,Germany,International,,,,,,,,,,,
Victor,Loturi,723,CF Montreal,12/31/2026,2027 and 2028,5/21/2001,Midfielder,Supplemental,Canada,Domestic,,,,,,,,,,,
Hennadii ,Synchuk,115,CF Montreal,12/31/2028,2029,7/10/2006,Midfielder,U22 Initiative,Ukraine,International,,,,,,,,,,,
Aleksandr,Guboglo,464,CF Montreal,12/31/2026,2027 and 2028 and 2029,3/20/2007,Defender,Off-Roster Homegrown,Canada,Domestic,,,,,,,,,,,
Emil,Gazdov,0,CF Montreal,12/31/2026,2027 and 2028,9/11/2003,Goalkeeper,Supplemental,Canada,Domestic,,,,,,,,,,,
Liel ,Abada,811,Charlotte FC,12/31/2026,2027,10/3/2001,Forward,Designated Player,Israel,International,,,,,,,,,,,
Patrick,Agyemang,897,Charlotte FC,12/31/2025,2026,11/7/2000,Forward,Senior,USA,Domestic,,,,,,,,,,,
Nimfasha,Berchimas,0,Charlotte FC,12/31/2026,2027,2/22/2008,Forward,Homegrown,USA,Domestic,,,,,,,,,,,
Pep,Biel,922,Charlotte FC,August 2025 (LOAN),Option to BUY,9/5/1996,Midfielder,Senior,Spain,International,,,,,,,,,,,
Dave,Bingham,0,Charlotte FC,12/31/2025,None,10/19/1989,Goalkeeper,Supplemental,USA,Domestic,,,,,,,,,,,
Souleyman,Doumbia,316,Charlotte FC,12/31/2025(LOAN),Option to BUY,9/24/1996,Defender,Senior,Ivory Coast,International,,,,,,,,,,,
Brandt,Bronico,994,Charlotte FC,12/31/2025,2026,6/20/1995,Midfielder,Senior,USA,Domestic,,,,,,,,,,,
Jahkeele,Marshall-Rutty,188,Charlotte FC,12/31/2025 (LOAN),None,6/16/2004,Defender,Senior,Canada,Domestic,,,,,,,,,,,
Nathan,Byrne,720,Charlotte FC,12/31/2026,2027,6/5/1992,Defender,Senior,England,Domestic,,,,,,,,,,,
Brandon,Cambridge,0,Charlotte FC,12/31/2025,2026,2/9/2002,Midfielder,Homegrown,USA,Domestic,,,,,,,,,,,
Brian,Carmona Romero,,Charlotte FC,12/31/2026,2027,5/11/2006,Forward,Off-Roster Homegrown,USA,Domestic,,,,,,,,,,,
Djibril,Diani ,234,Charlotte FC,12/31/2025,2026,2/11/1998,Midfielder,Senior,France,International,,,,,,,,,,,
Jahlane ,Forbes,0,Charlotte FC,12/31/2025,2026 and 2027,2/5/2002,Defender,Supplemental,USA,Domestic,,,,,,,,,,,
Kristijan,Kahlina,1170,Charlotte FC,12/31/2026,2027,7/24/1992,Goalkeeper,Senior,Croatia,Domestic,,,,,,,,,,,
Adilson ,Malanda,1170,Charlotte FC,12/31/2026,2027,10/29/2001,Defender,Senior,France,Domestic,,,,,,,,,,,
George ,Marks,0,Charlotte FC,12/31/2025,None,11/10/1999,Goalkeeper,Supplemental,USA,Domestic,,,,,,,,,,,
Jack,Neeley,0,Charlotte FC,12/31/2026,2027,3/11/2005,Defender,Off-Roster Homegrown,USA,Domestic,,,,,,,,,,,
Nikola,Petkovic,0,Charlotte FC,12/31/2026,2027,2/23/2003,Midfielder,U22 Initiative,Serbia,International,,,,,,,,,,,
Andrew,Privett ,898,Charlotte FC,12/31/2028,2029,8/2/2000,Midfielder,Senior,USA,Domestic,,,,,,,,,,,
Tim,Ream,1020,Charlotte FC,12/31/2026,2027,10/5/1987,Defender,Senior,USA,Domestic,,,,,,,,,,,
Nicholas ,Scardina ,321,Charlotte FC,12/31/2025,2026,6/22/2001,Midfielder,Supplemental,USA,Domestic,,,,,,,,,,,
Tyger,Smalls,52,Charlotte FC,12/31/2025,2026 and 2027,9/18/2001,Forward,Supplemental,England,Domestic,,,,,,,,,,,
Luri ,Tavares,21,Charlotte FC,12/31/2026,2027,3/8/2001,Forward,Senior,Portugal,International,,,,,,,,,,,
Mikah ,Thomas,0,Charlotte FC,12/31/2026,2027 and 2028,2/21/2005,Defender,Supplemental,USA,Domestic,,,,,,,,,,,
Idan ,Toklomati,312,Charlotte FC,12/31/2027,2028,8/9/2004,Forward,U22 Initiative,Israel,International,,,,,,,,,,,
Bill ,Tuiloma,0,Charlotte FC,12/31/2025,2026,3/27/1995,Defender,Senior,New Zealand,Domestic,,,,,,,,,,,
Kerwin,Vargas,437,Charlotte FC,12/31/2027,2028,1/2/2002,Forward,U22 Initiative,Colombia,Domestic,,,,,,,,,,,
Ashley,Westwood,1170,Charlotte FC,12/31/2026,2027,4/1/1990,Midfielder,Senior,England,Domestic,,,,,,,,,,,
Eryk ,Williamson,212,Charlotte FC,12/31/2025,None,6/11/1997,Midfielder,Senior,USA,Domestic,,,,,,,,,,,
Wilfred,Zaha,989,Charlotte FC,1/17/2026 (LOAN),June 2026,11/10/1992,Forward,Designated Player,Endland,International,,,,,,,,,,,
Omar,Gonzalez,66,Chicago Fire,12/31/2025,2026,10/11/1988,Defender,Supplemental,USA,Domestic,,,,,,,,,,,
Omari,Glasgow,484,Chicago Fire,12/31/2026,2027 and 2028,11/22/2003,Forward,Supplemental,Guyana,International,,,,,,,,,,,
Sam,Williams,235,Chicago Fire,12/31/2025,2026 and 2027 and 2028,3/18/2005,Midfielder,Homegrown,USA,Domestic,,,,,,,,,,,
Christopher,Cupps,104,Chicago Fire,12/31/2028,2029 and 2030,5/26/2008,Defender,Homegrown,USA,Domestic,,,,,,,,,,,
Romingue,Kouame,123,Chicago Fire,12/31/2025 (LOAN),Option to BUY,12/17/1996,Midfielder,Senior,Ivory Coast,International,,,,,,,,,,,
Tom,Barlow,180,Chicago Fire,12/31/2025,2026,7/8/1995,Forward,Senior,USA,Domestic,,,,,,,,,,,
Leonardo,Barroso,265,Chicago Fire,12/31/2028,2029,6/12/2005,Defender,U22 Initiative,Portugal,International,,,,,,,,,,,
Dean,Boltz,0,Chicago Fire,12/31/2027,2028 and 2029,6/7/2006,Forward,Supplemental (GA),USA,Domestic,,,,,,,,,,,
Dylan,Borso,0,Chicago Fire,12/31/2027,2028 and 2029,6/2/2006,Midfielder,Homegrown,USA,Domestic,,,,,,,,,,,
Chris,Brady,936,Chicago Fire,12/31/2026,2027,3/3/2004,Goalkeeper,Senior,USA,Domestic,,,,,,,,,,,
Hugo,Cuypers,985,Chicago Fire,12/31/2026,2027,2/7/1997,Forward,Designated Player,Belgium,International,,,,,,,,,,,
Jack,Elliot,990,Chicago Fire,12/31/2025,2026,8/25/1995,Defender,Senior,England,Domestic,,,,,,,,,,,
Jeff,Gal,140,Chicago Fire,12/31/2025,None,4/6/1993,Goalkeeper,Supplemental,USA,Domestic,,,,,,,,,,,
Dje,D'Avilla,95,Chicago Fire,12/31/2028,2029,5/5/2003,Midfielder,U22 Initiative,Ivory Coast,International,,,,,,,,,,,
Chase,Casper,0,Chicago Fire,12/31/2025,None,1/25/1996,Defender,Senior,USA,Domestic,,,,,,,,,,,
Brian,Gutierrez,645,Chicago Fire,12/31/2028,None,6/17/2003,Midfielder,U22 Initiative,USA,Domestic,,,,,,,,,,,
Andrew,Gutman,970,Chicago Fire,12/31/2026,2027,10/2/1996,Defender,Senior,USA,Domestic,,,,,,,,,,,
Maren,Haile-Selassie,163,Chicago Fire,12/31/2026,None,3/13/1999,Midfielder,Senior,Switzerland,International,,,,,,,,,,,
Chris ,Mueller,0,Chicago Fire,12/31/2025,2026,8/29/1996,Forward,Senior,USA,Domestic,,,,,,,,,,,
Sergio,Oregel,913,Chicago Fire,12/31/2025,2026,5/16/2005,Midfielder,Homegrown,USA,Domestic,,,,,,,,,,,
Mauricio,Pineda,746,Chicago Fire,12/31/2026,2027,10/17/1997,Defender,Senior,USA,Domestic,,,,,,,,,,,
David,Poreba,0,Chicago Fire,12/31/2025,2026 and 2027 and 2028,12/1/2002,Midfielder,Supplemental,USA,Domestic,,,,,,,,,,,
Justin,Reynolds,107,Chicago Fire,12/31/2026,2027,8/4/2004,Defender,Homegrown,USA,Domestic,,,,,,,,,,,
Sam,Rogers,722,Chicago Fire,12/31/2026,2027 and 2028,5/17/1999,Defender,Senior,USA,Domestic,,,,,,,,,,,
Carlos,Teran,294,Chicago Fire,12/31/2026,2027,9/24/2000,Defender,Senior,Colombia,Domestic,,,,,,,,,,,
Robert,Turdean,0,Chicago Fire,12/31/2028,2029 and 2030,1/14/2010,Midfielder,Off-Roster Homegrown,USA,Domestic,,,,,,,,,,,
Philip,Zinckernagel,853,Chicago Fire,12/31/2028,None,12/16/1994,Midfielder,Senior,Denmark,International,,,,,,,,,,,
Jonathan,Dean,469,Chicago Fire,12/31/2025,None,5/15/1997,Midfielder,Supplemental,USA,Domestic,,,,,,,,,,,
Kellyn,Acosta,387,Chicago Fire,12/31/2026,2027,7/24/1995,Midfielder,Senior,USA,Domestic,,,,,,,,,,,
Jonathan,Bamba,953,Chicago Fire,12/31/2027,2028,3/26/1996,Midfielder,Designated Player,France,International,,,,,,,,,,,
Ali,Fadal,0,Colorado Rapids,12/31/2026,2027 and 2028,1/14/2004,Midfielder,Senior,Ghana,International,,,,,,,,,,,
Ted,Ku-Dipietro,91,Colorado Rapids,12/31/2027,2028,1/28/2002,Midfielder,U22 Initiative,USA,Domestic,,,,,,,,,,,
Chidozie,Awaziem,1054,Colorado Rapids,12/31/2025,2026 and 2027,1/1/1997,Defender,Senior,Nigeria,International,,,,,,,,,,,
Cole,Bassett,967,Colorado Rapids,12/31/2027,None,7/28/2001,Midfielder,U22 Initiative,USA,Domestic,,,,,,,,,,,
Nicolas,Hansen,90,Colorado Rapids,12/31/2025,2026 and 2027,7/10/2001,Goalkeeper,Supplemental ,USA,Domestic,,,,,,,,,,,
Sam,Bassett,19,Colorado Rapids,12/31/2025,2026 and 2027 and 2028,4/13/2003,Midfielder,Homegrown,USA,Domestic,,,,,,,,,,,
Adam,Beaudry,90,Colorado Rapids,12/31/2027,2028 and 2029,4/18/2006,Goalkeeper,Homegrown,USA,Domestic,,,,,,,,,,,
Kevin,Cabral,662,Colorado Rapids,12/31/2025,2026,7/10/1999,Forward,Designated Player,France,Domestic,,,,,,,,,,,
Reggie,Cannon,752,Colorado Rapids,12/31/2027,2028,6/11/1998,Defender,Senior,USA,Domestic,,,,,,,,,,,
Michael,Edwards,26,Colorado Rapids,12/31/2025,2026,11/27/2000,Defender,Senior,USA,Domestic,,,,,,,,,,,
Wayne,Frederick,206,Colorado Rapids,12/31/2026,2027 and 2028,6/13/2004,Forward,Supplemental,USA,Domestic,,,,,,,,,,,
Calvin,Harris,175,Colorado Rapids,12/31/2025,None,3/20/2000,Forward,Senior,England,Domestic,,,,,,,,,,,
Oliver,Larraz,973,Colorado Rapids,12/31/2025,None,9/16/2001,Midfielder,Senior,USA,Domestic,,,,,,,,,,,
Andreas,Maxso,990,Colorado Rapids,12/31/2025,2026,3/18/1994,Defender,Senior,Denmark,International,,,,,,,,,,,
Djordje,Mihailovic,1154,Colorado Rapids,12/31/2027,2028,11/10/1998,Midfielder,Designated Player,USA,Domestic,,,,,,,,,,,
Ian,Murphy,550,Colorado Rapids,12/31/2026,2027,1/16/2000,Defender,Senior,USA,Domestic,,,,,,,,,,,
Rafael,Navarro,1046,Colorado Rapids,12/31/2027,2028,4/14/2000,Forward,Designated Player,Brazil,Domestic,,,,,,,,,,,
Connor,Ronan,238,Colorado Rapids,12/31/2026,2027,3/6/1998,Midfielder,Senior,England,International,,,,,,,,,,,
Keegan,Rosenberry,757,Colorado Rapids,12/31/2027,None,12/11/1993,Defender,Senior,USA,Domestic,,,,,,,,,,,
Zack,Steffen,990,Colorado Rapids,12/31/2026,2027,4/2/1995,Goalkeeper,Senior,USA,Domestic,,,,,,,,,,,
Kimani,Stewart-Baynes,16,Colorado Rapids,12/31/2026,2027 and 2028,1/17/2005,Forward,Supplemental (GA),Saint Vincent and the Grenadines,Domestic,,,,,,,,,,,
Jackson,Travis,225,Colorado Rapids,12/31/2025,2026 and 2027,2/23/2004,Defender,Homegrown,USA,Domestic,,,,,,,,,,,
Sam,Vines,304,Colorado Rapids,12/31/2027,None,5/3/1999,Defender,Senior,USA,Domestic,,,,,,,,,,,
Darren,Yapi,454,Colorado Rapids,12/31/2025,2026,11/19/2004,Forward,Homegrown,USA,Domestic,,,,,,,,,,,
Josh ,Atencio,843,Colorado Rapids,12/31/2027,2028,1/31/2002,Midfielder,U22 Initiative,USA,Domestic,,,,,,,,,,,
Alex,Harris,1,Colorado Rapids,12/31/2027,2028 and 2029,12/16/2005,Forward,Supplemental (GA),Canada,Domestic,,,,,,,,,,,
Malte,Amundsen,772,Columbus Crew,12/31/2027,None,2/11/1998,Defender,Senior,Denmark,Domestic,,,,,,,,,,,
Max,Arfsten,1078,Columbus Crew,12/31/2027,2028,4/19/2001,Forward,Senior,USA,Domestic,,,,,,,,,,,
Evan,Bush,90,Columbus Crew,12/31/2025,None,3/6/1986,Goalkeeper,Supplemental,USA,Domestic,,,,,,,,,,,
Rudy ,Camacho,0,Columbus Crew,12/31/2025,None,3/5/1991,Defender,Senior,France,International,,,,,,,,,,,
Cesar,Ruvalcaba,151,Columbus Crew,12/31/2025,2026 and 2027,7/13/2001,Defender,Supplemental,USA,Domestic,,,,,,,,,,,
Aliyu,Ibrahim,45,Columbus Crew,12/31/2025,2026 and 2027,1/16/2002,Forward,U22 Initiative,Nigeria,Domestic,,,,,,,,,,,
Dylan,Chambost,1155,Columbus Crew,12/31/2026,2027,8/19/1997,Midfielder,Senior,France,International,,,,,,,,,,,
Yevhen,Cheberko,915,Columbus Crew,6/2026,2026,1/23/1998,Defender,Senior,Ukraine,International,,,,,,,,,,,
Mohamed,Farsi,971,Columbus Crew,12/31/2027,2028,12/16/1999,Defender,Senior,Canada,Domestic,,,,,,,,,,,
Taha,Habroune,41,Columbus Crew,12/31/2027,2028,2/5/2006,Forward,Homegrown,USA,Domestic,,,,,,,,,,,
Nicholas,Hagen,0,Columbus Crew,12/31/2026,2027 and 2028,8/2/1996,Goalkeeper,Supplemental,Guatemala,Domestic,,,,,,,,,,,
Andrés,Herrera,303,Columbus Crew,June 2025 (LOAN),Option to BUY,11/3/1998,Defender,Senior,Argentina,International,,,,,,,,,,,
Aziel,Jackson,541,Columbus Crew,12/31/2025,None,10/25/2001,Midfielder,Homegrown,USA,Domestic,,,,,,,,,,,
Derrick,Jones,1,Columbus Crew,12/31/2025,2026,3/3/1997,Midfielder,Senior,Ghana,Domestic,,,,,,,,,,,
Stanislav,Lapkes,0,Columbus Crew,12/31/2027,2028 and 2029,3/3/2006,Goalkeeper,Homegrown, Belarus,Domestic,,,,,,,,,,,
Dániel ,Gazdag,384,Columbus Crew,12/31/2027,2028,3/2/1996,Midfielder,Designated Player,Hungary,Domestic,,,,,,,,,,,
Lassi ,Lappalainen,2,Columbus Crew,12/31/2025,2026,8/24/1998,Midfielder,Senior,Finland,International,,,,,,,,,,,
Steven ,Moreira,821,Columbus Crew,12/31/2025,2026,8/13/1994,Defender,Senior,France,International,,,,,,,,,,,
Cole,Mrowka,24,Columbus Crew,12/31/2026,2027 and 2028,4/6/2006,Midfielder,Homegrown,USA,Domestic,,,,,,,,,,,
Darlington ,Nagbe,1046,Columbus Crew,12/31/2025,2026,7/19/1990,Midfielder,Designated Player,Liberia,Domestic,,,,,,,,,,,
Diego,Rossi,1067,Columbus Crew,12/31/2026,2027,3/5/1998,Forward,Designated Player,Uruguay,Domestic,,,,,,,,,,,
Jacen,Russell-Rowe,982,Columbus Crew,12/31/2025,2026,9/13/2002,Forward,Homegrown,Canada,Domestic,,,,,,,,,,,
Patrick,Schulte,1080,Columbus Crew,12/31/2027,2028,3/13/2001,Goalkeeper,Senior,USA,Domestic,,,,,,,,,,,
Sean,Zawadzki,1080,Columbus Crew,12/31/2027,None,4/21/2000,Midfielder,Senior,USA,Domestic,,,,,,,,,,,
Amar,Sejdic,18,Columbus Crew,12/31/2025,2026,11/29/1996,Midfielder,Senior,USA,Domestic,,,,,,,,,,,
Conner,Antley,140,DC United,12/31/2025,2026,3/22/1995,Defender,Senior,USA,Domestic,,,,,,,,,,,
Dominique ,Badji,316,DC United,12/31/2026,2027,10/16/1992,Forward,Senior,Senegal,Domestic,,,,,,,,,,,
Luis,Barraza,540,DC United,12/31/2025,None,11/8/1996,Goalkeeper,Senior,USA,Domestic,,,,,,,,,,,
Lucas,Bartlett,1080,DC United,12/31/2027,2028,7/26/1997,Defender,Senior,USA,Domestic,,,,,,,,,,,
Christian,Benteke,922,DC United,12/31/2025,2026,12/3/1990,Forward,Designated Player,Congo DR,International,,,,,,,,,,,
Boris,Enow,635,DC United,12/31/2027,2028,3/30/2000,Midifelder,Senior,Cameroon,International,,,,,,,,,,,
Aaron,Herrera,1056,DC United,12/31/2025,2026,6/6/1997,Defender,Senior,USA,Domestic,,,,,,,,,,,
Jackson,Hopkins,9,DC United,12/31/2025,2026 and 2027,7/1/2004,Midfielder,Homegrown,USA,Domestic,,,,,,,,,,,
Kim,Joon-Hong,630,DC United,12/31/2027,2028 and 2029,6/3/2003,Goalkeeper,U22 Initiative,South Korea,International,,,,,,,,,,,
Hosei,Kijima,945,DC United,12/31/2025,2026 and 2027,7/1/2002,Midfielder,Supplemental,Japan,Domestic,,,,,,,,,,,
Lukas,MacNaughton,409,DC United,12/31/2025,None,3/8/1995,Defender,Senior,Canada,International,,,,,,,,,,,
Jacob,Murrell,427,DC United,12/31/2026,2027,3/28/2004,Forward,Supplemental,USA,Domestic,,,,,,,,,,,
Kristian,Fletcher,0,DC United,12/31/2025,2026,8/6/2005,Forward,Homegrown,USA,Domestic,,,,,,,,,,,
Joao,Peglow,551,DC United,12/31/2027,2028,1/7/2002,Forward,Senior,,International,,,,,,,,,,,
Matti,Peltola,422,DC United,12/31/2027,2028,7/3/2002,Midfielder,Senior,Finland,International,,,,,,,,,,,
Gabirel,Pirani,625,DC United,12/31/2025,2026 and 2027,4/12/2002,Midfielder,U22 Inititative,Brazil,Domestic,,,,,,,,,,,
Kye,Rowles,990,DC United,12/31/2026,2027,6/24/1998,Defender,Senior,Australia,International,,,,,,,,,,,
David,Schnegg,1151,DC United,12/31/2026,2027,9/29/1998,Defender,Senior,Austria,International,,,,,,,,,,,
Jared,Stroud,751,DC United,12/31/2026,2027,7/10/1996,Midfielder,Senior,USA,Domestic,,,,,,,,,,,
Garrison,Tubbs,136,DC United,12/31/2025,2026 and 2027,2/17/2002,Defender,Homegrown,USA,Domestic,,,,,,,,,,,
Brandon,Servania,648,DC United,12/31/2026,2027,3/12/1999,Midfielder,Senior,USA,Domestic,,,,,,,,,,,
Randall,Leal,127,DC United,12/31/2025,2026,1/14/1997,Forward,Senior,Costa Rica,Domestic,,,,,,,,,,,
Hakim,Karamoko,19,DC United,12/31/2027,2028 and 2029,11/1/2005,Forward,Supplemental,USA,Domestic,,,,,,,,,,,
Derek,Dodson,180,DC United,12/31/2025,2026,11/3/1998,Defender,Senior,USA,Domestic,,,,,,,,,,,
Fidel,Barajas,24,DC United,6/30/2025 (LOAN),Option to BUY,4/5/2006,Forward,Supplemental,USA,Domestic,,,,,,,,,,,
Jordan,Farr,0,DC United,12/31/2026,2027,10/5/1994,Goalkeeper,Supplemental,USA,Domestic,,,,,,,,,,,
Gavin,Turner,0,DC United,12/31/2027,2028 and 2029,1/5/2007,Forward,Homegrown,USA,Domestic,,,,,,,,,,,
Rida,Zouhir,137,DC United,12/31/2025,2026 and 2027,11/23/2003,Midfielder,Supplemental,USA,Domestic,,,,,,,,,,,
Tah,Anunga,741,FC Cinciannati ,12/31/2025,2026,8/10/1996,Midfielder,Senior,Camerroon,Domestic,,,,,,,,,,,
Corey,Baird,291,FC Cinciannati ,12/31/2025,2026,1/30/1999,Forward,Senior,USA,Domestic,,,,,,,,,,,
Pavel,Bucha,1021,FC Cinciannati ,12/31/2026,2027,3/11/1998,Midfielder,Senior,Czech Republic,International,,,,,,,,,,,
Roman,Celentano,1170,FC Cinciannati ,12/31/2027,None,9/14/2000,Goalkeeper,Senior,USA,Domestic,,,,,,,,,,,
Stefan,Chirila,7,FC Cinciannati ,12/31/2028,2029,1/15/2007,Forward,Homegrown,USA,Domestic,,,,,,,,,,,
Kevin,Denkey,983,FC Cinciannati ,12/31/2028,2029,11/30/2000,Forward,Designated Player,Togo,International,,,,,,,,,,,
Lukas,Engel,1050,FC Cinciannati ,12/31/2025 (LOAN),Option to Buy,12/14/1998,Defender,Senior,Denmark,International,,,,,,,,,,,
Gilberto,Flores,688,FC Cinciannati ,12/31/2027,2028 and 2029,4/1/2003,Defender,U22 Initiative,Paraguay,International,,,,,,,,,,,
Teenage,Hadebe,422,FC Cinciannati ,12/31/2025,2026,9/17/1995,Defender,Senior,Zimbabwe,International,,,,,,,,,,,
Nick,Hagglund,585,FC Cinciannati ,12/31/2027,None,9/14/1992,Defender,Senior,USA,Domestic,,,,,,,,,,,
Stiven ,Jimenez,0,FC Cinciannati ,12/31/2025,2026 and 2027,6/24/2007,Midfielder,Homegrown,USA,Domestic,,,,,,,,,,,
Alec,Kann,0,FC Cinciannati ,12/31/2025,None,8/8/1990,Goalkeeper,Senior,USA,Domestic,,,,,,,,,,,
Yuya,Kubo,518,FC Cinciannati ,12/31/2025,2026,12/24/1993,Forward,Senior,Japan,Domestic,,,,,,,,,,,
Evan,Louro,0,FC Cinciannati ,12/31/2025,2026,1/19/1996,Goalkeeper,Supplemental,USA,Domestic,,,,,,,,,,,
Matt,Miazga,228,FC Cinciannati ,12/31/2025,2026,7/19/1995,Defender,Senior,USA,Domestic,,,,,,,,,,,
Kei,Kamara,,,,,,,,,,,,,,,,,,,,
Obinna,Nwobodo,443,FC Cinciannati ,12/31/2025,None,11/19/1996,Midfielder,Senior,USA,Domestic,,,,,,,,,,,
Luca,Orellano,796,FC Cinciannati ,12/31/2029,None,3/22/2000,Forward,Senior,Argentina,International,,,,,,,,,,,
Alvas,Powell,248,FC Cinciannati ,12/31/2025,2026,7/18/1994,Defender,Senior,Jamaica,Domestic,,,,,,,,,,,
Brad,Smith,178,FC Cinciannati ,12/31/2025,2026,4/9/1994,Defender,Senior,Australia,Domestic,,,,,,,,,,,
Miles,Robinson,919,FC Cinciannati ,12/31/2025,None,3/14/1997,Defender,Senior,USA,Domestic,,,,,,,,,,,
Sergio,Santos,443,FC Cinciannati ,12/31/2025,2026,9/4/1994,Forward,Senior,Brazil,Domestic,,,,,,,,,,,
Gerardo,Valenzuela,238,FC Cinciannati ,12/31/2026,2027 and 2028,9/28/2004,Midfielder,Homegrown,USA,Domestic,,,,,,,,,,,
Paul,Walters,0,FC Cinciannati ,12/31/2026,2027,4/11/2004,Goalkeeper,Homegrown,USA,Domestic,,,,,,,,,,,
Deandre,Yedlin,981,FC Cinciannati ,12/31/2025,2026,7/9/1993,Defender,Senior,USA,Domestic,,,,,,,,,,,
Evander,Evander,871,FC Cinciannati ,12/31/2027,2028,6/9/1998,Midfielder,Designated Player,Brazil,Domestic,,,,,,,,,,,
Osaze,Urhoghide,1080,FC Dallas,12/31/2028,2029,7/4/2000,Defender,Senior,Netherlands,International,,,,,,,,,,,
Alejandro ,Urzua,0,FC Dallas,12/31/2025,2026 and 2027 and 2028,4/3/2006,Midfielder,Off Roster Homegrown,USA,Domestic,,,,,,,,,,,
Lalas,Abubakar,269,FC Dallas,12/31/2026,2027,12/25/1994,Defender,Senior,Ghana,Domestic,,,,,,,,,,,
Lucho,Acosta,1004,FC Dallas,12/31/2026,2027,5/31/1994,Forward,Designated Player,Argentina,Domestic,,,,,,,,,,,
Ramiro,Benetti,905,FC Dallas,12/31/2026,2027,5/22/1993,Midfielder,Senior,Brazil,International,,,,,,,,,,,
Manuel 'Show',Cafumana,244,FC Dallas,7/22/2025,TO BUY,3/6/1999,Midfielder,Senior,Angola,International,,,,,,,,,,,
Antonio,Carrera,0,FC Dallas,12/31/2025,2026,3/15/2004,Goalkeeper,Senior,USA,Domestic,,,,,,,,,,,
Leo,Chu,212,FC Dallas,12/31/2025,None,4/6/2000,Midfielder,U22 Initiative,Brazil,Domestic,,,,,,,,,,,
Michael,Collodi,90,FC Dallas,12/31/2026,2027 and 2028,5/25/2001,Goalkeeper,Homegrown,USA,Domestic,,,,,,,,,,,
Patrickson,Delgado,298,FC Dallas,12/31/2027,2028,10/17/2003,Midfielder,U22 Initiative,Ecuador,International,,,,,,,,,,,
Marco,Farfan,465,FC Dallas,12/31/2025,2026,11/12/1998,Defender,Senior,USA,Domestic,,,,,,,,,,,
Logan,Farrington,515,FC Dallas,12/31/2027,2028 and 2029,12/14/2001,Forward,Supplemental,USA,Domestic,,,,,,,,,,,
Sebastian,Ibeagha,1035,FC Dallas,12/31/2025,2026,1/21/1992,Defender,Senior,Nigeria,Domestic,,,,,,,,,,,
Anderson,Julio,711,FC Dallas,12/31/2025,2026,5/31/1996,Forward,Senior,Ecuador,International,,,,,,,,,,,
Álvaro,Augusto,0,FC Dallas,12/31/2027,2028 and 2029,4/17/2005,Defender,Supplemental,Brazil,International,,,,,,,,,,,
Diego ,García,0,FC Dallas,12/31/2027,2028 and 2029,10/17/2006,Midfielder,Homegrown,USA,Domestic,,,,,,,,,,,
Bernard,Kamungo,263,FC Dallas,12/31/2027,2028 and 2029,1/1/2002,Forward,Senior,Tanzania,Domestic,,,,,,,,,,,
Sebastian,Lletget,558,FC Dallas,12/31/2025,2026,9/3/1992,Midfielder,Senior,USA,Domestic,,,,,,,,,,,
Pedro,Martins,364,FC Dallas,12/31/2025,2026 and 2027,4/18/2003,Midfielder,Supplemental,Brazil,International,,,,,,,,,,,
Malachi,Molina,0,FC Dallas,12/31/2026,2027 and 2028,10/11/2006,Defender,Off Roster Homegrown,USA,Domestic,,,,,,,,,,,
Daniel ,Baran,0,FC Dallas,12/31/2026,2027 and 2028,9/16/2006,Forward,Off Roster Homegrown,USA,Domestic,,,,,,,,,,,
Shaq,Moore,989,FC Dallas,12/31/2026,2027,11/2/1996,Defender,Senior,USA,Domestic,,,,,,,,,,,
Kaick,Kaick,437,FC Dallas,12/31/2028,2029,11/29/2005,Midfielder,U22 Initiative,Brazil,International,,,,,,,,,,,
Petar,Musa,691,FC Dallas,12/31/2027,2028,3/4/1998,Forward,Designated Player,Croatia,International,,,,,,,,,,,
Enzo,Newman,0,FC Dallas,12/31/2026,2027 and 2028 and 2029,12/8/2005,Defender,Supplemental,USA,Domestic,,,,,,,,,,,
Nolan,Norris,477,FC Dallas,12/31/2025,2026 and 2027,2/17/2005,Defender,Homegrown,USA,Domestic,,,,,,,,,,,
Tsiki,Ntsabeleng,261,FC Dallas,12/31/2026,2027 and 2028,2/9/1998,Midfielder,Senior,South Africa,Domestic,,,,,,,,,,,
Maarten,Paes,990,FC Dallas,12/31/2026,2027 and 2028,5/14/1998,Goalkeeper,Senior, Netherlands,Domestic,,,,,,,,,,,
Paxton,Pomykal,9,FC Dallas,12/31/2026,2027,12/17/1999,Midfielder,Senior,USA,Domestic,,,,,,,,,,,
Anthony,Ramirez,0,FC Dallas,12/31/2026,2026 and 2027 and 2028,12/22/2005,Midfielder,Homegrown,USA,Domestic,,,,,,,,,,,
Tarik,Scott,13,FC Dallas,12/31/2025,2026 and 2027,4/23/2005,Forward,Homegrown,USA,Domestic,,,,,,,,,,,
Stephen,Gyamfi,0,Houston Dynamo,12/31/2025,2026 and 2027,5/19/2003,Forward,Supplemental (GA),Ghana,International,,,,,,,,,,,
Duane,Holmes,0,Houston Dynamo,12/31/2026,2027 and 2028,11/6/1994,Midfielder,Senior,USA,Domestic,,,,,,,,,,,
Exon,Arzu,0,Houston Dynamo,12/31/2026,2027 and 2028 and 2029,5/19/2004,Forward,Senior,Honduras,Domestic,,,,,,,,,,,
Obafemi,Awodesu,1028,Houston Dynamo,12/31/2025,2026 and 2027,4/5/2001,Defender,Supplemental,USA,Domestic,,,,,,,,,,,
Ethan,Bartlow,542,Houston Dynamo,12/31/2025,2026,2/2/2000,Defender,Senior,USA,Domestic,,,,,,,,,,,
Amine ,Bassi,1028,Houston Dynamo,12/31/2025,2026 and 2027,11/27/1997,Forward,Senior,France,Domestic,,,,,,,,,,,
Pablo,Ortiz,117,Houston Dynamo,12/31/2025 (LOAN),Option to BUY,6/8/2000,Defender,Senior,Colombia,International,,,,,,,,,,,
Ondrej,Lingr,341,Houston Dynamo,6/31/2028,2029,10/7/1998,Midfielder,Designated Player,Czech Republic,International,,,,,,,,,,,
Jose ,Artur,1144,Houston Dynamo,12/31/2025,2026 and 2027,3/11/1996,Midfielder,Designated Player,Brazil,Domestic,,,,,,,,,,,
Griffin,Dorsey,1165,Houston Dynamo,12/31/2025,2026,3/5/1999,Defender,Senior,USA,Domestic,,,,,,,,,,,
Erik,Dueñas,67,Houston Dynamo,12/31/2025,2026 and 2027 and 2028,10/18/2004,Midfielder,Supplemental,USA,Domestic,,,,,,,,,,,
Lawrence ,Ennali,0,Houston Dynamo,12/31/2026,2027,3/7/2002,Forward,U22 Initiative,Germany,International,,,,,,,,,,,
Toyosi,Olusanya,15,Houston Dynamo,6/31/2026,2027 and 2028,10/14/1997,Forward,Senior,England,International,,,,,,,,,,,
Franco,Escobar,799,Houston Dynamo,12/31/2025,None,2/21/1995,Defender,Senior,Argentina,Domestic,,,,,,,,,,,
Blake,Gillingham,293,Houston Dynamo,12/31/2025,2026 and 2027 and 2028,1/22/2000,Goalkeeper,Supplemental,USA,Domestic,,,,,,,,,,,
Sebastian,Kowalczyk,849,Houston Dynamo,12/31/2025,2026,8/22/1998,Midfielder,Senior,Poland,International,,,,,,,,,,,
Jimmy,Maurer,120,Houston Dynamo,12/31/2026,None,10/14/1988,Goalkeeper,Senior,USA,Domestic,,,,,,,,,,,
Jack,McGlynn,1065,Houston Dynamo,12/31/2025,2026 and 2027,7/7/2003,Midfielder,U22 Initiative,USA,Domestic,,,,,,,,,,,
Ezequiel,Ponce,1139,Houston Dynamo,6/2027,2027 and 2028,3/29/1997,Forward,Designated Player,Argentina,International,,,,,,,,,,,
Nelson,Quiñones,0,Houston Dynamo,12/31/2025,2026,8/20/2002,Forward,U22 Initiative,Colombia,International,,,,,,,,,,,
Brooklyn,Raines,141,Houston Dynamo,12/31/2025,2026,3/11/2005,Midfielder,Homegrown,Liberia,Domestic,,,,,,,,,,,
Sebastian,Rodriguez,0,Houston Dynamo,12/31/2026,2027 and 2028 and 2029,9/13/2007,Midfielder,Homegrown,USA,Domestic,,,,,,,,,,,
Gabriel,Segal,21,Houston Dynamo,12/31/2025,None,5/7/2001,Forward,Senior,USA,Domestic,,,,,,,,,,,
Daniel ,Steres,395,Houston Dynamo,12/31/2025,2026,11/11/1990,Defender,Senior,USA,Domestic,,,,,,,,,,,
Erik,Sviatchenko,495,Houston Dynamo,12/31/2026,2027,10/4/1991,Defender,Senior,Denmark,Domestic,,,,,,,,,,,
Felipe,Andrade,,Houston Dynamo ,12/31/2025 (LOAN),Option to BUY,5/29/2002,Defender,,Brazil,International,,,,,,,,,,,
Júnior,Urso,314,Houston Dynamo,12/31/2025,2026,3/10/1989,Midfielder,Senior,Brazil,International,,,,,,,,,,,
Jonathan,Bond,450,Houston Dynamo,12/31/2026,2027,6/19/1993,Goalkeeper,Senior,England and USA,Domestic,,,,,,,,,,,
Michael,Halliday,0,Houston Dynamo,12/31/2025,2026 and 2027,11/22/2003,Defender,Senior,USA,Domestic,,,,,,,,,,,
Nicolas,Lodeiro,383,Houston Dynamo,12/31/2025,2026,3/21/1989,Midfielder,Senior,Uruguay,Domestic,,,,,,,,,,,
Drake ,Callender,184,Inter Miami,12/31/2025,2026,10/7/1997,Goalkeeper,Senior,USA,Domestic,,,,,,,,,,,
Gonzalo,Luján,861,Inter Miami,12/31/2027,2028,4/27/2001,Defender,Senior,Argentina,International,,,,,,,,,,,
Baltasar,Rodriguez,18,Inter Miami,12/31/2025(LOAN),Option to BUY,7/9/2003,Midfielder,,Argentina,International,,,,,,,,,,,
Sergio,Busquets,982,Inter Miami,12/31/2025,None,7/16/1988,Midfielder,Designated Player,Spain,International,,,,,,,,,,,
Tomás,Avilés,425,Inter Miami,12/31/2026,2027 and 2028,2/3/2004,Defender,U22 Initiative,Argentina,International,,,,,,,,,,,
Fafà,Picault,325,Inter Miami,12/31/2025,2026,2/23/1991,Midfielder,Senior,USA,Domestic,,,,,,,,,,,
Telasco,Segovia,542,Inter Miami,12/31/2029,None,4/2/2003,Midfielder,U22 Initiative,Venezuela,International,,,,,,,,,,,
Luis,Suárez,755,Inter Miami,12/31/2025,None,1/24/1987,Forward,Senior,Uruguay,International,,,,,,,,,,,
Lionel,Messi,665,Inter Miami,12/31/2025,None,6/24/1987,Forward,Designated Player,Argentina,International,,,,,,,,,,,
David,Martínez,110,Inter Miami,7/2025 (LOAN),Option to BUY,1/21/1998,Defender,Senior,Argentina,International ,,,,,,,,,,,
Ryan,Sailor,0,Inter Miami,12/31/2025,None,11/27/1998,Defender,Supplemental,USA,Domestic,,,,,,,,,,,
Ian ,Fray,437,Inter Miami,12/31/2025,None,8/31/2002,Defender,Senior,USA,Domestic,,,,,,,,,,,
Jordi ,Alba,931,Inter Miami,12/31/2025,None,3/21/1989,Defender,Desgnated Player,Spain,International,,,,,,,,,,,
Oscar,Ustari,754,Inter Miami,12/31/2025,None,7/3/1986,Goalkeeper,Senior,Argentina,International,,,,,,,,,,,
Allen,Obando,140,Inter Miami,12/31/2025(LOAN),Option to BUY,6/13/2006,Forward,Senior,Ecuador,International,,,,,,,,,,,
Tadeo,Allende,539,Inter Miami,12/31/2025 (LOAN),None,2/20/1999,Midfielder,Senior,Argentina,International,,,,,,,,,,,
Leo,Afonso,88,Inter Miami,12/31/2025,2026 and 2027,7/13/2001,Forward,Supplemental ,USA,Domestic,,,,,,,,,,,
Tyler,Hall,0,Inter Miami,12/31/2027,2028,2/5/2006,Defender,Off-Roster Homegrown,USA,Domestic,,,,,,,,,,,
Benjamin,Cremaschi,724,Inter Miami,12/31/2027,2028,3/2/2005,Midfielder,Senior,USA,Domestic,,,,,,,,,,,
Noah,Allen,838,Inter Miami,12/31/2025,2026 and 2027,4/28/2004,Defender,Homegrown,USA,Domestic,,,,,,,,,,,
Rocco,Novo,139,Inter Miami,12/31/2025 (LOAN),Option to BUY,6/4/2002,Goalkeeper,Senior,USA,Domestic,,,,,,,,,,,
Maximiliano,Falcón,470,Inter Miami,12/31/2028,2029,5/1/1997,Defender,Senior,Uruguay,International,,,,,,,,,,,
David,Ruiz,73,Inter Miami,12/31/2025,2026 and 2027,2/8/2004,Midfielder,Supplemental ,USA,Domestic,,,,,,,,,,,
Yannick,Bright,674,Inter Miami,12/31/2025,2026 and 2027,9/3/2001,Midfielder,Supplemental,Italy,International,,,,,,,,,,,
Fedrico,Redondo,418,Inter Miami,12/31/2027,2028,1/18/2003,Midfielder,U22 Initiative,Spain,Domestic,,,,,,,,,,,
Marcelo,Weigandt,371,Inter Miami,12/31/2025(LOAN),Option to BUY,1/11/2000,Defender,Senior,Argentina,International,,,,,,,,,,,
Isreal,Boatwright,0,Inter Miami,12/31/2026,2027 and 2028,6/2/2005,Defender,Off-Roster Homegrown,USA,Domestic,,,,,,,,,,,
Santiago,Morales,20,Inter Miami,12/31/2027,2028,2/9/2007,Midfielder,Homegrown,Spain,Domestic,,,,,,,,,,,
Novak,Micovic,270,LA Galaxy,12/31/2026,2027,10/25/2001,Goalkeeper,Supplemental,Yugoslavia,International,,,,,,,,,,,
Miki,Yamane,836,LA Galaxy,12/31/2026,None,12/22/1993,Defender,Senior,Japan,International,,,,,,,,,,,
Julian,Aude,610,LA Galaxy,12/31/2027,None,3/24/2003,Defender,U22 Initiative,Argentina,International,,,,,,,,,,,
Maya,Yoshida,814,LA Galaxy,12/31/2026,None,8/24/1988,Defender,Senior,Japan,International,,,,,,,,,,,
Mathias ,Jorgensen,564,LA Galaxy,12/31/2026,None,4/23/1990,Defender,Senior,Denmark,International,,,,,,,,,,,
Edwin,Cerrillo,958,LA Galaxy,12/31/2026,2027,10/3/2000,Midfielder,Senior,USA,Domestic,,,,,,,,,,,
Diego,Fagundez,1071,LA Galaxy,12/31/2025,2026,2/1/1995,Midfielder,Senior,Uruguay,Domestic,,,,,,,,,,,
Lucas,Sanabria,343,LA Galaxy,12/31/2029,,12/26/2003,Midfielder,U22 Initiative,Uruguay,International,,,,,,,,,,,
Matheus,Nascimento,120,LA Galaxy,12/31/2025,Option to BUY,3/3/2004,Forward,U22 Initiative,Brazil,International,,,,,,,,,,,
Riqui,Puig,0,LA Galaxy,12/31/2027,None,8/13/1999,Midfielder,Designated Player,Spain,International,,,,,,,,,,,
Gabriel,Pec,884,LA Galaxy,12/31/2028,None,2/11/2001,Forward,Designated Player,Brazil,International,,,,,,,,,,,
JT,Marcinkowski,0,LA Galaxy,12/31/2026,2027,5/9/1997,Goalkeeper,Senior,USA,Domestic,,,,,,,,,,,
John,Nelson,708,LA Galaxy,12/31/2025,2026,7/11/1998,Defender,Senior,USA,Domestic,,,,,,,,,,,
Eriq,Zavaleta,129,LA Galaxy,12/31/2025,None,8/2/1992,Defender,Supplemental,USA,Domestic,,,,,,,,,,,
Isaiah,Parente,624,LA Galaxy,12/31/2025,2026,3/16/2000,Midfielder,Homegrown,USA,Domestic,,,,,,,,,,,
Christian,Ramirez,692,LA Galaxy,12/31/2025,None,4/4/1991,Forward,Senior,USA,Domestic,,,,,,,,,,,
Marco,Reus,476,LA Galaxy,12/31/2026,None,5/31/1989,Midfielder,Senior,Germany,International,,,,,,,,,,,
Mauricio,Cuevas,140,LA Galaxy,12/31/2025,2026 and 2027,2/10/2003,Defender,Homegrown,USA,Domestic,,,,,,,,,,,
Tucker,Lepley,363,LA Galaxy,12/31/2025,2026 and 2027,1/17/2002,Forward,Supplemental,USA,Domestic,,,,,,,,,,,
Ruben,Ramos Jr,63,LA Galaxy,12/31/2027,2028,1/22/2007,Forward,Homegrown,USA,Domestic,,,,,,,,,,,
Carlos Emiro,Garces,863,LA Galaxy,12/31/2028,None,10/11/2001,Defender,Senior,Colombia,International,,,,,,,,,,,
Harbor,Miller,245,LA Galaxy,12/31/2027,2028,6/21/2007,Defender,Homegrown,USA,Domestic,,,,,,,,,,,
Miguel,Berry,384,LA Galaxy,12/31/2025,2026,9/16/1997,Forward,Senior,Spain,Domestic,,,,,,,,,,,
Joseph,Paintstil,438,LA Galaxy,12/31/2027,None,2/1/1998,Forward,Designated Player,Ghana,International,,,,,,,,,,,
Brady ,Scott,0,LA Galaxy,12/31/2025,2026,6/30/1999,Goalkeeper,Supplemental,USA,Domestic,,,,,,,,,,,
Ascel,Essengue,0,LA Galaxy,12/31/2026,2027 and 2028,4/30/2003,Defender,Supplemental,Cameroon,Domestic,,,,,,,,,,,
John,McCarthy,900,LA Galaxy,12/31/2025,None,7/4/1992,Goalkeeper,Senior,USA,Domestic,,,,,,,,,,,
Elijah,Wynder,313,LA Galaxy,12/31/2027,2028,3/10/2003,Midfielder,Senior,USA,Domestic,,,,,,,,,,,
Denis,Bouanga,1013,LAFC,12/31/2027,2028,11/11/1994,Forward,Designated Player,France,International,,,,,,,,,,,
Maxime,Chanot,67,LAFC,12/31/2025,None,11/21/1989,Defender,Senior,France,Domestic,,,,,,,,,,,
Mark,Delgado,855,LAFC,12/31/2028,None,5/16/1995,Midfielder,Senior,USA,Domestic,,,,,,,,,,,
Lorenzo,Dellavalle,0,LAFC,12/31/2026,2027,4/4/2004,Defender,Supplemental,Italy,International,,,,,,,,,,,
Jeremy,Ebobisse,345,LAFC,12/31/2027,2028,2/14/1997,Forward,Senior,USA,Domestic,,,,,,,,,,,
Ryan,Raposo,0,LAFC,12/31/2025,2026,3/5/1999,Midfielder,Senior,Canada,Domestic,,,,,,,,,,,
Olivier,Giroud,426,LAFC,12/31/2025,2026,9/30/1986,Forward,Designated Player,France,International,,,,,,,,,,,
Thomas,Hasal,90,LAFC,12/31/2025,2026,7/9/1999,Goalkeeper,Supplemental,Canada,Domestic,,,,,,,,,,,
Frankie,Amaya,102,LAFC,12/31/2025 (LOAN),,9/26/2000,Midfielder,Senior,USA,Domestic,,,,,,,,,,,
Kenny,Nielsen,0,LAFC,12/31/2025,2026 and 2027,2/13/2002,Defender,Supplemental,USA,Domestic,,,,,,,,,,,
Ryan,Hollingshead,809,LAFC,12/31/2025,None,4/16/1991,Defender,Senior,USA,Domestic,,,,,,,,,,,
Odin,Holm,98,LAFC,12/31/2025,None,1/18/2003,Midfielder,Senior, Norway,International,,,,,,,,,,,
Igor,Jesus,967,LAFC,12/31/2028,None,3/7/2003,Midfielder,U22 Initiative,Brazil,International,,,,,,,,,,,
Hugo,Lloris,1080,LAFC,12/31/2025,2026,12/26/1986,Goalkeeper,Senior,France,International,,,,,,,,,,,
Aaron,Long,838,LAFC,12/31/2027,None,10/12/1992,Defender,Senior,USA,Domestic,,,,,,,,,,,
David,Martínez,620,LAFC,12/31/2027,2028,2/7/2006,Midfielder,U22 Initiative,Venezuela,International,,,,,,,,,,,
David,Ochoa,0,LAFC,12/31/2025,2026,1/16/2001,Goalkeeper,Supplemental,USA,Domestic,,,,,,,,,,,
Nathan,Ordaz,637,LAFC,12/31/2025,2026,1/12/2004,Forward,Homegrown,USA,Domestic,,,,,,,,,,,
Sergi,Palencia,1016,LAFC,12/31/2025,None,3/23/1996,Defender,Senior,Spain,International,,,,,,,,,,,
Marlon,Santos,529,LAFC,6/2025,2025 and 2026,9/7/1995,Defender,Senior,Brazil,International,,,,,,,,,,,
Eddie,Segura,756,LAFC,12/31/2026,None,2/2/1997,Defender,Senior,Colombia,Domestic,,,,,,,,,,,
Nkosi,Tafari,439,LAFC,12/31/2025,2026,3/23/1997,Defender,Senior,USA,Domestic,,,,,,,,,,,
Jude,Terry,0,LAFC,12/31/2027,2028 and 2029,10/8/2008,Midfielder,Off-Roster Homegrown,USA,Domestic,,,,,,,,,,,
Timothy,Tillman,903,LAFC,12/31/2025,2026,1/4/1999,Midfielder,Senior,Germany,Domestic,,,,,,,,,,,
Adrian,Wibowo,16,LAFC,12/31/2025,2026 and 2027,1/17/2006,Forward,Homegrown,USA,Domestic,,,,,,,,,,,
Yaw,Yeboah,299,LAFC,12/31/2026,2027,3/28/1997,Midfielder,Senior,Ghana,International,,,,,,,,,,,
Cengiz,Ünder,395,LAFC,6/2025 (LOAN),Option to BUY,7/14/1997,Forward,Designated Player,Turkey,International,,,,,,,,,,,
Artem,Smoliakov,353,LAFC,12/31/2028,2029,5/29/2003,Defender,U22 Initiative,Ukraine,International,,,,,,,,,,,
Adam,Saldana,180,LAFC,12/31/2025,2026,,Midfielder,Supplemental,USA,Domestic,,,,,,,,,,,
Michael,Boxall,900,Minnesota,12/31/2025,2026,8/18/1988,Defender,Senior,New Zealand,Domestic,,,,,,,,,,,
Jefferson ,Diaz,745,Minnesota,12/31/2026,2027,12/5/2000,Defender,Senior,Colombia,International,,,,,,,,,,,
Hassani ,Dotson,375,Minnesota,12/31/2025,None,8/6/1997,Midfielder,Senior,USA,Domestic,,,,,,,,,,,
Morris,Duggan,664,Minnesota,12/31/2025,2026 and 2027,10/24/2000,Defender,Supplemental ,Germany,International,,,,,,,,,,,
Owen ,Gene,98,Minnesota,12/31/2027,2029,3/19/2003,Midfielder,U22 Initiative,France,International,,,,,,,,,,,
Carlos ,Harvey,565,Minnesota,12/31/2025,2026,2/3/2000,Midfielder,Senior,Panama,Domestic,,,,,,,,,,,
Bongokuhle ,Hlongwane,1041,Minnesota,12/31/2027,2028,6/20/2000,Forward,Senior,South Africa,Domestic,,,,,,,,,,,
Sang Bin,Jeong,262,Minnesota,12/31/2025,2026,4/1/2002,Forward,U22 Initiative,South Korea,International,,,,,,,,,,,
Hoyeon ,Jung,79,Minnesota,12/31/2027,2028,9/28/2000,Midfielder,Senior,South Korea,International,,,,,,,,,,,
Kipp ,Keller,0,Minnesota,12/31/2025,2026,7/14/2000,Defender,Supplemental ,USA,Domestic,,,,,,,,,,,
Robin , Lod,877,Minnesota,12/31/2025,2026,4/17/1993,Midfielder,Senior,Finland,Domestic,,,,,,,,,,,
Anthony ,Markanich,503,Minnesota,12/31/2025,None,12/26/1999,Defender,Supplemental ,USA,Domestic,,,,,,,,,,,
Loïc ,Mesanvi,10,Minnesota,12/31/2025,2026 and 2027,10/6/2003,Midfielder,Supplemental ,Togo,Domestic,,,,,,,,,,,
Tanitoluwa ,Oluwaseyi,922,Minnesota,12/31/2027,2028,5/15/2000,Forward,Senior,Nigeria,Domestic,,,,,,,,,,,
Devin ,Padelford,91,Minnesota,12/31/2025,2026,1/3/2003,Defender,Homegrown,USA,Domestic,,,,,,,,,,,
Joaquín ,Pereyra,924,Minnesota,12/31/2027,2028,12/1/1998,Midfielder,Designated Player,Argentina,International,,,,,,,,,,,
Nicolás ,Romero,699,Minnesota,12/31/2027,2028,11/28/2003,Defender,U22 Initiative,Argentina,International,,,,,,,,,,,
Joseph ,Rosales,573,Minnesota,12/31/2027,2028,11/6/2000,Midfielder,Senior,Honduras,Domestic,,,,,,,,,,,
Samuel ,Shashoua,100,Minnesota,12/31/2025,2026,5/13/1999,Forward,Supplemental ,England,Domestic,,,,,,,,,,,
Julian ,Gressel,135,Minnesota,12/31/2026,2027,12/16/1993,Defender,Senior,USA,Domestic,,,,,,,,,,,
Alec ,Smir,90,Minnesota,12/31/2025,2026,4/13/1999,Goalkeeper,Supplemental ,USA,Domestic,,,,,,,,,,,
Dayne ,St. Clair,1080,Minnesota,12/31/2025,None,5/9/1997,Goalkeeper,Senior,Canada,Domestic,,,,,,,,,,,
DJ ,Taylor,152,Minnesota,12/31/2025,2026,8/26/1997,Defender,Senior,USA,Domestic,,,,,,,,,,,
Wil ,Trapp,1025,Minnesota,12/31/2025,2026,1/15/1993,Midfielder,Senior,USA,Domestic,,,,,,,,,,,
Kelvin ,Yeboah,895,Minnesota,12/31/2027,2028,5/6/2000,Forward,Designated Player,Ghana,International,,,,,,,,,,,
Joe ,Willis,1170,Nashville SC,12/31/2025,2026,8/10/1988,Goalkeeper,Senior,USA,Domestic,,,,,,,,,,,
Daniel ,Lovitz,1168,Nashville SC,12/31/2025,2026,8/27/1991,Defender,Senior,USA,Domestic,,,,,,,,,,,
Jeisson ,Palacios,539,Nashville SC,12/31/2026,2027,3/20/1994,Defender,Senior,Colombia,International,,,,,,,,,,,
Jack ,Maher,1170,Nashville SC,12/31/2027,None,10/28/1999,Defender,Senior,USA,Domestic,,,,,,,,,,,
Bryan ,Acosta,9,Nashville SC,12/31/2025,2026,11/24/1993,Midfielder,Senior,Honduras,Domestic,,,,,,,,,,,
Gastón ,Brugman,357,Nashville SC,12/31/2025,2026,9/7/1992,Midfielder,Senior,Uruguay,Domestic,,,,,,,,,,,
Patrick ,Yazbek,742,Nashville SC,12/31/2027,2028,4/5/2002,Midfielder,U22 Initiative,Australia,International,,,,,,,,,,,
Sam ,Surridge,1149,Nashville SC,12/31/2026,2027,7/28/1998,Forward,Designated Player,England,International,,,,,,,,,,,
Hany ,Mukhtar,1150,Nashville SC,12/31/2026,2027,3/21/1995,Midfielder,Designated Player,Germany,Domestic,,,,,,,,,,,
Tyler ,Boyd,0,Nashville SC,12/31/2026,2027,12/30/1994,Forward,Senior,New Zealand,Domestic,,,,,,,,,,,
Teal ,Bunbury,54,Nashville SC,12/31/2025,None,2/27/1990,Forward,Senior,Canada,Domestic,,,,,,,,,,,
Xavier ,Valdez,0,Nashville SC,12/31/2025,2026 and 2027,11/23/2003,Goalkeeper,Supplemental ,USA,Domestic,,,,,,,,,,,
Jacob ,Shaffelburg,406,Nashville SC,12/31/2026,2027,11/26/1999,Midfielder,Senior,Canada,Domestic,,,,,,,,,,,
Matthew ,Corcoran,148,Nashville SC,12/31/2027,2028 and 2029,2/17/2006,Midfielder,Supplemental ,USA,Domestic,,,,,,,,,,,
Alex ,Muyl,983,Nashville SC,12/31/2025,2026,9/30/1995,Midfielder,Senior,USA,Domestic,,,,,,,,,,,
Edvard ,Tagseth,1094,Nashville SC,12/31/2026,2027,1/23/2001,Midfielder,Senior,Norway,International,,,,,,,,,,,
Josh ,Bauer,240,Nashville SC,12/31/2026,2027,7/22/1998,Defender,Supplemental ,USA,Domestic,,,,,,,,,,,
Taylor ,Washington,0,Nashville SC,12/31/2025,None,8/16/1993,Defender,Supplemental,USA,Domestic,,,,,,,,,,,
Walker ,Zimmerman,618,Nashville SC,12/31/2025,None,5/19/1993,Defender,Designated Player,USA,Domestic,,,,,,,,,,,
Wyatt,Meyer,149,Nashville SC,12/31/2025,2026 and 2027 and 2028,1/11/2001,Defender,Supplemental,USA,Domestic,,,,,,,,,,,
Julian ,Gaines,10,Nashville SC,12/31/2025,2026,11/5/2002,Defender,Supplemental,USA,Domestic,,,,,,,,,,,
Jonathan,Perez,158,Nashville SC,12/31/2025 (LOAN),Option to BUY,1/18/2003,Forward,Senior,USA,Domestic,,,,,,,,,,,
Andy,Najar,976,Nashville SC,12/31/2025,2026,3/16/1993,Defender,Senior,Honduras,Domestic,,,,,,,,,,,
Christopher ,Applewhite,25,Nashville SC,12/31/2027,2028 and 2029,8/23/2007,Defender,Homegrown,USA,Domestic,,,,,,,,,,,
Ahmed ,Qasem,545,Nashville SC,12/31/2027,2028,7/12/2003,Midfielder,U22 Initiative,Sweden,International,,,,,,,,,,,
Isaiah,Jones,0,Nashville SC,12/31/2027,2028,4/8/2006,Midfielder,Off-Roster Homegrown,Sierra Leone,Domestic,,,,,,,,,,,
Adem ,Sipic,0,Nashville SC,12/31/2027,2028,4/5/2006,Forward,Off-Roster Homegrown,USA,Domestic,,,,,,,,,,,
Brian ,Schwake,0,Nashville SC,12/31/2026,2027,8/24/2001,Goalkeeper,Supplemental,USA,Domestic,,,,,,,,,,,
Tanner ,Beason,483,NE Revolution,12/31/2026,2027,3/23/1997,Defender,Senior,USA,Domestic,,,,,,,,,,,
Alex ,Bono,0,NE Revolution,12/31/2026,None,4/25/1994,Goalkeeper,Senior,USA,Domestic,,,,,,,,,,,
Brandon ,Bye,275,NE Revolution,12/31/2025,None,11/29/1995,Defender,Senior,USA,Domestic,,,,,,,,,,,
Leo ,Campana,533,NE Revolution,12/31/2027,2028,7/24/2000,Forward,Senior,Ecuador,Domestic,,,,,,,,,,,
Brayan ,Ceballos,900,NE Revolution,12/31/2027,2028,5/24/2001,Defender,Senior,Colombia,International,,,,,,,,,,,
Tomás ,Chancalay,68,NE Revolution,12/31/2026,2027,1/1/1999,Midfielder,Designated Player,Argentina,International,,,,,,,,,,,
Luis ,Diaz Espinoza,107,NE Revolution,12/31/2025,2026 and 2027,12/6/1998,Midfielder,Supplemental,Costa Rica,Domestic,,,,,,,,,,,
Andrew ,Farrell,0,NE Revolution,12/31/2025,2026,4/2/1992,Defender,Senior,USA,Domestic,,,,,,,,,,,
Ilay ,Feingold,900,NE Revolution,12/31/2027,2028,8/23/2004,Defender,U22 Initiative,Israel,International,,,,,,,,,,,
Mamadou ,Fofana,964,NE Revolution,12/31/2027,2028,1/21/1998,Defender,Senior,Mali,International,,,,,,,,,,,
Malcolm,Fry,0,NE Revolution,12/31/2026,2027,5/15/2005,Forward,Homegrown,USA,Domestic,,,,,,,,,,,
Ignatius ,Ganago,932,NE Revolution,7/1/2025,Option to BUY,2/16/1999,Forward,Senior,Cameroon,International,,,,,,,,,,,
Carles ,Gil,987,NE Revolution,12/31/2026,2027,11/22/1992,Midfielder,Designated Player,Spain,Domestic,,,,,,,,,,,
Aljaz ,Ivacic,990,NE Revolution,12/31/2025,2026,12/29/1993,Goalkeeper,Supplemental,Slovenia,International,,,,,,,,,,,
Luca ,Langoni,429,NE Revolution,12/31/2027,2028,2/9/2002,Forward,U22 Initiative,Argentina,International,,,,,,,,,,,
Damario ,McIntosh,0,NE Revolution,12/31/2028,2029,8/17/2007,Defender,Homegrown,Jamaica,Domestic,,,,,,,,,,,
Peyton,Miller,526,NE Revolution,12/31/2027,2028,11/8/2007,Defender,Homegrown,USA,Domestic,,,,,,,,,,,
Wyatt,Omsberg,56,NE Revolution,12/31/2025,2026,9/21/1995,Defender,Senior,USA,Domestic,,,,,,,,,,,
Donovan ,Parisian,0,NE Revolution,12/31/2026,2027 and 2028,9/27/2004,Goalkeeper,Supplemental,USA,Domestic,,,,,,,,,,,
Matthew ,Polster,706,NE Revolution,12/31/2025,None,6/8/1993,Midfielder,Senior,USA,Domestic,,,,,,,,,,,
Will ,Sands,285,NE Revolution,12/31/2026,2027,7/6/2000,Defender,Senior,USA,Domestic,,,,,,,,,,,
Maxi ,Urruti,359,NE Revolution,12/31/2025,2026,2/22/1991,Forward,Supplemental,Argentina,Domestic,,,,,,,,,,,
Jackson ,Yueill,379,NE Revolution,12/31/2027,2028 and  2029,3/19/1997,Midfielder,Senior,USA,Domestic,,,,,,,,,,,
Alhassan ,Yusuf,986,NE Revolution,12/31/2027,2028,7/18/2000,Midfielder,Senior,Nigeria,International,,,,,,,,,,,
Keegan,Hughes,2,NE Revolution,12/31/2025,2026 and 2027,7/22/2000,Defender,Supplemental,USA,Domestic,,,,,,,,,,,
Birk ,Risa,529,NYCFC,12/31/2025,2026,2/13/1998,Defender,Senior,Norway,International,,,,,,,,,,,
Mounsef ,Bakrar,300,NYCFC,12/31/2026,2027,1/13/2001,Forward,Senior,Algeria,Domestic,,,,,,,,,,,
Maxi ,Moralez,1055,NYCFC,12/31/2025,None,2/27/1987,Midfielder,Senior,Argentina,Domestic,,,,,,,,,,,
Julián ,Fernández,658,NYCFC,12/31/2027,2028,1/30/2004,Forward,U22 Initiative,Argentina,Domestic,,,,,,,,,,,
Strahinja ,Tanasijević,222,NYCFC,12/31/2025,2026 and  2027,6/12/1997,Defender,Senior,Yugoslavia,International,,,,,,,,,,,
Thiago ,Martins,1005,NYCFC,12/31/2025,2026,3/17/1995,Defender,Designated Player,Brazil,Domestic,,,,,,,,,,,
Alonso ,Martínez,1055,NYCFC,12/31/2027,2028 and 2029,10/15/1998,Forward,Senior,Costa Rica,International,,,,,,,,,,,
Hannes ,Wolf,1054,NYCFC,12/31/2027,2028,4/16/1999,Forward,Senior,Austria,International,,,,,,,,,,,
Greg ,Ranjitsingh,0,NYCFC,12/31/2026,2027,7/18/1993,Goalkeeper,Supplemental ,Canada,Domestic,,,,,,,,,,,
Kevin ,O'Toole,745,NYCFC,12/31/2025,2026,12/14/1998,Forward,Senior,USA,Domestic,,,,,,,,,,,
Andres,Perea,270,NYCFC,12/31/2025,2026,11/14/2000,Midfielder,Senior,USA,Domestic,,,,,,,,,,,
Tayvon ,Gray,334,NYCFC,12/31/2025,2026,8/19/2002,Defender,Homegrown,USA,Domestic,,,,,,,,,,,
Agustín ,Ojeda,469,NYCFC,12/31/2028,2029,6/19/2004,Forward,U22 Initiative,Argentina,Domestic,,,,,,,,,,,
Máximo ,Carrizo,42,NYCFC,12/31/2027,2028,2/28/2008,Midfielder,Homegrown,USA,Domestic,,,,,,,,,,,
Tomas ,Romero,0,NYCFC,12/31/2025,2026,12/19/2000,Goalkeeper,Supplemental ,USA,Domestic,,,,,,,,,,,
Jonathan ,Shore,845,NYCFC,12/31/2027,2028,4/13/2007,Midfielder,Homegrown,USA,Domestic,,,,,,,,,,,
Prince ,Amponsah,0,NYCFC,12/31/2025,2026 2027 and 2028,8/30/2003,Defender,Homegrown,USA,Domestic,,,,,,,,,,,
Mitja ,Ilenic,805,NYCFC,12/31/2026,2027,12/26/2004,Defender,Senior,Slovenia,Domestic,,,,,,,,,,,
Zidane ,Yañez,0,NYCFC,12/31/2028,2029,1/26/2008,Forward,Off-Roster Homegrown,USA,Domestic,,,,,,,,,,,
Drew ,Baiera,0,NYCFC,12/31/2027,2028,2/28/2007,Defender,Homegrown,USA,Domestic,,,,,,,,,,,
Alex ,Rando,0,NYCFC,12/31/2025,2026 and 2027,4/15/2001,Goalkeeper,Off-Roster Homegrown,USA,Domestic,,,,,,,,,,,
Aiden ,O'Neill,107,NYCFC,12/31/2028,,7/4/1998,Midfielder,Senior,Australia,International,,,,,,,,,,,
Jacob,Arroyave,0,NYCFC,12/31/2027,2028,11/12/2007,Midfielder,Off-Roster Homegrown,USA,Domestic,,,,,,,,,,,
Matt,Freese,1170,NYCFC,12/31/2026,2027,9/2/1998,Goalkeeper,Senior,USA,Domestic,,,,,,,,,,,
Keaton ,Parks,820,NYCFC,12/31/2026,2027 and 2028,8/6/1997,Midfielder,Senior,USA,Domestic,,,,,,,,,,,
Malachi ,Jones,0,NYCFC,12/31/2026,2027,9/23/2003,Forward,Supplemental,Sierra Leone,Domestic,,,,,,,,,,,
Max,Murray,0,NYCFC,12/31/2025,2026 2027 and 2028,4/8/2002,Defender,Supplemental,USA,Domestic,,,,,,,,,,,
Nico ,Cavallo,218,NYCFC,12/31/2025,2026 2027 and 2028,12/27/2001,Defender,Supplemental ,USA,Domestic,,,,,,,,,,,
Justin,Haak,1146,NYCFC,12/31/2025,None,9/21/2001,Midfielder,Senior,USA,Domestic,,,,,,,,,,,
AJ ,Marcucci,90,NY Red Bulls,12/31/2025,2026 and 2027,7/31/1999,Goalkeeper,Supplemental ,USA,Domestic,,,,,,,,,,,
Aidan ,Stokes,0,NY Red Bulls,12/31/2027,2028,1/14/2008,Goalkeeper,Homegrown,USA,Domestic,,,,,,,,,,,
Carlos,Coronel,1080,NY Red Bulls,12/31/2025,None,12/29/1996,Goalkeeper,Senior,Brazil,Domestic,,,,,,,,,,,
Noah ,Eile,1125,NY Red Bulls,12/31/2027,2028,7/19/2002,Defender,U22 Initiative,Sweden,International,,,,,,,,,,,
Omar ,Valencia,779,NY Red Bulls,12/31/2027,2028,6/8/2004,Defender,Supplemental,Panama,International,,,,,,,,,,,
Kyle ,Duncan,270,NY Red Bulls,12/31/2025,2026,8/8/1997,Defender,Senior,USA,Domestic,,,,,,,,,,,
Dylan ,Nealis,609,NY Red Bulls,12/31/2027,2028,7/30/1998,Defender,Senior,USA,Domestic,,,,,,,,,,,
Sean ,Nealis,903,NY Red Bulls,12/31/2025,2026,1/13/1997,Defender,Senior,USA,Domestic,,,,,,,,,,,
Curtis ,Ofori,0,NY Red Bulls,12/31/2025,2026,11/20/2005,Defender,Homegrown,USA,Domestic,,,,,,,,,,,
Tim ,Parker,233,NY Red Bulls,12/31/2025,2026,2/23/1993,Defender,Senior,USA,Domestic,,,,,,,,,,,
Alexander,Hack ,499,NY Red Bulls,12/31/2026,2027,9/8/1993,Defender,Senior,Germany,International,,,,,,,,,,,
Raheem ,Edwards ,395,NY Red Bulls,12/31/2026,2027,7/17/1995,Defender,Senior,Canada,Domestic,,,,,,,,,,,
Marcelo ,Morales,0,NY Red Bulls,12/31/2027,2028,6/6/2003,Defender,Senior,Chile,International,,,,,,,,,,,
Peter ,Stroud,760,NY Red Bulls,12/31/2025,2026 and 2027,4/23/2002,Midfielder,Homegrown,USA,Domestic,,,,,,,,,,,
Lewis ,Morgan,90,NY Red Bulls,12/31/2026,2027 and 2028,9/30/1996,Midfielder,Senior,Scotland,International,,,,,,,,,,,
Emil ,Forsberg,1127,NY Red Bulls,12/31/2026,2027,10/23/1991,Midfielder,Designated Player,Sweden,International,,,,,,,,,,,
Cameron ,Harper,428,NY Red Bulls,12/31/2027,2028,11/19/2001,Midfielder,Senior,USA,Domestic,,,,,,,,,,,
Wiki ,Carmona,584,NY Red Bulls,12/31/2027,2028,2/24/2003,Midfielder,Senior,Venezuela,Domestic,,,,,,,,,,,
Felipe ,Carballo,696,NY Red Bulls,6/2025(LOAN),Option to BUY,10/4/1996,Midfielder,Senior,Uruguay,International,,,,,,,,,,,
Dennis ,Gjengaar,316,NY Red Bulls,12/31/2027,2028,2/24/2004,Midfielder,U22 Initiative,Norway,International,,,,,,,,,,,
Mohammed ,Sofo,379,NY Red Bulls,12/31/2026,2027 and 2028,11/30/2004,Midfielder,Supplemental,Ghana,International,,,,,,,,,,,
Ronald,Donkor,93,NY Red Bulls,12/31/2026,2027,11/20/2004,Midfielder,Senior,Ghana,International,,,,,,,,,,,
Daniel ,Edelman,765,NY Red Bulls,12/31/2027,2028,4/28/2003,Midfielder,Senior,USA,Domestic,,,,,,,,,,,
Adri ,Mehmeti,0,NY Red Bulls,12/31/2028,2029,4/6/2009,Midfielder,Off-Roster Homegrown,USA,Domestic,,,,,,,,,,,
Aiden ,Jarvis,0,NY Red Bulls,12/31/2028,2029,11/14/2006,Midfielder,Off-Roster Homegrown,USA,Domestic,,,,,,,,,,,
Wiktor ,Bogacz,62,NY Red Bulls,12/31/2028,2029,7/14/2004,Forward,U22 Initiative,Poland,International,,,,,,,,,,,
Eric Maxim ,Choupo-Moting,1132,NY Red Bulls,12/31/2026,2027,3/23/1989,Forward,Designated Player,Germany,International,,,,,,,,,,,
Julian ,Hall,194,NY Red Bulls,12/31/2026,2027,3/24/2008,Forward,Homegrown,USA,Domestic,,,,,,,,,,,
Roald ,Mitchell,0,NY Red Bulls,12/31/2026,2027 and 2028,1/13/2003,Forward,Homegrown,USA,Domestic,,,,,,,,,,,
Tanner ,Rosborough,0,NY Red Bulls,12/31/2028,2029,3/21/2008,Forward,Off-Roster Homegrown,USA,Domestic,,,,,,,,,,,
Serge ,Ngoma,261,NY Red Bulls,12/31/2027,2028,7/9/2005,Forward,Homegrown,USA,Domestic,,,,,,,,,,,
Iván,Angulo,996,Orlando City,12/31/2025,2026,3/22/1999,Forward,Senior,Colombia,Domestic,,,,,,,,,,,
César ,Araújo,720,Orlando City,12/31/2025,None,4/2/2001,Midfielder,Senior,Uruguay,Domestic,,,,,,,,,,,
Eduard ,Atuesta,617,Orlando City,12/31/2025,2026,6/18/1997,Midfielder,Senior,Colombia,International,,,,,,,,,,,
David ,Brekalo,752,Orlando City,12/31/2027,2028,12/3/1998,Defender,Senior,Slovenia,Domestic,,,,,,,,,,,
Ramiro ,Enrique,234,Orlando City,12/31/2025,2026 and 2027,5/4/2001,Forward,U22 Initiative,Argentina,Domestic,,,,,,,,,,,
Alex ,Freeman,1114,Orlando City,12/31/2025,2026,8/9/2004,Defender,Senior,USA,Domestic,,,,,,,,,,,
Pedro ,Gallese,1080,Orlando City,12/31/2025,None,2/23/1990,Goalkeeper,Senior,Peru,Domestic,,,,,,,,,,,
Joran ,Gerbet,547,Orlando City,12/31/2026,2027 and 2028,6/30/2001,Midfielder,Supplemental,France,International,,,,,,,,,,,
Colin,Guske,5,Orlando City,12/31/2027,2028,1/29/2007,Midfielder,Off-Roster Homegrown,USA,Domestic,,,,,,,,,,,
Robin ,Jansson,990,Orlando City,12/31/2025,2026,11/15/1991,Defender,Senior,Sweden,Domestic,,,,,,,,,,,
Favian ,Loyola,0,Orlando City,12/31/2025,2026 and 2027,5/18/2005,Midfielder,Supplemental ,USA,Domestic,,,,,,,,,,,
Duncan ,McGuire,279,Orlando City,12/31/2027,2028,2/5/2001,Forward,Senior,USA,Domestic,,,,,,,,,,,
Carlos ,Mercado,0,Orlando City,12/31/2025,2026 and 2027,9/27/1999,Goalkeeper,Senior,USA,Domestic,,,,,,,,,,,
Gustavo,Caraballo,11,Orlando City,12/31/2027,2028,8/29/2008,Midfielder,Homegrown,Venezuela,Domestic,,,,,,,,,,,
Shakur ,Mohammed,0,Orlando City,12/31/2025,2026 and 2027,8/27/2003,Midfielder,Supplemental (GA),Ghana,Domestic,,,,,,,,,,,
Luis ,Muriel,962,Orlando City,12/31/2026,None,4/16/1991,Forward,Designated Player,Colombia,International,,,,,,,,,,,
Martín ,Ojeda,981,Orlando City,12/31/2025,2026 and 2027,11/27/1998,Midfielder,Designated Player,Argentina,Domestic,,,,,,,,,,,
Javier ,Otero,90,Orlando City,12/31/2025,2026,11/18/2002,Goalkeeper,Homegrown,Venezuela,Domestic,,,,,,,,,,,
Marco ,Pašalić,1015,Orlando City,12/31/2027,2028,9/14/2000,Forward,Designated Player,Germany,International,,,,,,,,,,,
Tahir ,Reid-Brown,0,Orlando City,12/31/2027,2028,7/2/2006,Defender,Off-Roster Homegrown,USA,Domestic,,,,,,,,,,,
Nicolás ,Rodríguez,25,Orlando City,12/31/2027,2028,4/24/2004,Midfielder,U22 Intiative,Colombia,International,,,,,,,,,,,
Rafael ,Santos,497,Orlando City,12/31/2025,2026,2/5/1998,Defender,Senior,Brazil,Domestic,,,,,,,,,,,
Rodrigo ,Schlegel,1033,Orlando City,12/31/2026,2027,4/3/1997,Defender,Senior,Argentina,Domestic,,,,,,,,,,,
Kyle ,Smith,420,Orlando City,12/31/2025,None,1/9/1992,Defender,Senior,USA,Domestic,,,,,,,,,,,
Dagur ,Thorhallsson,437,Orlando City,12/31/2026,2027,5/2/2000,Midfielder,Senior,Iceland,Domestic,,,,,,,,,,,
Thomas ,Williams,10,Orlando City,12/31/2026,2027,8/15/2004,Defender,Supplemental ,USA,Domestic,,,,,,,,,,,
Markus ,Anderson,0,Philadelphia Union,12/31/2026,2027 and 2028,12/11/2003,Midfielder,Senior,USA,Domestic,,,,,,,,,,,
Tai,Baribo,876,Philadelphia Union,12/31/2025,2026,1/15/1998,Forward,Senior,Israel,International,,,,,,,,,,,
Alejandro ,Bedoya,94,Philadelphia Union,12/31/2025,None,4/29/1987,Midfielder,Senior,USA,Domestic,,,,,,,,,,,
Andre ,Blake,810,Philadelphia Union,12/31/2026,2027,11/21/1990,Goalkeeper,Senior,Jamaica,Domestic,,,,,,,,,,,
Jesús ,Bueno,91,Philadelphia Union,12/31/2026,2027,4/15/1999,Midfielder,Senior,Venezuela,Senior,,,,,,,,,,,
Bruno ,Damiani,599,Philadelphia Union,12/31/2028,2029,4/18/2002,Forward,Young Designated Player,Uruguay,International,,,,,,,,,,,
Ben,Bender,0,Philadelphia Union,12/31/2025,None,3/7/2001,Midfielder,Supplemental,USA,Domestic,,,,,,,,,,,
Edward ,Davis,0,Philadelphia Union,12/31/2027,2028 and 2029,6/17/2006,Forward,Off-Roster Homegrown,USA,Domestic,,,,,,,,,,,
Chris ,Donovan,138,Philadelphia Union,12/31/2025,2026 and 2027,8/8/2000,Forward,Senior,USA,Domestic,,,,,,,,,,,
Ian,Glavinovich,257,Philadelphia Union,12/31/2025 (LOAN),Option to BUY,10/27/2001,Defender,Senior,Argentina,International,,,,,,,,,,,
Jakob ,Glesnes,1170,Philadelphia Union,12/31/2025,2026,3/25/1994,Defender,Senior,Norway,Domestic,,,,,,,,,,,
Nathan ,Harriel,761,Philadelphia Union,12/31/2025,2026 and 2027,4/23/2001,Defender,Senior,USA,Domestic,,,,,,,,,,,
Danley ,Jacques,1015,Philadelphia Union,12/31/2026,2027 and 2028,5/20/2000,Midfielder,Senior,Haiti,International,,,,,,,,,,,
Isaiah ,LeFlore,0,Philadelphia Union,12/31/2025,2026 and 2027,12/11/2002,Defender,Supplemental,USA,Domestic,,,,,,,,,,,
Jovan ,Lukic,997,Philadelphia Union,12/31/2026,2027 and 2028,1/20/2002,Midfielder,Senior,Yugoslavia,International,,,,,,,,,,,
Olwethu ,Makhanya,600,Philadelphia Union,12/31/2025,2026 and 2027,4/30/2004,Defender,U22 Initiative,South Africa,International,,,,,,,,,,,
Olivier ,Mbaizo,92,Philadelphia Union,12/31/2026,2027 and 2028,8/15/1997,Defender,Senior,Cameroon,Domestic,,,,,,,,,,,
Sal ,Olivas,0,Philadelphia Union,12/31/2028,2029,7/11/2006,Midfielder,Off-Roster Homegrown,USA,Domestic,,,,,,,,,,,
Christopher ,Olney Jr,0,Philadelphia Union,12/31/2028,2029,12/16/2006,Midfielder,Homegrown,USA,Domestic,,,,,,,,,,,
Neil ,Pierre,0,Philadelphia Union,12/31/2028,2029,10/9/2007,Midfielder,Off-Roster Homegrown,USA,Domestic,,,,,,,,,,,
Jeremy ,Rafanello,28,Philadelphia Union,12/31/2026,2027 and 2028,4/14/2000,Midfielder,Homegrown,USA,Domestic,,,,,,,,,,,
Andrew ,Rick,360,Philadelphia Union,12/31/2028,2029,1/30/2006,Goalkeeper,Homegrown,USA,Domestic,,,,,,,,,,,
Oliver,Semmle,0,Philadelphia Union,12/31/2025,2026,3/28/1998,Goalkeeper,Senior,Germany,International,,,,,,,,,,,
Cavan ,Sullivan,50,Philadelphia Union,12/31/2028,None,9/28/2009,Midfielder,Homegrown,USA,Domestic,,,,,,,,,,,
Quinn ,Sullivan,1070,Philadelphia Union,12/31/2027,2028,3/27/2004,Midfielder,U22 Initiative,USA,Domestic,,,,,,,,,,,
Mikael ,Uhre,668,Philadelphia Union,12/31/2025,None,9/30/1994,Forward,Designated Player,Denmark,Domestic,,,,,,,,,,,
Indiana ,Vassilev,719,Philadelphia Union,12/31/2025,2026,2/16/2001,Midfielder,Senior,USA,Domestic,,,,,,,,,,,
David ,Vazquez,0,Philadelphia Union,12/31/2027,2028,2/22/2006,Midfielder,Homegrown,USA,Domestic,,,,,,,,,,,
Kai ,Wagner,981,Philadelphia Union,12/31/2026,2027,2/15/1997,Defender,Senior,Germany,Domestic,,,,,,,,,,,
Francis ,Westfield,961,Philadelphia Union,12/31/2028,2029,12/9/2005,Midfielder,Off-Roster Homegrown,USA,Domestic,,,,,,,,,,,
Antony ,Santos,1046,Portland Timbers,12/31/2026,2027,9/8/2001,Forward,U22 Initiative,Brazil,Domestic,,,,,,,,,,,
Miguel ,Araujo,0,Portland Timbers,12/31/2025,2026,10/24/1994,Defender,Senior,Peru,International,,,,,,,,,,,
David ,Ayala,933,Portland Timbers,12/31/2025,2026,7/26/2002,Midfielder,U22 Initiative,Argentina,Domestic,,,,,,,,,,,
Claudio ,Bravo,304,Portland Timbers,12/31/2026,2027,3/13/1997,Defender,Senior,Argentina,Domestic,,,,,,,,,,,
Diego ,Chara,649,Portland Timbers,12/31/2025,2026,4/5/1986,Midfielder,Senior,Colombia,Domestic,,,,,,,,,,,
Maxime ,Crépeau,360,Portland Timbers,12/31/2025,2026,5/11/1994,Goalkeeper,Senior,Canada,Domestic,,,,,,,,,,,
David ,Da Costa,1078,Portland Timbers,12/31/2028,2029,1/5/2001,Midfielder,Designated Player,Portugal,International,,,,,,,,,,,
Jimer ,Fory,779,Portland Timbers,12/31/2028,2029,5/24/2002,Defender,Senior,Colombia,International,,,,,,,,,,,
Kevin ,Kelsy,526,Portland Timbers,12/31/2028,2029,7/27/2004,Forward,U22 Initiative,Venezuela,International,,,,,,,,,,,
Omir,Fernandez,64,Portland Timbers,12/31/2026,2027,2/8/1999,Midfielder,Senior,USA,Domestic,,,,,,,,,,,
Ariel ,Lassiter,192,Portland Timbers,12/31/2026,2027,9/27/1994,Midfielder,Senior,Costa Rica,Domestic,,,,,,,,,,,
Zac ,McGraw,241,Portland Timbers,12/31/2026,2027,6/8/1997,Defender,Senior,USA,Domestic,,,,,,,,,,,
Kamal ,Miller,909,Portland Timbers,12/31/2026,2027,5/16/1997,Defender,Senior,Canada,Domestic,,,,,,,,,,,
Eric ,Miller,293,Portland Timbers,12/31/2025,None,1/15/1993,Defender,Supplemental ,USA,Domestic,,,,,,,,,,,
Felipe ,Mora,695,Portland Timbers,12/31/2025,2026,8/2/1993,Forward,Senior,Chile,Domestic,,,,,,,,,,,
Santiago ,Moreno,870,Portland Timbers,12/31/2026,2027,4/21/2000,Forward,U22 Initiative,Colombia,Domestic,,,,,,,,,,,
Juan,Mosquera,703,Portland Timbers,12/31/2027,2028,9/5/2002,Defender,Senior,Colombia,Domestic,,,,,,,,,,,
Trey ,Muse,0,Portland Timbers,12/31/2025,2026,7/26/1999,Goalkeeper,Supplemental,USA,Domestic,,,,,,,,,,,
Joao ,Ortiz,558,Portland Timbers,12/31/2027,2028,5/1/1996,Midfielder,Senior,Ecuador,International,,,,,,,,,,,
James ,Pantemis,810,Portland Timbers,12/31/2025,2026,2/21/1997,Goalkeeper,Supplemental ,Canada,International,,,,,,,,,,,
Cristhian ,Paredes,219,Portland Timbers,12/31/2025,2026,5/18/1998,Midfielder,Senior,Paraguay,Domestic,,,,,,,,,,,
Jonathan ,Rodríguez,126,Portland Timbers,12/31/2026,2027,7/6/1993,Forward,Designated Player,Uruguay,International,,,,,,,,,,,
Ian ,Smith,290,Portland Timbers,12/31/2025,2026 and 2027 and 2028,7/16/2002,Defender,Supplemental,USA,Domestic,,,,,,,,,,,
Finn ,Surman,1056,Portland Timbers,12/31/2026,2027,9/23/2003,Defender,Senior,New Zealand,Domestic,,,,,,,,,,,
Dario ,Zuparic,90,Portland Timbers,12/31/2025,None,5/3/1992,Defender,Senior,Croatia,Domestic,,,,,,,,,,,
Forster ,Ajago,258,RSL,12/31/2025,2026 and 2027,8/16/2001,Forward,Supplemental,Ghana,International,,,,,,,,,,,
Owen ,Anderson,0,RSL,12/31/2028,2029,6/6/2007,Midfielder,Off-Roster Homegrown,USA,Domestic,,,,,,,,,,,
Lachlan,Brook,96,RSL,12/31/2025,2026 and 2027,2/8/2001,Midfielder,Senior,Australia,International,,,,,,,,,,,
Javain ,Brown,195,RSL,12/31/2025,None,3/9/1999,Defender,Senior,Jamaica,International,,,,,,,,,,,
Rafael ,Cabral,1170,RSL,12/31/2026,2027,5/20/1990,Goalkeeper,Senior,Brazil,International,,,,,,,,,,,
Emeka ,Eneli,1035,RSL,12/31/2028,2029,10/18/1999,Midfielder,Senior,USA,Domestic,,,,,,,,,,,
Zackery ,Farnsworth,0,RSL,12/31/2025,2026 and 2027 and 2028,7/13/2002,Defender,Homegrown,USA,Domestic,,,,,,,,,,,
Justen ,Glad,990,RSL,12/31/2026,2027,2/28/1997,Defender,Senior,USA,Domestic,,,,,,,,,,,
Diogo ,Gonçalves,971,RSL,12/31/2026,2027 and 2028,2/6/1997,Midfielder,Designated Player,Portugal,International,,,,,,,,,,,
William,Agada,126,RSL,12/31/2025,None,9/17/1999,Forward,Senior,Nigeria,International,,,,,,,,,,,
Zavier ,Gozo,409,RSL,12/31/2027,2028 and 2029,3/22/2007,Midfielder,Homegrown,USA,Domestic,,,,,,,,,,,
Kobi ,Henry,39,RSL,12/31/2025 (LOAN),Option to BUY,4/26/2004,Defender,Supplemental,USA,Domestic,,,,,,,,,,,
Aiden ,Hezarkhani,0,RSL,12/31/2028,2029,6/28/2007,Forward,Off-Roster Homegrown,USA,Domestic,,,,,,,,,,,
Matthew,Bell,0,RSL,12/31/2025,2026 and 2027,8/27/2002,Forward,Supplemental,Jamaica,Internnational,,,,,,,,,,,
Jesus,Barea,216,RSL,12/31/2025,2026 and 2027 and 2028,4/28/2002,Forward,Supplemental,Spain,International,,,,,,,,,,,
Bode ,Hidalgo,624,RSL,12/31/2027,2028 and 2029,2/22/2002,Midfielder,Senior,USA,Domestic,,,,,,,,,,,
Sam ,Junqua,698,RSL,12/31/2025,None,11/9/1996,Defender,Senior,USA,Domestic,,,,,,,,,,,
Alexandros ,Katranis,793,RSL,12/31/2025,2026 and 2027,5/4/1998,Defender,Senior,Greece,International,,,,,,,,,,,
Axel ,Kei,0,RSL,12/31/2025,2026,12/30/2007,Forward,Off-Roster Homegrown,Côte d'Ivoire,Domestic,,,,,,,,,,,
Max ,Kerkvliet,0,RSL,12/31/2026,2027 and 2028,10/1/2005,Goalkeeper,Supplemental,USA,Domestic,,,,,,,,,,,
Diego ,Luna,1013,RSL,12/31/2026,2027 and 2028,9/7/2003,Midfielder,U22 Initiative,USA,Domestic,,,,,,,,,,,
Zac,MacMath,0,RSL,12/31/2025,None,8/7/1991,Goalkeeper,Senior,USA,Domestic,,,,,,,,,,,
Dominik ,Marczuk,543,RSL,12/31/2027,2028,11/1/2003,Midfielder,U22 Initiative,Poland,International,,,,,,,,,,,
Omar ,Marquez,0,RSL,12/31/2028,2029 and 2030,2/21/2008,Midfielder,Off-Roster Homegrown,USA,Domestic,,,,,,,,,,,
Luca,Moisa,0,RSL,12/31/2027,2028,4/20/2008,Midfielder,Off-Roster Homegrown,USA,Domestic,,,,,,,,,,,
Braian,Ojeda,1057,RSL,12/31/2025,2026 and 2027,6/27/2000,Midfielder,Senior,Paraguay,International,,,,,,,,,,,
Noel,Caliskan,,RSL,,,,,,,,,,,,,,,,,,
Johnny,Russell,0,RSL,12/31/2025,,4/8/1990,Forward,Senior,Scotland,Domestic,,,,,,,,,,,
Nelson ,Palacio,195,RSL,12/31/2026,2027 and 2028,6/16/2001,Midfielder,U22 Initiative,Colombia,International,,,,,,,,,,,
Ariath ,Piol,574,RSL,12/31/2027,2028 and 2029,10/11/2004,Forward,U22 Initiative,Australia,International,,,,,,,,,,,
Philip ,Quinton,539,RSL,12/31/2025,2026,11/16/1999,Defender,Supplemental,USA,Domestic,,,,,,,,,,,
Luis ,Rivera,0,RSL,12/31/2026,2027,12/1/2007,Defender,Off-Roster Homegrown,USA,Domestic,,,,,,,,,,,
Pablo ,Ruiz,195,RSL,12/31/2026,2027 and 2028,12/20/1998,Midfielder,Senior,Argentina,Domestic,,,,,,,,,,,
Tommy ,Silva,0,RSL,12/31/2025,2026 and 2027,2/21/2002,Defender,Homegrown,USA,Domestic,,,,,,,,,,,
Mason ,Stajduhar,0,RSL,12/31/2025,2026,12/2/1997,Goalkeeper,Supplemental,USA,Domestic,,,,,,,,,,,
Brayan,Vera,602,RSL,12/31/2025,2026 and 2027,1/15/1999,Defender,Senior,Colombia,Domestic,,,,,,,,,,,
Gio ,Villa,0,RSL,12/31/2028,2029 and 2030,1/3/2008,Defender,Off-Roster Homegrown,USA,Domestic,,,,,,,,,,,
Tyler ,Wolff,202,RSL,12/31/2026,2027 and 2028,2/13/2003,Midfielder,Supplemental,USA,Domestic,,,,,,,,,,,
Jude,Wellings,0,RSL,12/31/2025,2026,4/26/2006,Midfielder,Off-Roster Homegrown,USA,Domestic,,,,,,,,,,,
Cristian ,Arango,1092,SJ Earthquakes,12/31/2026,2027,3/9/1995,Forward,Designated Player,Colombia,Domestic,,,,,,,,,,,
Ousseni ,Bouda,558,SJ Earthquakes,12/31/2025,None,4/28/2000,Forward,Supplemental,Burkina Faso,Domestic,,,,,,,,,,,
Vítor ,Costa,608,SJ Earthquakes,12/31/2025,2026,7/1/1994,Defender,Senior,Brazil,International,,,,,,,,,,,
Beau,Leroux,964,SJ Earthquakes,12/31/2025,2026 and 2027 and 2028,8/31/2003,Midfielder,Supplemental,USA,Domestic,,,,,,,,,,,
Chance,Cowell,0,SJ Earthquakes,12/31/2027,2028,7/5/2008,Forward,Off-Roster Homegrown,USA,Domestic,,,,,,,,,,,
Daniel,Britto,1010,SJ Earthquakes,12/31/2026,2027 and 2028,5/6/1994,Goalkeeper,Senior,Brazil,International,,,,,,,,,,,
Cruz,Medina,0,SJ Earthquakes,12/31/2026,2027,9/24/2006,Midfielder,Off-Roster Homegrown,USA,Domestic,,,,,,,,,,,
Edwyn,Mendoza,0,SJ Earthquakes,12/31/2027,2028,5/3/2006,Midfielder,Off-Roster Homegrown,USA,Domestic,,,,,,,,,,,
Kaedren ,Spivey,0,SJ Earthquakes,12/31/2028,2029,5/28/2009,Midfielder,Off-Roster Homegrown,USA,Domestic,,,,,,,,,,,
Earl ,Edwards Jr.,160,SJ Earthquakes,12/31/2025,2026,1/24/1992,Goalkeeper,Senior,USA,Domestic,,,,,,,,,,,
Wilson ,Eisner,0,SJ Earthquakes,12/31/2025,2026 and 2027 and 2028,5/3/2002,Defender,Off-Roster Homegrown,USA,Domestic,,,,,,,,,,,
Cristian ,Espinoza,1160,SJ Earthquakes,12/31/2025,2026,4/3/1995,Midfielder,Designated Player,Argentina,Domestic,,,,,,,,,,,
Nick ,Fernandez,0,SJ Earthquakes,12/31/2025,2026 and 2027 and 2028,12/22/2001,Midfielder,Supplemental,USA,Domestic,,,,,,,,,,,
Ian ,Harkes,994,SJ Earthquakes,12/31/2026,2027,3/30/1995,Midfielder,Senior,USA,Domestic,,,,,,,,,,,
Preston ,Judd,236,SJ Earthquakes,12/31/2026,2027,5/28/1999,Forward,Supplemental,USA,Domestic,,,,,,,,,,,
DeJuan,Jones,295,SJ Earthquakes,12/31/2027,None,6/4/1997,Defender,Senior,USA,Domestic,DeJuan,Jones,247,Columbus Crew,12/31/2027,None,6/4/1997,Defender,Senior,USA,Domestic
Mark,Anthony-Kaye,316,SJ Earthquakes,12/31/2025,2026,12/2/1994,Midfielder,Senior,Canada,Domestic,,,,,,,,,,,
Benji ,Kikanović,0,SJ Earthquakes,12/31/2025,2026,1/6/2000,Forward,Senior,USA,Domestic,,,,,,,,,,,
Nick ,Lima,183,SJ Earthquakes,12/31/2026,2027,11/17/1994,Defender,Senior,USA,Domestic,,,,,,,,,,,
Hernán ,López,131,SJ Earthquakes,12/31/2026,2027 and 2028,9/7/2000,Midfielder,Designated Player,Argentina,International,,,,,,,,,,,
Paul ,Marie,0,SJ Earthquakes,12/31/2026,None,3/24/1995,Defender,Senior,France,Domestic,,,,,,,,,,,
Josef ,Martínez,661,SJ Earthquakes,12/31/2025,2026,5/19/1993,Forward,Senior,Venezuela,Domesitc,,,,,,,,,,,
Max,Floriani ,185,SJ Earthquakes,12/31/2025,2026 and 2027 and 2028,2/6/2003,Defender,Supplemental ,USA,Domestic,,,,,,,,,,,
Francesco ,Montali,0,SJ Earthquakes,12/31/2025,2026 and 2027,9/6/2000,Goalkeeper,Supplemental,USA,Domestic,,,,,,,,,,,
Daniel ,Munie,482,SJ Earthquakes,12/31/2025,2026,2/10/2000,Defender,Senior,USA,Domestic,,,,,,,,,,,
Amahl ,Pellegrino,295,SJ Earthquakes,12/31/2025,None,6/18/1990,Forward,Senior,Norway,International,,,,,,,,,,,
Jamar ,Ricketts,400,SJ Earthquakes,12/31/2025,2026 and 2027,10/24/2001,Defender,Supplemental ,USA,Domestic,,,,,,,,,,,
Rodrigues,,834,SJ Earthquakes,12/31/2025,2026,10/10/1997,Defender,Senior,Brazil,International,,,,,,,,,,,
Dave ,Romney,1170,SJ Earthquakes,12/31/2026,2027,6/12/1993,Defender,Senior,USA,Domestic,,,,,,,,,,,
Jack ,Skahan,6,SJ Earthquakes,12/31/2025,2026,2/7/1998,Midfielder,Senior,USA,Domestic,,,,,,,,,,,
Niko ,Tsakiris,240,SJ Earthquakes,12/31/2025,2026,6/19/2005,Midfielder,Homegrown,USA,Domestic,,,,,,,,,,,
Reid,Roberts,107,SJ Earthquakes,12/31/2025,2026 and 2027 and 2028,12/9/2003,Defender,Spplemental,USA,Domestic,,,,,,,,,,,
Noel,Buck,20,SJ Earthquakes,12/31/2025,2026,4/5/2005,Midfielder,U22 Intiative,USA,Domestic,,,,,,,,,,,
Bruno,Wilson,720,SJ Earthquakes,12/31/2025,2026,12/27/1996,Defender,Senior,Portugal,International,,,,,,,,,,,
Cody,Baker,16,Seattle Sounders,12/31/2026,2027 and 2028,1/7/2004,Defender,Homegrown,USA,Domestic,,,,,,,,,,,
Reed,Whiting,117,Seattle Sounders,12/31/2025,None,3/31/2005,Midfielder,Homegrown,USA,Domestic,,,,,,,,,,,
Jonathan,Bell,375,Seattle Sounders,12/31/2025,None,8/26/1997,Defender,Senior,USA,Domestic,,,,,,,,,,,
Jacob,Castro,0,Seattle Sounders,12/31/2025,2026,12/18/1999,Goalkeeper,Homegrown,USA,Domestic,,,,,,,,,,,
Jesús,Ferreira,741,Seattle Sounders,12/31/2027,2028 and 2029,12/24/2000,Forward,Senior,USA,Domestic,,,,,,,,,,,
Stefan,Frei,990,Seattle Sounders,12/31/2025,None,4/20/1986,Goalkeeper,Senior,Switzerland,Domestic,,,,,,,,,,,
Yéimar,Andrade,994,Seattle Sounders,12/31/2025,2026,6/30/1992,Defender,Senior,Colombia,Domestic,,,,,,,,,,,
Stuart,Hawkins,7,Seattle Sounders,12/31/2026,2027 and 2028,9/18/2006,Defender,Homegrown,USA,Domestic,,,,,,,,,,,
Kim,Kee-hee,450,Seattle Sounders,12/31/2025,2026,7/13/1989,Defender,Senior,South Korea,International,,,,,,,,,,,
Danny,Leyva,348,Seattle Sounders,12/31/2026,2027,5/5/2003,Midfielder,Senior,USA,Domestic,,,,,,,,,,,
Georgi,Minoungou,365,Seattle Sounders,12/31/2028,2029,7/25/2002,Forward,Senior,Côte d'Ivoire,International,,,,,,,,,,,
João,Paulo,314,Seattle Sounders,12/31/2025,2026,3/8/1991,Midfielder,Senior,Brazil,Domestic,,,,,,,,,,,
Jordan,Morris,288,Seattle Sounders,12/31/2027,None,10/26/1994,Forward,Designated Player,USA,Domestic,,,,,,,,,,,
Danny,Musovski,544,Seattle Sounders,12/31/2025,2026,11/30/1995,Forward,Senior,USA,Domestic,,,,,,,,,,,
Osaze,De Rosario,,Seattle Sounders,12/31/2025,2026 and 2027,7/19/2001,Forward,Supplemental,USA,Domestic,,,,,,,,,,,
Kalani,Kossa-Rienzi,501,Seattle Sounders,12/31/2025,2026 and 2027,6/27/2002,Defender,Supplemental,USA,Domestic,,,,,,,,,,,
Ryan,Kent,143,Seattle Sounders,12/31/2025,2026,11/11/1996,Midfielder,Senior,England,International,,,,,,,,,,,
Jackson,Ragen,606,Seattle Sounders,12/31/2027,2028,9/24/1998,Defender,Senior,USA,Domestic,,,,,,,,,,,
Cristian,Roldan,998,Seattle Sounders,12/31/2027,None,6/3/1995,Midfielder,Senior,USA,Domestic,,,,,,,,,,,
Alex,Roldan,642,Seattle Sounders,12/31/2026,2027,7/28/1996,Defender,Senior,USA,Domestic,,,,,,,,,,,
Paul,Rothrock,973,Seattle Sounders,12/31/2025,None,1/9/1999,Forward,Supplemental,USA,Domestic,,,,,,,,,,,
Albert,Rusnák,798,Seattle Sounders,12/31/2026,2027,7/7/1994,Midfielder,Designated Player,Slovakia,Domestic,,,,,,,,,,,
Travian,Sousa,0,Seattle Sounders,12/31/2025,None,9/19/2001,Defender,Supplemental,USA,Domestic,,,,,,,,,,,
Andrew,Thomas,180,Seattle Sounders,12/31/2027,2028 and 2029,9/1/1998,Goalkeeper,Senior,Russia,Domestic,,,,,,,,,,,
Nouhou,Tolo,959,Seattle Sounders,12/31/2025,2026,6/23/1997,Defender,Senior,Cameroon,Domestic,,,,,,,,,,,
Obed,Vargas,887,Seattle Sounders,12/31/2025,2026,8/5/2005,Midfielder,Homegrown,USA,Domestic,,,,,,,,,,,
Pedro,de la Vega,466,Seattle Sounders,12/31/2027,2028,2/7/2001,Forward,Designated Player,Argentina,International,,,,,,,,,,,
John,Pulskamp,1170,Sporting KC,12/31/2025,2026,4/19/2001,Goalkeeper,Senior,USA,Domestic,,,,,,,,,,,
Ian,James,0,Sporting KC,12/31/2027,2028 and 2029,6/6/2008,Defender,Homegrown,USA,Domestic,,,,,,,,,,,
Andrew,Brody,228,Sporting KC,12/31/2025,None,5/3/1995,Defender,Supplemental,USA,Domestic,,,,,,,,,,,
Robert,Voloder,766,Sporting KC,12/31/2025,None,5/9/2001,Defender,U22 Initiative,Germany,Domestic,,,,,,,,,,,
Dany,Rosero,161,Sporting KC,12/31/2025,2026,10/6/1993,Defender,Senior,Colombia,Domestic,,,,,,,,,,,
Nemanja,Radoja,749,Sporting KC,12/31/2025,2026,2/6/1993,Midfielder,Senior,Serbia,Domestic,,,,,,,,,,,
Santiago ,Munoz,9,Sporting KC,12/31/2025 (LOAN),Option to BUY,8/14/2002,Forward,Senior,USA & Mexico,Domestic,,,,,,,,,,,
Memo,Rodríguez,268,Sporting KC,12/31/2025,None,12/27/1995,Midfielder,Senior,USA,Domestic,,,,,,,,,,,
Dejan,Joveljic,1087,Sporting KC,12/31/2027,2028,8/7/1999,Forward,Designated Player,Bosnia and Herzegovina,International,,,,,,,,,,,
Dániel,Sallói,844,Sporting KC,12/31/2026,None,7/19/1996,Forward,Senior,Hungary,Domestic,,,,,,,,,,,
Khiry,Shelton,435,Sporting KC,12/31/2025,2026,6/26/1993,Forward,Senior,USA,Domestic,,,,,,,,,,,
Jack,Kortkamp,0,Sporting KC,12/31/2027,2028 and 2029,1/28/2008,Goalkeeper,Homegrown,Canada,Domestic,,,,,,,,,,,
Mason,Toye,20,Sporting KC,12/31/2025,2026,10/16/1998,Forward,Senior,USA,Domestic,,,,,,,,,,,
Tim,Leibold,273,Sporting KC,12/31/2025,2026,11/30/1993,Defender,Senior,Germany,Domestic,,,,,,,,,,,
Jansen,Miller,945,Sporting KC,12/31/2025,2026 and 2027 and 2028,2/10/2002,Defender,Supplemental,USA,Domestic,,,,,,,,,,,
Jacob,Bartlett,724,Sporting KC,12/31/2027,2028 and 2029,10/7/2005,Midfielder,Homegrown,USA,Domestic,,,,,,,,,,,
Jake,Davis,814,Sporting KC,12/31/2027,2028,1/3/2002,Midfielder,Senior,USA,Domestic,,,,,,,,,,,
Logan,Ndenbe,820,Sporting KC,12/31/2025,None,2/9/2000,Defender,U22 Initiative,Belgium,Domestic,,,,,,,,,,,
Manu,García,1116,Sporting KC,12/31/2027,2028,1/2/1998,Midfielder,Designated Player,Spain,International,,,,,,,,,,,
Zorhan,Bassong,419,Sporting KC,12/31/2025,2026,5/7/1999,Defender,Senior,Canada,International,,,,,,,,,,,
Joaquín,Fernández,558,Sporting KC,12/31/2025,None,5/31/1996,Defender,Senior,Spain,International,,,,,,,,,,,
Erik,Thommy,564,Sporting KC,12/31/2025,None,8/20/1994,Midfielder,Senior,Germany,Domestic,,,,,,,,,,,
Stephen,Afrifa,6,Sporting KC,12/31/2025,2026,2/19/2001,Forward,Senior,Canada,Domestic,,,,,,,,,,,
Ryan,Schewe,0,Sporting KC,12/31/2025,2026 and 2027,3/8/2002,Goalkeeper,Supplemental,USA,Domestic,,,,,,,,,,,
Shapi,Suleymanov,888,Sporting KC,12/31/2026,2027 and 2028,12/16/1999,Forward,Senior,Russia,International,,,,,,,,,,,
Rasmus,Alm,0,St Louis City SC,12/31/2025,2026,8/17/1995,Midfielder,Senior,Sweden,International,,,,,,,,,,,
Timo,Baumgartl,535,St Louis City SC,12/31/2026,2027,3/4/1996,Defender,Senior,Germany,International,,,,,,,,,,,
Simon,Becher,498,St Louis City SC,12/31/2026,2027 and 2028,7/20/1999,Forward,Senior,USA,Domestic,,,,,,,,,,,
Roman,Bürki,360,St Louis City SC,12/31/2025,None,11/14/1990,Goalkeeper,Senior,Switzerland,International,,,,,,,,,,,
Chris,Durkin,343,St Louis City SC,12/31/2025,2026,2/8/2000,Midfielder,U22 Initiative,USA,Domestic,,,,,,,,,,,
Tyson,Pearce,0,St Louis City SC,12/31/2027,2028,8/12/2007,Midfielder,Off-Roster Homegrown,USA,Domestic,,,,,,,,,,,
Jake,Reich,8,St Louis City SC,12/31/2027,2028,5/26/2004,Midfielder,U22 Initiative,Australia,Domestic,,,,,,,,,,,
Caden,Glover,0,St Louis City SC,12/31/2027,None,3/8/2007,Forward,Homegrown,USA,Domestic,,,,,,,,,,,
Marcel,Hartel,1163,St Louis City SC,6/2028,2028,1/19/1996,Midfielder,Designated Player,Germany,International,,,,,,,,,,,
Kyle,Hiebert,1134,St Louis City SC,12/31/2026,2027,7/30/1997,Defender,Senior,Canada,Domestic,,,,,,,,,,,
Jannes,Horn,725,St Louis City SC,6/2025 (Loan),Option to BUY,2/6/1997,Defender,Senior,Germany,International,,,,,,,,,,,
Mykhi ,Joyner,68,St Louis City SC,12/31/2028,2029,8/30/2006,Midfielder,Off-Roster Homegrown,USA,Domestic,,,,,,,,,,,
Henry,Kessler,732,St Louis City SC,12/31/2025,2026,6/25/1998,Defender,Senior,USA,Domestic,,,,,,,,,,,
João,Klauss,764,St Louis City SC,12/31/2025,2026,3/1/1997,Forward,Designated Player,Brazil,International,,,,,,,,,,,
Ben,Lundt,810,St Louis City SC,12/31/2025,None,9/24/1995,Goalkeeper,Supplemental,Germany,Domestic,,,,,,,,,,,
Eduard,Löwen,369,St Louis City SC,12/31/2026,2027,1/28/1997,Midfielder,Senior,Germany,Domestic,,,,,,,,,,,
Alfredo,Morales,522,St Louis City SC,12/31/2025,2026,5/12/1990,Midfielder,Senior,Germany,Domestic,,,,,,,,,,,
Joakim,Nilsson,132,St Louis City SC,12/31/2026,2027,2/6/1994,Defender,Senior,Sweden,Domestic,,,,,,,,,,,
Christian,Olivares,0,St Louis City SC,12/31/2025,2026 and 2027,2/4/2002,Goalkeeper,Supplemental,USA,Domestic,,,,,,,,,,,
Tomas,Ostrak,372,St Louis City SC,12/31/2026,2027,2/5/2000,Midfielder,Senior,Czech Republic,Domestic,,,,,,,,,,,
Célio,Pompeu,418,St Louis City SC,12/31/2026,2027,12/10/1999,Midfielder,Senior,Brazil,Domestic,,,,,,,,,,,
Xande,Silva,63,St Louis City SC,12/31/2025,2026,3/16/1997,Winger,Senior,Portugal,International,,,,,,,,,,,
Jayden,Reid,17,St Louis City SC,12/31/2025,2026,8/29/2001,Defender,Supplemental,USA,Domestic,,,,,,,,,,,
Cedric,Teuchert,683,St Louis City SC,6/31/2026,2026,1/14/1997,Forward,Senior,Germany,Domestic,,,,,,,,,,,
Tomas,Totland,337,St Louis City SC,12/31/2026,2027,9/28/1999,Defender,Senior,Norway,Domestic,,,,,,,,,,,
Conrad,Wallem,1007,St Louis City SC,12/31/2025(LOAN),Option to BUY,6/9/2000,Midfielder,Senior,Norway,International,,,,,,,,,,,
Miguel,Perez,,St Louis City SC,12/31/2025,2026 and 2027,4/28/2005,Midfielder,Homegrown,USA,Domestic,,,,,,,,,,,
Akil,Watts,952,St Louis City SC,12/31/2025,2026,2/4/2000,Midfielder,Supplemental,USA,Domestic,,,,,,,,,,,
Michael,Wentzel,0,St Louis City SC,12/31/2025,2026,4/10/2002,Defender,Supplemental,USA,Domestic,,,,,,,,,,,
Josh,Yaro,815,St Louis City SC,12/31/2025,2026,11/18/1994,Defender,Supplemental,Ghana,Domestic,,,,,,,,,,,
Joey,Zalinsky,12,St Louis City SC,12/31/2025,2026 and 2027 and 2028,1/3/2003,Defender,Supplemental,USA,Domestic,,,,,,,,,,,
Federico,Bernardeschi,1121,Toronto FC,12/31/2026,2027 and 2028,2/16/1994,Midfielder,Designated Player,Italy,International,,,,,,,,,,,
Lorenzo,Insigne,614,Toronto FC,6/1/2026,2026,6/4/1991,Forward,Designated Player,Italy,International,,,,,,,,,,,
Ola,Brynhildsen,385,Toronto FC,12/31/2025(LOAN),Option to BUY,4/27/1999,Forward,Senior,Norway,International,,,,,,,,,,,
Deybi,Flores,878,Toronto FC,12/31/2025,2026,6/16/1996,Midfielder,Senior,Honduras,International,,,,,,,,,,,
Sean ,Johnson,1170,Toronto FC,12/31/2025,2026,5/31/1989,Goalkeeper,Senior,USA,Domestic,,,,,,,,,,,
Richie,Laryea,112,Toronto FC,12/31/2026,2027,1/7/1995,Midfielder,Senior,Canada,Domestic,,,,,,,,,,,
Jonathan,Osorio,807,Toronto FC,12/31/2026,None,6/12/1992,Midfielder,Senior,Canada,Domestic,,,,,,,,,,,
Raoul,Petretta,734,Toronto FC,12/31/2025,2026,3/24/1997,Defender,Senior,Turkey,International,,,,,,,,,,,
Sigurd,Rosted,899,Toronto FC,12/31/2025,2026,6/22/1994,Defender,Senior,Norway,International,,,,,,,,,,,
Alonso,Coello,700,Toronto FC,12/31/2027,2028,10/12/1999,Midfielder,Senior,Spain,International,,,,,,,,,,,
Theo,Corbeanu,773,Toronto FC,12/31/2025(LOAN),Option to BUY,5/17/2002,Forward,Senior,Canada,Domestic,,,,,,,,,,,
Derrick ,Etienne Jr,314,Toronto FC,12/31/2025,2026 and 2027,11/25/1996,Forward,Senior,USA,Domestic,,,,,,,,,,,
Luka,Gavran,0,Toronto FC,12/31/2027,2028,5/9/2000,Goalkeeper,Senior,Canada,Domestic,,,,,,,,,,,
Kevin,Long,854,Toronto FC,12/31/2025,None,8/18/1990,Defender,Senior,Ireland,International,,,,,,,,,,,
Maxime,Dominguez,156,Toronto FC,12/31/2025(LOAN),Option to Buy,2/1/1996,Midfielder,Senior,Switzerland,International,,,,,,,,,,,
Matty,Longstaff,365,Toronto FC,12/31/2025,2026,3/21/2000,Midfielder,Senior,England,International,,,,,,,,,,,
Zane,Monlouis,289,Toronto FC,12/31/2026,2027 and 2028,10/16/2003,Defender,Senior,England,International,,,,,,,,,,,
Henry,Wingo,225,Toronto FC,12/31/2026,2027,10/4/1995,Midfielder,Senior,USA,Domestic,,,,,,,,,,,
Markus,Cimermancic,220,Toronto FC,12/31/2026,2027 and 2028,10/1/2004,Midfielder,Homegrown,Canada,Domestic,,,,,,,,,,,
Nathaniel,Edwards,0,Toronto FC,12/31/2025,2026 and 2027,10/18/2002,Defender,Supplemental,Canada,Domestic,,,,,,,,,,,
Kobe,Franklin,69,Toronto FC,12/31/2025,2026,5/10/2003,Defender,Homegrown,Canada,Domestic,,,,,,,,,,,
Nicksoen,Gomis,481,Toronto FC,12/31/2025,2026 and 2027,3/15/2002,Defender,Supplemental,France,International,,,,,,,,,,,
Deandre,Kerr,223,Toronto FC,12/31/2025,2026,11/29/2002,Forward,Homegrown,Canada,Domestic,,,,,,,,,,,
Charlie,Sharp,98,Toronto FC,12/31/2025,2026 and 2027,6/23/2001,Forward,Supplemental,Canada,Domestic,,,,,,,,,,,
Tyrese,Spicer,341,Toronto FC,12/31/2025,2026 and 2027,12/4/2000,Midfielder,Supplemental,Trinidad & Tobago,International,,,,,,,,,,,
Kosi,Thompson,881,Toronto FC,12/31/2025,2026,1/27/2003,Midfielder,Homegrown,Canada,Domestic,,,,,,,,,,,
Adisa,De Rosario,0,Toronto FC,12/31/2026,2027 and 2028,10/27/2004,Goalkeeper,Off-Roster Homegrown,USA,Domestic,,,,,,,,,,,
Lazar,Stefanovic,161,Toronto FC,12/31/2028,2029,8/10/2006,Defender,Off-Roster Homegrown,USA,Domestic,,,,,,,,,,,
Andres,Cubas,803,Vancouver Whitecaps,12/31/2026,2027,5/11/1996,Midfielder,Designated Player,Argentina,International,,,,,,,,,,,
Ryan,Gauld,199,Vancouver Whitecaps,12/31/2027,None,12/16/1995,Midfielder,Designated Player,Scotland,International,,,,,,,,,,,
Edier,Ocampo,678,Vancouver Whitecaps,12/31/2027,2028,10/3/2003,Defender,U22 Initiative,Colombia,International,,,,,,,,,,,
Pedro,Vite,773,Vancouver Whitecaps,12/31/2025,None,3/9/2002,Midfielder,U22 Initiative,Ecuador,International,,,,,,,,,,,
Sam,Adekugbe,172,Vancouver Whitecaps,12/31/2026,2027,1/16/1995,Defender,Senior,Canada,Domestic,,,,,,,,,,,
Tristan,Blackmon,905,Vancouver Whitecaps,12/31/2027,None,8/12/1996,Defender,Senior,USA,Domestic,,,,,,,,,,,
Mathias,Laborda,529,Vancouver Whitecaps,12/31/2025,2026,9/15/1999,Defender,Senior,Uruguay,International,,,,,,,,,,,
Emmanuel,Sabbi,381,Vancouver Whitecaps,12/31/2027,2028,12/24/1997,Forward,Senior,USA,Domestic,,,,,,,,,,,
Yohei,Takaoka,1080,Vancouver Whitecaps,12/31/2025,None,3/16/1996,Goalkeeper,Senior,Japan,International,,,,,,,,,,,
Brian,White,802,Vancouver Whitecaps,12/31/2027,None,2/3/1996,Forward,Senior,USA,Domestic,,,,,,,,,,,
Sebastian,Berhalter,844,Vancouver Whitecaps,12/31/2025,2026,5/10/2001,Midfielder,Senior,USA,Domestic,,,,,,,,,,,
Bjorn,Utvik,262,Vancouver Whitecaps,12/31/2025,2026,2/28/1996,Defender,Senior,Norway,International,,,,,,,,,,,
Damir,Kreilach,3,Vancouver Whitecaps,12/31/2025,None,4/16/1989,Midfielder,Senior,Croatia,Domestic,,,,,,,,,,,
Jayden,Nelson,466,Vancouver Whitecaps,12/31/2028,2029,9/26/2002,Forward,Senior,Canada,Domestic,,,,,,,,,,,
Daniel,Rios,411,Vancouver Whitecaps,12/31/2025(LOAN),Option to BUY,2/22/1995,Forward,Senior,Mexico,Domestic,,,,,,,,,,,
Ranko,Veselinovic,990,Vancouver Whitecaps,12/31/2026,2027,3/24/1999,Defender,Senior,Serbia,International,,,,,,,,,,,
Adrian,Zendejas,0,Vancouver Whitecaps,12/31/2025,2026,8/30/1995,Goalkeeper,Senior,USA,Domestic,,,,,,,,,,,
Ali,Ahmed,573,Vancouver Whitecaps,12/31/2025,2026,10/10/2000,Midfielder,Supplemental ,Canada,Domestic,,,,,,,,,,,
Jeevan,Badwal,123,Vancouver Whitecaps,12/31/2027,2028 and 2029,3/11/2006,Midfielder,Homegrown,Canada,Domestic,,,,,,,,,,,
Isaac,Boehmer,0,Vancouver Whitecaps,12/31/2025,None,11/20/2001,Goalkeeper,Homegrown,Canada,Domestic,,,,,,,,,,,
Giuseppe,Bovaliana,115,Vancouver Whitecaps,12/31/2026,2027 and 2028,11/11/2004,Defender,Supplemental ,Australia,International,,,,,,,,,,,
Belal,Halbouni,4,Vancouver Whitecaps,12/31/2025,2026,12/29/1999,Defender,Supplemental,Canada,Domestic,,,,,,,,,,,
Tate,Johnson,674,Vancouver Whitecaps,12/31/2027,2028 and 2029,7/10/2005,Defender,Supplemental (GA),USA,Domestic,,,,,,,,,,,
JC ,Ngando,678,Vancouver Whitecaps,12/31/2025,2026 and 2027,11/20/1999,Midfielder,Supplemental ,Cameroon,International ,,,,,,,,,,,
Ralph,Priso,344,Vancouver Whitecaps,12/31/2025,2026 and 2027,8/2/2002,Midfielder,Homegrown,Canada,Domestic,,,,,,,,,,,
Anders,Dreyer,1135,San Diego SC,12/31/2027,None,5/2/1998,Forward,Designated Player,Denmark,International,,,,,,,,,,,
Hirving,Lozano,726,San Diego SC,12/31/2028,2029 and 2030,6/30/1995,Forward,Designated Player,Mexico,Domestic,,,,,,,,,,,
Tomas,Angel,300,San Diego SC,12/31/2026,2027,2/20/2003,Forward,U22 Initiative,Colombia,International,,,,,,,,,,,
Heine,Gikling Bruseth,0,San Diego SC,12/31/2026,2027 and 2028,4/6/2004,Midfielder,U22 Initiative,Norway,International,,,,,,,,,,,
Luca,de la Torre,1005,San Diego SC,12/31/2025 (LOAN),Option to BUY,5/23/1998,Midfielder,Senior,USA,Domestic,,,,,,,,,,,
Marcus,Ingvartsen,315,San Diego SC,12/31/2027,2028 and 2029,1/4/1996,Forward,Senior,Denmark,Domestic,,,,,,,,,,,
Paddy,McNair,1045,San Diego SC,12/31/2027,2028,4/27/1995,Defender,Senior,Northern Ireland,International,,,,,,,,,,,
Andres,Reyes,44,San Diego SC,12/31/2026,2027,9/8/1999,Defender,Senior,Colombia,Domestic,,,,,,,,,,,
Onni,Valakari,730,San Diego SC,12/31/2025(LOAN),Option to BUY,8/18/1999,Midfielder,Senior,Finland,International,,,,,,,,,,,
Emmanuel,Boateng,77,San Diego SC,12/31/2025,None,1/17/1994,Midfielder,Senior,Ghana,Domestic,,,,,,,,,,,
CJ,dos Santos,1170,San Diego SC,112/31/2025,2026,8/24/2000,Goalkeeper,Senior,USA,Domestic,,,,,,,,,,,
Anibal,Godoy,897,San Diego SC,12/31/2025,2026 and 2027,2/10/1990,Midfielder,Senior,Panama,Domestic,,,,,,,,,,,
Willy,Kumado,597,San Diego SC,12/31/2026,2027 and 2028,8/16/2002,Defender,Senior,Ghana,International,,,,,,,,,,,
Jasper,Loffelsend,573,San Diego SC,12/31/2025,2026,9/10/1997,Midfielder,Senior,Germany,Domestic,,,,,,,,,,,
Christopher,McVey,1170,San Diego SC,12/31/2026,2027,4/12/1997,Defender,Senior,Sweden,Domestic,,,,,,,,,,,
Alex,Mighten,341,San Diego SC,12/31/2026,2027,4/11/2002,Forward,Senior,USA,Domestic,,,,,,,,,,,
Franco,Negri,406,San Diego SC,12/31/2025,2026,2/20/1995,Defender,Senior,Argentina,Domestic,,,,,,,,,,,
Jeppe,Tverskov,1154,San Diego SC,12/31/2026,None,3/12/1993,Midfielder,Senior,Denmark,International,,,,,,,,,,,
Alejandro,Alvarado Jr,185,San Diego SC,12/31/2026,2027 and 2028,7/29/2003,Midfielder,Supplemental,USA,Domestic,,,,,,,,,,,
Luca,Bombino,502,San Diego SC,12/31/2025(LOAN),Option to BUY,7/10/2006,Defender,Supplemental,USA,Domestic,,,,,,,,,,,
Hamady,Diop,190,San Diego SC,12/31/2025,2026,6/6/2002,Defender,Supplemental (GA),Senegal,International,,,,,,,,,,,
Manu,Duah,0,San Diego SC,12/31/2027,2028 and 2029,6/5/2005,Midfielder,Supplemental,Ghana,International,,,,,,,,,,,
Jacob,Jackson,0,San Diego SC,12/31/2025,None,4/25/2000,Goalkeeper,Supplemental,USA,Domestic,,,,,,,,,,,
Ian,Pilcher,120,San Diego SC,12/31/2025,2026 and 2027 and 2028,3/21/2003,Defender,Supplemental,USA,Domestic,,,,,,,,,,,
Pablo,Sisniega,0,San Diego SC,12/31/2025,2026 and 2027,7/6/1995,Goalkeeper,Supplemental ,Mexico,Domestic,,,,,,,,,,,
Anisse,Saidi,9,San Diego SC,12/31/2028,2029,6/20/2008,Forward,Off-Roster Homegrown,USA,Domestic,,,,,,,,,,,
Milan,Iloski,100,San Diego SC,12/31/2025 (LOAN),,7/29/1999,Forward,Senior,USA,Domestic,,,,,,,,,,,
Oscar ,Verhoeven,33,San Diego SC,12/31/2025 (LOAN),Option to BUY,5/31/2006,Defender,Homegrown,USA,Domestic,,,,,,,,,,,